{
"type": "FeatureCollection",
"name": "geo_41_5",
"crs": { "type": "name", "properties": { "name": "urn:ogc:def:crs:OGC:1.3:CRS84" } },
"features": [
{ "type": "Feature", "properties": { "ID": 4154100000001, "正式名称": "アイ薬局", "機関区分": 5, "都道府県コード": 41, "市区町村コード": 201, "所在地": "佐賀県佐賀市開成６丁目－１２３－９", "緯度": 33.270511, "経度": 130.272327, "url": "https://www.iryou.teikyouseido.mhlw.go.jp/znk-web/juminkanja/S2430/initialize?prefCd=41&kikanCd=4100000001&kikanKbn=5", "url2": "https://ai-pharmacy.info/", "内容": "アイ薬局【5:薬局】佐賀県佐賀市開成６丁目－１２３－９" }, "geometry": { "type": "Point", "coordinates": [ 130.272327, 33.270511 ] } },
{ "type": "Feature", "properties": { "ID": 4154100000002, "正式名称": "株式会社　愛敬薬局　医大前支店", "機関区分": 5, "都道府県コード": 41, "市区町村コード": 201, "所在地": "佐賀県佐賀市鍋島３丁目６番２２号", "緯度": 33.281826, "経度": 130.268569, "url": "https://www.iryou.teikyouseido.mhlw.go.jp/znk-web/juminkanja/S2430/initialize?prefCd=41&kikanCd=4100000002&kikanKbn=5", "url2": "http://www.aikei93.co.jp/", "内容": "株式会社　愛敬薬局　医大前支店【5:薬局】佐賀県佐賀市鍋島３丁目６番２２号" }, "geometry": { "type": "Point", "coordinates": [ 130.268569, 33.281826 ] } },
{ "type": "Feature", "properties": { "ID": 4154100000003, "正式名称": "株式会社　愛敬薬局　開成支店", "機関区分": 5, "都道府県コード": 41, "市区町村コード": 201, "所在地": "佐賀県佐賀市開成３丁目５－６", "緯度": 33.270532, "経度": 130.275819, "url": "https://www.iryou.teikyouseido.mhlw.go.jp/znk-web/juminkanja/S2430/initialize?prefCd=41&kikanCd=4100000003&kikanKbn=5", "url2": "http://www.aikei93.co.jp/", "内容": "株式会社　愛敬薬局　開成支店【5:薬局】佐賀県佐賀市開成３丁目５－６" }, "geometry": { "type": "Point", "coordinates": [ 130.275819, 33.270532 ] } },
{ "type": "Feature", "properties": { "ID": 4154100000004, "正式名称": "株式会社　愛敬薬局　神野支店", "機関区分": 5, "都道府県コード": 41, "市区町村コード": 201, "所在地": "佐賀県佐賀市神野東２－４－２４", "緯度": 33.265077, "経度": 130.293804, "url": "https://www.iryou.teikyouseido.mhlw.go.jp/znk-web/juminkanja/S2430/initialize?prefCd=41&kikanCd=4100000004&kikanKbn=5", "url2": "http://www.aikei93.co.jp/", "内容": "株式会社　愛敬薬局　神野支店【5:薬局】佐賀県佐賀市神野東２－４－２４" }, "geometry": { "type": "Point", "coordinates": [ 130.293804, 33.265077 ] } },
{ "type": "Feature", "properties": { "ID": 4154100000005, "正式名称": "株式会社　愛敬薬局高木町支店", "機関区分": 5, "都道府県コード": 41, "市区町村コード": 201, "所在地": "佐賀県佐賀市高木町５－１２", "緯度": 33.255794, "経度": 130.306867, "url": "https://www.iryou.teikyouseido.mhlw.go.jp/znk-web/juminkanja/S2430/initialize?prefCd=41&kikanCd=4100000005&kikanKbn=5", "url2": "http://www.aikei93.co.jp/", "内容": "株式会社　愛敬薬局高木町支店【5:薬局】佐賀県佐賀市高木町５－１２" }, "geometry": { "type": "Point", "coordinates": [ 130.306867, 33.255794 ] } },
{ "type": "Feature", "properties": { "ID": 4154100000006, "正式名称": "株式会社　愛敬薬局　中央支店", "機関区分": 5, "都道府県コード": 41, "市区町村コード": 201, "所在地": "佐賀県佐賀市中央本町３－９", "緯度": 33.254233, "経度": 130.300467, "url": "https://www.iryou.teikyouseido.mhlw.go.jp/znk-web/juminkanja/S2430/initialize?prefCd=41&kikanCd=4100000006&kikanKbn=5", "url2": "http://www.aikei93.co.jp/", "内容": "株式会社　愛敬薬局　中央支店【5:薬局】佐賀県佐賀市中央本町３－９" }, "geometry": { "type": "Point", "coordinates": [ 130.300467, 33.254233 ] } },
{ "type": "Feature", "properties": { "ID": 4154100000007, "正式名称": "株式会社　愛敬薬局　兵庫支店", "機関区分": 5, "都道府県コード": 41, "市区町村コード": 201, "所在地": "佐賀県佐賀市兵庫南３－１－３", "緯度": 33.265036, "経度": 130.322658, "url": "https://www.iryou.teikyouseido.mhlw.go.jp/znk-web/juminkanja/S2430/initialize?prefCd=41&kikanCd=4100000007&kikanKbn=5", "url2": "http://www.aikei93.co.jp/", "内容": "株式会社　愛敬薬局　兵庫支店【5:薬局】佐賀県佐賀市兵庫南３－１－３" }, "geometry": { "type": "Point", "coordinates": [ 130.322658, 33.265036 ] } },
{ "type": "Feature", "properties": { "ID": 4154100000008, "正式名称": "株式会社愛敬薬局兵庫西支店", "機関区分": 5, "都道府県コード": 41, "市区町村コード": 201, "所在地": "佐賀県佐賀市兵庫南２－１５－２７", "緯度": 33.26371, "経度": 130.317023, "url": "https://www.iryou.teikyouseido.mhlw.go.jp/znk-web/juminkanja/S2430/initialize?prefCd=41&kikanCd=4100000008&kikanKbn=5", "url2": "http://www.aikei93.co.jp/", "内容": "株式会社愛敬薬局兵庫西支店【5:薬局】佐賀県佐賀市兵庫南２－１５－２７" }, "geometry": { "type": "Point", "coordinates": [ 130.317023, 33.26371 ] } },
{ "type": "Feature", "properties": { "ID": 4154100000009, "正式名称": "株式会社　愛敬薬局　松原支店", "機関区分": 5, "都道府県コード": 41, "市区町村コード": 201, "所在地": "佐賀県佐賀市松原４－３－９", "緯度": 33.25233, "経度": 130.306728, "url": "https://www.iryou.teikyouseido.mhlw.go.jp/znk-web/juminkanja/S2430/initialize?prefCd=41&kikanCd=4100000009&kikanKbn=5", "url2": "http://www.aikei93.co.jp/", "内容": "株式会社　愛敬薬局　松原支店【5:薬局】佐賀県佐賀市松原４－３－９" }, "geometry": { "type": "Point", "coordinates": [ 130.306728, 33.25233 ] } },
{ "type": "Feature", "properties": { "ID": 4154100000011, "正式名称": "ひので薬局　城北店", "機関区分": 5, "都道府県コード": 41, "市区町村コード": 201, "所在地": "佐賀県佐賀市高木瀬西１－２－１", "緯度": 33.281371, "経度": 130.290927, "url": "https://www.iryou.teikyouseido.mhlw.go.jp/znk-web/juminkanja/S2430/initialize?prefCd=41&kikanCd=4100000011&kikanKbn=5", "url2": "http://www.sunrise-company.jp", "内容": "ひので薬局　城北店【5:薬局】佐賀県佐賀市高木瀬西１－２－１" }, "geometry": { "type": "Point", "coordinates": [ 130.290927, 33.281371 ] } },
{ "type": "Feature", "properties": { "ID": 4154100000012, "正式名称": "ひので薬局　北部店", "機関区分": 5, "都道府県コード": 41, "市区町村コード": 201, "所在地": "佐賀県佐賀市高木瀬東３－４－１５", "緯度": 33.284683, "経度": 130.297225, "url": "https://www.iryou.teikyouseido.mhlw.go.jp/znk-web/juminkanja/S2430/initialize?prefCd=41&kikanCd=4100000012&kikanKbn=5", "url2": null, "内容": "ひので薬局　北部店【5:薬局】佐賀県佐賀市高木瀬東３－４－１５" }, "geometry": { "type": "Point", "coordinates": [ 130.297225, 33.284683 ] } },
{ "type": "Feature", "properties": { "ID": 4154100000013, "正式名称": "クローバ薬局", "機関区分": 5, "都道府県コード": 41, "市区町村コード": 203, "所在地": "佐賀県鳥栖市宿町１２４７番地５", "緯度": 33.380774, "経度": 130.508282, "url": "https://www.iryou.teikyouseido.mhlw.go.jp/znk-web/juminkanja/S2430/initialize?prefCd=41&kikanCd=4100000013&kikanKbn=5", "url2": null, "内容": "クローバ薬局【5:薬局】佐賀県鳥栖市宿町１２４７番地５" }, "geometry": { "type": "Point", "coordinates": [ 130.508282, 33.380774 ] } },
{ "type": "Feature", "properties": { "ID": 4154100000014, "正式名称": "川登薬局", "機関区分": 5, "都道府県コード": 41, "市区町村コード": 206, "所在地": "佐賀県武雄市東川登町永野５７８８－３", "緯度": 33.158679, "経度": 129.998944, "url": "https://www.iryou.teikyouseido.mhlw.go.jp/znk-web/juminkanja/S2430/initialize?prefCd=41&kikanCd=4100000014&kikanKbn=5", "url2": "http://www.k-medipha.co.jp/", "内容": "川登薬局【5:薬局】佐賀県武雄市東川登町永野５７８８－３" }, "geometry": { "type": "Point", "coordinates": [ 129.998944, 33.158679 ] } },
{ "type": "Feature", "properties": { "ID": 4154100000015, "正式名称": "有限会社　杏心調剤薬局", "機関区分": 5, "都道府県コード": 41, "市区町村コード": 201, "所在地": "佐賀県佐賀市三瀬村藤原３９２１－５", "緯度": 33.421109, "経度": 130.276643, "url": "https://www.iryou.teikyouseido.mhlw.go.jp/znk-web/juminkanja/S2430/initialize?prefCd=41&kikanCd=4100000015&kikanKbn=5", "url2": null, "内容": "有限会社　杏心調剤薬局【5:薬局】佐賀県佐賀市三瀬村藤原３９２１－５" }, "geometry": { "type": "Point", "coordinates": [ 130.276643, 33.421109 ] } },
{ "type": "Feature", "properties": { "ID": 4154100000016, "正式名称": "有限会社　伊勢薬局", "機関区分": 5, "都道府県コード": 41, "市区町村コード": 201, "所在地": "佐賀県佐賀市伊勢町１－８", "緯度": 33.250141, "経度": 130.29068, "url": "https://www.iryou.teikyouseido.mhlw.go.jp/znk-web/juminkanja/S2430/initialize?prefCd=41&kikanCd=4100000016&kikanKbn=5", "url2": null, "内容": "有限会社　伊勢薬局【5:薬局】佐賀県佐賀市伊勢町１－８" }, "geometry": { "type": "Point", "coordinates": [ 130.29068, 33.250141 ] } },
{ "type": "Feature", "properties": { "ID": 4154100000017, "正式名称": "有限会社　伊勢薬局　神野店", "機関区分": 5, "都道府県コード": 41, "市区町村コード": 201, "所在地": "佐賀県佐賀市神園２－７－３", "緯度": 33.263714, "経度": 130.288256, "url": "https://www.iryou.teikyouseido.mhlw.go.jp/znk-web/juminkanja/S2430/initialize?prefCd=41&kikanCd=4100000017&kikanKbn=5", "url2": null, "内容": "有限会社　伊勢薬局　神野店【5:薬局】佐賀県佐賀市神園２－７－３" }, "geometry": { "type": "Point", "coordinates": [ 130.288256, 33.263714 ] } },
{ "type": "Feature", "properties": { "ID": 4154100000018, "正式名称": "有限会社　伊勢薬局　本庄店", "機関区分": 5, "都道府県コード": 41, "市区町村コード": 201, "所在地": "佐賀県佐賀市本庄町本庄８６０番地１６", "緯度": 33.244873, "経度": 130.29132, "url": "https://www.iryou.teikyouseido.mhlw.go.jp/znk-web/juminkanja/S2430/initialize?prefCd=41&kikanCd=4100000018&kikanKbn=5", "url2": null, "内容": "有限会社　伊勢薬局　本庄店【5:薬局】佐賀県佐賀市本庄町本庄８６０番地１６" }, "geometry": { "type": "Point", "coordinates": [ 130.29132, 33.244873 ] } },
{ "type": "Feature", "properties": { "ID": 4154100000019, "正式名称": "今泉薬局　鍋島アーガス店", "機関区分": 5, "都道府県コード": 41, "市区町村コード": 201, "所在地": "佐賀県佐賀市八戸溝３丁目１２－２０", "緯度": 33.2622, "経度": 130.272736, "url": "https://www.iryou.teikyouseido.mhlw.go.jp/znk-web/juminkanja/S2430/initialize?prefCd=41&kikanCd=4100000019&kikanKbn=5", "url2": "https://41life.jp/", "内容": "今泉薬局　鍋島アーガス店【5:薬局】佐賀県佐賀市八戸溝３丁目１２－２０" }, "geometry": { "type": "Point", "coordinates": [ 130.272736, 33.2622 ] } },
{ "type": "Feature", "properties": { "ID": 4154100000020, "正式名称": "あさひ薬局　本店", "機関区分": 5, "都道府県コード": 41, "市区町村コード": 202, "所在地": "佐賀県唐津市朝日町１０５７－１９", "緯度": 33.452659, "経度": 129.963085, "url": "https://www.iryou.teikyouseido.mhlw.go.jp/znk-web/juminkanja/S2430/initialize?prefCd=41&kikanCd=4100000020&kikanKbn=5", "url2": "https://asahi-p-karatsu.com", "内容": "あさひ薬局　本店【5:薬局】佐賀県唐津市朝日町１０５７－１９" }, "geometry": { "type": "Point", "coordinates": [ 129.963085, 33.452659 ] } },
{ "type": "Feature", "properties": { "ID": 4154100000021, "正式名称": "内川薬局", "機関区分": 5, "都道府県コード": 41, "市区町村コード": 201, "所在地": "佐賀県佐賀市川副町早津江１１７－１１", "緯度": 33.20546, "経度": 130.3353, "url": "https://www.iryou.teikyouseido.mhlw.go.jp/znk-web/juminkanja/S2430/initialize?prefCd=41&kikanCd=4100000021&kikanKbn=5", "url2": null, "内容": "内川薬局【5:薬局】佐賀県佐賀市川副町早津江１１７－１１" }, "geometry": { "type": "Point", "coordinates": [ 130.3353, 33.20546 ] } },
{ "type": "Feature", "properties": { "ID": 4154100000022, "正式名称": "宇都宮薬局　諸富店", "機関区分": 5, "都道府県コード": 41, "市区町村コード": 201, "所在地": "佐賀県佐賀市諸富町大堂４５", "緯度": 33.234519, "経度": 130.370717, "url": "https://www.iryou.teikyouseido.mhlw.go.jp/znk-web/juminkanja/S2430/initialize?prefCd=41&kikanCd=4100000022&kikanKbn=5", "url2": null, "内容": "宇都宮薬局　諸富店【5:薬局】佐賀県佐賀市諸富町大堂４５" }, "geometry": { "type": "Point", "coordinates": [ 130.370717, 33.234519 ] } },
{ "type": "Feature", "properties": { "ID": 4154100000023, "正式名称": "栄城薬局", "機関区分": 5, "都道府県コード": 41, "市区町村コード": 201, "所在地": "佐賀県佐賀市城内２丁目２－６０", "緯度": 33.248683, "経度": 130.300736, "url": "https://www.iryou.teikyouseido.mhlw.go.jp/znk-web/juminkanja/S2430/initialize?prefCd=41&kikanCd=4100000023&kikanKbn=5", "url2": null, "内容": "栄城薬局【5:薬局】佐賀県佐賀市城内２丁目２－６０" }, "geometry": { "type": "Point", "coordinates": [ 130.300736, 33.248683 ] } },
{ "type": "Feature", "properties": { "ID": 4154100000024, "正式名称": "駅前第一薬局", "機関区分": 5, "都道府県コード": 41, "市区町村コード": 201, "所在地": "佐賀県佐賀市駅南本町", "緯度": 33.261054, "経度": 130.298332, "url": "https://www.iryou.teikyouseido.mhlw.go.jp/znk-web/juminkanja/S2430/initialize?prefCd=41&kikanCd=4100000024&kikanKbn=5", "url2": null, "内容": "駅前第一薬局【5:薬局】佐賀県佐賀市駅南本町" }, "geometry": { "type": "Point", "coordinates": [ 130.298332, 33.261054 ] } },
{ "type": "Feature", "properties": { "ID": 4154100000025, "正式名称": "オガサワラ薬局", "機関区分": 5, "都道府県コード": 41, "市区町村コード": 201, "所在地": "佐賀県佐賀市西与賀町厘外１５９６－２３", "緯度": 33.240196, "経度": 130.2807, "url": "https://www.iryou.teikyouseido.mhlw.go.jp/znk-web/juminkanja/S2430/initialize?prefCd=41&kikanCd=4100000025&kikanKbn=5", "url2": null, "内容": "オガサワラ薬局【5:薬局】佐賀県佐賀市西与賀町厘外１５９６－２３" }, "geometry": { "type": "Point", "coordinates": [ 130.2807, 33.240196 ] } },
{ "type": "Feature", "properties": { "ID": 4154100000026, "正式名称": "有限会社　かせ薬局", "機関区分": 5, "都道府県コード": 41, "市区町村コード": 201, "所在地": "佐賀県佐賀市嘉瀬町大字十五２３０５－２", "緯度": 33.219481, "経度": 130.25582, "url": "https://www.iryou.teikyouseido.mhlw.go.jp/znk-web/juminkanja/S2430/initialize?prefCd=41&kikanCd=4100000026&kikanKbn=5", "url2": null, "内容": "有限会社　かせ薬局【5:薬局】佐賀県佐賀市嘉瀬町大字十五２３０５－２" }, "geometry": { "type": "Point", "coordinates": [ 130.25582, 33.219481 ] } },
{ "type": "Feature", "properties": { "ID": 4154100000028, "正式名称": "くぼ薬局　医大通り店", "機関区分": 5, "都道府県コード": 41, "市区町村コード": 201, "所在地": "佐賀県佐賀市鍋島３－２－１", "緯度": 33.280358, "経度": 130.269903, "url": "https://www.iryou.teikyouseido.mhlw.go.jp/znk-web/juminkanja/S2430/initialize?prefCd=41&kikanCd=4100000028&kikanKbn=5", "url2": "http://www.kubo-pharmacy.com/", "内容": "くぼ薬局　医大通り店【5:薬局】佐賀県佐賀市鍋島３－２－１" }, "geometry": { "type": "Point", "coordinates": [ 130.269903, 33.280358 ] } },
{ "type": "Feature", "properties": { "ID": 4154100000029, "正式名称": "有限会社　久保薬局　木原店", "機関区分": 5, "都道府県コード": 41, "市区町村コード": 201, "所在地": "佐賀県佐賀市木原２丁目２３－７", "緯度": 33.241959, "経度": 130.322244, "url": "https://www.iryou.teikyouseido.mhlw.go.jp/znk-web/juminkanja/S2430/initialize?prefCd=41&kikanCd=4100000029&kikanKbn=5", "url2": "http://www.kubo-pharmacy.co.jp", "内容": "有限会社　久保薬局　木原店【5:薬局】佐賀県佐賀市木原２丁目２３－７" }, "geometry": { "type": "Point", "coordinates": [ 130.322244, 33.241959 ] } },
{ "type": "Feature", "properties": { "ID": 4154100000030, "正式名称": "久保薬局　中の小路店", "機関区分": 5, "都道府県コード": 41, "市区町村コード": 201, "所在地": "佐賀県佐賀市中の小路７－１６", "緯度": 33.252656, "経度": 130.294642, "url": "https://www.iryou.teikyouseido.mhlw.go.jp/znk-web/juminkanja/S2430/initialize?prefCd=41&kikanCd=4100000030&kikanKbn=5", "url2": "http://kubo-pharmacy.co.jp", "内容": "久保薬局　中の小路店【5:薬局】佐賀県佐賀市中の小路７－１６" }, "geometry": { "type": "Point", "coordinates": [ 130.294642, 33.252656 ] } },
{ "type": "Feature", "properties": { "ID": 4154100000031, "正式名称": "久保薬局　中町店", "機関区分": 5, "都道府県コード": 41, "市区町村コード": 201, "所在地": "佐賀県佐賀市白山１－５－２３", "緯度": 33.25446, "経度": 130.295681, "url": "https://www.iryou.teikyouseido.mhlw.go.jp/znk-web/juminkanja/S2430/initialize?prefCd=41&kikanCd=4100000031&kikanKbn=5", "url2": "http://www.kubo-pharmacy.com", "内容": "久保薬局　中町店【5:薬局】佐賀県佐賀市白山１－５－２３" }, "geometry": { "type": "Point", "coordinates": [ 130.295681, 33.25446 ] } },
{ "type": "Feature", "properties": { "ID": 4154100000032, "正式名称": "久保薬局　西与賀店", "機関区分": 5, "都道府県コード": 41, "市区町村コード": 201, "所在地": "佐賀県佐賀市西与賀町厘外８５９－１６", "緯度": 33.238535, "経度": 130.278833, "url": "https://www.iryou.teikyouseido.mhlw.go.jp/znk-web/juminkanja/S2430/initialize?prefCd=41&kikanCd=4100000032&kikanKbn=5", "url2": "http://kubo-pharmacy.co.jp", "内容": "久保薬局　西与賀店【5:薬局】佐賀県佐賀市西与賀町厘外８５９－１６" }, "geometry": { "type": "Point", "coordinates": [ 130.278833, 33.238535 ] } },
{ "type": "Feature", "properties": { "ID": 4154100000034, "正式名称": "神代薬局　木原店", "機関区分": 5, "都道府県コード": 41, "市区町村コード": 201, "所在地": "佐賀県佐賀市木原３－２－１５", "緯度": 33.23715, "経度": 130.323894, "url": "https://www.iryou.teikyouseido.mhlw.go.jp/znk-web/juminkanja/S2430/initialize?prefCd=41&kikanCd=4100000034&kikanKbn=5", "url2": "https://www.kumashiro-p.co.jp/", "内容": "神代薬局　木原店【5:薬局】佐賀県佐賀市木原３－２－１５" }, "geometry": { "type": "Point", "coordinates": [ 130.323894, 33.23715 ] } },
{ "type": "Feature", "properties": { "ID": 4154100000035, "正式名称": "神代薬局　枳小路店", "機関区分": 5, "都道府県コード": 41, "市区町村コード": 201, "所在地": "佐賀県佐賀市水ヶ江２－９－７", "緯度": 33.247142, "経度": 130.307319, "url": "https://www.iryou.teikyouseido.mhlw.go.jp/znk-web/juminkanja/S2430/initialize?prefCd=41&kikanCd=4100000035&kikanKbn=5", "url2": "http://www.kumashiro-p.co.jp/01/01_store02.html", "内容": "神代薬局　枳小路店【5:薬局】佐賀県佐賀市水ヶ江２－９－７" }, "geometry": { "type": "Point", "coordinates": [ 130.307319, 33.247142 ] } },
{ "type": "Feature", "properties": { "ID": 4154100000036, "正式名称": "神代薬局　本庄店", "機関区分": 5, "都道府県コード": 41, "市区町村コード": 201, "所在地": "佐賀県佐賀市本庄町本庄８８８－８", "緯度": 33.243632, "経度": 130.284189, "url": "https://www.iryou.teikyouseido.mhlw.go.jp/znk-web/juminkanja/S2430/initialize?prefCd=41&kikanCd=4100000036&kikanKbn=5", "url2": "https://www.kumashiro-p.co.jp/", "内容": "神代薬局　本庄店【5:薬局】佐賀県佐賀市本庄町本庄８８８－８" }, "geometry": { "type": "Point", "coordinates": [ 130.284189, 33.243632 ] } },
{ "type": "Feature", "properties": { "ID": 4154100000037, "正式名称": "神代薬局　松原店", "機関区分": 5, "都道府県コード": 41, "市区町村コード": 201, "所在地": "佐賀県佐賀市松原３－１－１３", "緯度": 33.251625, "経度": 130.305612, "url": "https://www.iryou.teikyouseido.mhlw.go.jp/znk-web/juminkanja/S2430/initialize?prefCd=41&kikanCd=4100000037&kikanKbn=5", "url2": "https://www.kumashiro-p.co.jp/", "内容": "神代薬局　松原店【5:薬局】佐賀県佐賀市松原３－１－１３" }, "geometry": { "type": "Point", "coordinates": [ 130.305612, 33.251625 ] } },
{ "type": "Feature", "properties": { "ID": 4154100000038, "正式名称": "健栄さかえ町薬局", "機関区分": 5, "都道府県コード": 41, "市区町村コード": 202, "所在地": "佐賀県唐津市栄町２５７８－１６", "緯度": 33.447382, "経度": 129.978022, "url": "https://www.iryou.teikyouseido.mhlw.go.jp/znk-web/juminkanja/S2430/initialize?prefCd=41&kikanCd=4100000038&kikanKbn=5", "url2": "http://kenkouclub21.co.jp", "内容": "健栄さかえ町薬局【5:薬局】佐賀県唐津市栄町２５７８－１６" }, "geometry": { "type": "Point", "coordinates": [ 129.978022, 33.447382 ] } },
{ "type": "Feature", "properties": { "ID": 4154100000039, "正式名称": "神代薬局　若宮店", "機関区分": 5, "都道府県コード": 41, "市区町村コード": 201, "所在地": "佐賀県佐賀市若宮１－１９－３０", "緯度": 33.270186, "経度": 130.290111, "url": "https://www.iryou.teikyouseido.mhlw.go.jp/znk-web/juminkanja/S2430/initialize?prefCd=41&kikanCd=4100000039&kikanKbn=5", "url2": "https://www.kumashiro-p.co.jp", "内容": "神代薬局　若宮店【5:薬局】佐賀県佐賀市若宮１－１９－３０" }, "geometry": { "type": "Point", "coordinates": [ 130.290111, 33.270186 ] } },
{ "type": "Feature", "properties": { "ID": 4154100000041, "正式名称": "株式会社　皇漢堂薬局", "機関区分": 5, "都道府県コード": 41, "市区町村コード": 201, "所在地": "佐賀県佐賀市呉服元町８－２４", "緯度": 33.253706, "経度": 130.305433, "url": "https://www.iryou.teikyouseido.mhlw.go.jp/znk-web/juminkanja/S2430/initialize?prefCd=41&kikanCd=4100000041&kikanKbn=5", "url2": "http://koukando.net/13/", "内容": "株式会社　皇漢堂薬局【5:薬局】佐賀県佐賀市呉服元町８－２４" }, "geometry": { "type": "Point", "coordinates": [ 130.305433, 33.253706 ] } },
{ "type": "Feature", "properties": { "ID": 4154100000042, "正式名称": "こうの薬局", "機関区分": 5, "都道府県コード": 41, "市区町村コード": 201, "所在地": "佐賀県佐賀市神野東３－７－８", "緯度": 33.266829, "経度": 130.293924, "url": "https://www.iryou.teikyouseido.mhlw.go.jp/znk-web/juminkanja/S2430/initialize?prefCd=41&kikanCd=4100000042&kikanKbn=5", "url2": null, "内容": "こうの薬局【5:薬局】佐賀県佐賀市神野東３－７－８" }, "geometry": { "type": "Point", "coordinates": [ 130.293924, 33.266829 ] } },
{ "type": "Feature", "properties": { "ID": 4154100000043, "正式名称": "コーソ薬局　佐大通り店", "機関区分": 5, "都道府県コード": 41, "市区町村コード": 201, "所在地": "佐賀県佐賀市本庄町本庄５４１ー７", "緯度": 33.244873, "経度": 130.29132, "url": "https://www.iryou.teikyouseido.mhlw.go.jp/znk-web/juminkanja/S2430/initialize?prefCd=41&kikanCd=4100000043&kikanKbn=5", "url2": "http://ko-so-kaido-pharmacy.com", "内容": "コーソ薬局　佐大通り店【5:薬局】佐賀県佐賀市本庄町本庄５４１ー７" }, "geometry": { "type": "Point", "coordinates": [ 130.29132, 33.244873 ] } },
{ "type": "Feature", "properties": { "ID": 4154100000044, "正式名称": "コーソ薬局　諸富店", "機関区分": 5, "都道府県コード": 41, "市区町村コード": 201, "所在地": "佐賀県佐賀市諸富町山領４５２－８", "緯度": 33.226833, "経度": 130.343792, "url": "https://www.iryou.teikyouseido.mhlw.go.jp/znk-web/juminkanja/S2430/initialize?prefCd=41&kikanCd=4100000044&kikanKbn=5", "url2": "http://ko-so-kaido-pharmacy.com/", "内容": "コーソ薬局　諸富店【5:薬局】佐賀県佐賀市諸富町山領４５２－８" }, "geometry": { "type": "Point", "coordinates": [ 130.343792, 33.226833 ] } },
{ "type": "Feature", "properties": { "ID": 4154100000045, "正式名称": "コーソ薬局　ラポール店", "機関区分": 5, "都道府県コード": 41, "市区町村コード": 201, "所在地": "佐賀県佐賀市川副町鹿江９５３ラポール店内", "緯度": 33.19132, "経度": 130.31949, "url": "https://www.iryou.teikyouseido.mhlw.go.jp/znk-web/juminkanja/S2430/initialize?prefCd=41&kikanCd=4100000045&kikanKbn=5", "url2": "http://ko-so-kaido-pharmacy.com/", "内容": "コーソ薬局　ラポール店【5:薬局】佐賀県佐賀市川副町鹿江９５３ラポール店内" }, "geometry": { "type": "Point", "coordinates": [ 130.31949, 33.19132 ] } },
{ "type": "Feature", "properties": { "ID": 4154100000046, "正式名称": "国立佐賀病院前　春風薬局", "機関区分": 5, "都道府県コード": 41, "市区町村コード": 201, "所在地": "佐賀県佐賀市日の出１丁目２１－１", "緯度": 33.276622, "経度": 130.293388, "url": "https://www.iryou.teikyouseido.mhlw.go.jp/znk-web/juminkanja/S2430/initialize?prefCd=41&kikanCd=4100000046&kikanKbn=5", "url2": "http://harukazeyakkyoku.co.jp/", "内容": "国立佐賀病院前　春風薬局【5:薬局】佐賀県佐賀市日の出１丁目２１－１" }, "geometry": { "type": "Point", "coordinates": [ 130.293388, 33.276622 ] } },
{ "type": "Feature", "properties": { "ID": 4154100000047, "正式名称": "佐賀北薬局", "機関区分": 5, "都道府県コード": 41, "市区町村コード": 201, "所在地": "佐賀県佐賀市高木瀬町長瀬１２４４－２", "緯度": 33.292914, "経度": 130.283192, "url": "https://www.iryou.teikyouseido.mhlw.go.jp/znk-web/juminkanja/S2430/initialize?prefCd=41&kikanCd=4100000047&kikanKbn=5", "url2": "http://sagakita.com/", "内容": "佐賀北薬局【5:薬局】佐賀県佐賀市高木瀬町長瀬１２４４－２" }, "geometry": { "type": "Point", "coordinates": [ 130.283192, 33.292914 ] } },
{ "type": "Feature", "properties": { "ID": 4154100000048, "正式名称": "さくら薬局", "機関区分": 5, "都道府県コード": 41, "市区町村コード": 201, "所在地": "佐賀県佐賀市高木瀬西２丁目１６－１４", "緯度": 33.282581, "経度": 130.287242, "url": "https://www.iryou.teikyouseido.mhlw.go.jp/znk-web/juminkanja/S2430/initialize?prefCd=41&kikanCd=4100000048&kikanKbn=5", "url2": null, "内容": "さくら薬局【5:薬局】佐賀県佐賀市高木瀬西２丁目１６－１４" }, "geometry": { "type": "Point", "coordinates": [ 130.287242, 33.282581 ] } },
{ "type": "Feature", "properties": { "ID": 4154100000049, "正式名称": "さつき薬局", "機関区分": 5, "都道府県コード": 41, "市区町村コード": 201, "所在地": "佐賀県佐賀市天神１－４－３４", "緯度": 33.258264, "経度": 130.293364, "url": "https://www.iryou.teikyouseido.mhlw.go.jp/znk-web/juminkanja/S2430/initialize?prefCd=41&kikanCd=4100000049&kikanKbn=5", "url2": "http://www.saga-kodakara.com/", "内容": "さつき薬局【5:薬局】佐賀県佐賀市天神１－４－３４" }, "geometry": { "type": "Point", "coordinates": [ 130.293364, 33.258264 ] } },
{ "type": "Feature", "properties": { "ID": 4154100000050, "正式名称": "昭栄調剤薬局", "機関区分": 5, "都道府県コード": 41, "市区町村コード": 201, "所在地": "佐賀県佐賀市長瀬町７－２６", "緯度": 33.250106, "経度": 130.281436, "url": "https://www.iryou.teikyouseido.mhlw.go.jp/znk-web/juminkanja/S2430/initialize?prefCd=41&kikanCd=4100000050&kikanKbn=5", "url2": null, "内容": "昭栄調剤薬局【5:薬局】佐賀県佐賀市長瀬町７－２６" }, "geometry": { "type": "Point", "coordinates": [ 130.281436, 33.250106 ] } },
{ "type": "Feature", "properties": { "ID": 4154100000052, "正式名称": "シンセイ薬局", "機関区分": 5, "都道府県コード": 41, "市区町村コード": 201, "所在地": "佐賀県佐賀市神園４－７－１５", "緯度": 33.269206, "経度": 130.281972, "url": "https://www.iryou.teikyouseido.mhlw.go.jp/znk-web/juminkanja/S2430/initialize?prefCd=41&kikanCd=4100000052&kikanKbn=5", "url2": null, "内容": "シンセイ薬局【5:薬局】佐賀県佐賀市神園４－７－１５" }, "geometry": { "type": "Point", "coordinates": [ 130.281972, 33.269206 ] } },
{ "type": "Feature", "properties": { "ID": 4154100000054, "正式名称": "すずな薬局　久保田店", "機関区分": 5, "都道府県コード": 41, "市区町村コード": 201, "所在地": "佐賀県佐賀市久保田町新田１１２６－６", "緯度": 33.233297, "経度": 130.239204, "url": "https://www.iryou.teikyouseido.mhlw.go.jp/znk-web/juminkanja/S2430/initialize?prefCd=41&kikanCd=4100000054&kikanKbn=5", "url2": "https://suzuna-kubota.pages.dev/", "内容": "すずな薬局　久保田店【5:薬局】佐賀県佐賀市久保田町新田１１２６－６" }, "geometry": { "type": "Point", "coordinates": [ 130.239204, 33.233297 ] } },
{ "type": "Feature", "properties": { "ID": 4154100000055, "正式名称": "そうごう薬局　佐賀兵庫店", "機関区分": 5, "都道府県コード": 41, "市区町村コード": 201, "所在地": "佐賀県佐賀市兵庫町渕１９０４－１０", "緯度": 33.282734, "経度": 130.31485, "url": "https://www.iryou.teikyouseido.mhlw.go.jp/znk-web/juminkanja/S2430/initialize?prefCd=41&kikanCd=4100000055&kikanKbn=5", "url2": null, "内容": "そうごう薬局　佐賀兵庫店【5:薬局】佐賀県佐賀市兵庫町渕１９０４－１０" }, "geometry": { "type": "Point", "coordinates": [ 130.31485, 33.282734 ] } },
{ "type": "Feature", "properties": { "ID": 4154100000057, "正式名称": "タカトリ薬局", "機関区分": 5, "都道府県コード": 41, "市区町村コード": 201, "所在地": "佐賀県佐賀市天神２－５－２", "緯度": 33.260708, "経度": 130.293496, "url": "https://www.iryou.teikyouseido.mhlw.go.jp/znk-web/juminkanja/S2430/initialize?prefCd=41&kikanCd=4100000057&kikanKbn=5", "url2": "https://www.takatori-kanpou.com/", "内容": "タカトリ薬局【5:薬局】佐賀県佐賀市天神２－５－２" }, "geometry": { "type": "Point", "coordinates": [ 130.293496, 33.260708 ] } },
{ "type": "Feature", "properties": { "ID": 4154100000058, "正式名称": "タカトリ薬局　大財店", "機関区分": 5, "都道府県コード": 41, "市区町村コード": 201, "所在地": "佐賀県佐賀市大財３－５－１２", "緯度": 33.260664, "経度": 130.302901, "url": "https://www.iryou.teikyouseido.mhlw.go.jp/znk-web/juminkanja/S2430/initialize?prefCd=41&kikanCd=4100000058&kikanKbn=5", "url2": "https://www.takatori-kanpou.com/", "内容": "タカトリ薬局　大財店【5:薬局】佐賀県佐賀市大財３－５－１２" }, "geometry": { "type": "Point", "coordinates": [ 130.302901, 33.260664 ] } },
{ "type": "Feature", "properties": { "ID": 4154100000059, "正式名称": "あんず薬局", "機関区分": 5, "都道府県コード": 41, "市区町村コード": 208, "所在地": "佐賀県小城市小城町松尾４０１０－５", "緯度": 33.297736, "経度": 130.200322, "url": "https://www.iryou.teikyouseido.mhlw.go.jp/znk-web/juminkanja/S2430/initialize?prefCd=41&kikanCd=4100000059&kikanKbn=5", "url2": "https://www.anzu-pharmacy.co.jp/", "内容": "あんず薬局【5:薬局】佐賀県小城市小城町松尾４０１０－５" }, "geometry": { "type": "Point", "coordinates": [ 130.200322, 33.297736 ] } },
{ "type": "Feature", "properties": { "ID": 4154100000060, "正式名称": "くらの薬局", "機関区分": 5, "都道府県コード": 41, "市区町村コード": 341, "所在地": "佐賀県三養基郡基山町小倉１０５８－４", "緯度": 33.428186, "経度": 130.529869, "url": "https://www.iryou.teikyouseido.mhlw.go.jp/znk-web/juminkanja/S2430/initialize?prefCd=41&kikanCd=4100000060&kikanKbn=5", "url2": null, "内容": "くらの薬局【5:薬局】佐賀県三養基郡基山町小倉１０５８－４" }, "geometry": { "type": "Point", "coordinates": [ 130.529869, 33.428186 ] } },
{ "type": "Feature", "properties": { "ID": 4154100000062, "正式名称": "株式会社ドンキー薬局", "機関区分": 5, "都道府県コード": 41, "市区町村コード": 201, "所在地": "佐賀県佐賀市巨勢町牛島５９８－１", "緯度": 33.252025, "経度": 130.321823, "url": "https://www.iryou.teikyouseido.mhlw.go.jp/znk-web/juminkanja/S2430/initialize?prefCd=41&kikanCd=4100000062&kikanKbn=5", "url2": "http://donkey.esaga.jp/", "内容": "株式会社ドンキー薬局【5:薬局】佐賀県佐賀市巨勢町牛島５９８－１" }, "geometry": { "type": "Point", "coordinates": [ 130.321823, 33.252025 ] } },
{ "type": "Feature", "properties": { "ID": 4154100000063, "正式名称": "中原薬局", "機関区分": 5, "都道府県コード": 41, "市区町村コード": 201, "所在地": "佐賀県佐賀市唐人１－２－８", "緯度": 33.258007, "経度": 130.29903, "url": "https://www.iryou.teikyouseido.mhlw.go.jp/znk-web/juminkanja/S2430/initialize?prefCd=41&kikanCd=4100000063&kikanKbn=5", "url2": null, "内容": "中原薬局【5:薬局】佐賀県佐賀市唐人１－２－８" }, "geometry": { "type": "Point", "coordinates": [ 130.29903, 33.258007 ] } },
{ "type": "Feature", "properties": { "ID": 4154100000064, "正式名称": "中原薬局　神野店", "機関区分": 5, "都道府県コード": 41, "市区町村コード": 201, "所在地": "佐賀県佐賀市神野東１ー３ー３０", "緯度": 33.262401, "経度": 130.294442, "url": "https://www.iryou.teikyouseido.mhlw.go.jp/znk-web/juminkanja/S2430/initialize?prefCd=41&kikanCd=4100000064&kikanKbn=5", "url2": null, "内容": "中原薬局　神野店【5:薬局】佐賀県佐賀市神野東１ー３ー３０" }, "geometry": { "type": "Point", "coordinates": [ 130.294442, 33.262401 ] } },
{ "type": "Feature", "properties": { "ID": 4154100000065, "正式名称": "有限会社　永松薬局", "機関区分": 5, "都道府県コード": 41, "市区町村コード": 201, "所在地": "佐賀県佐賀市中央本町１番２４号", "緯度": 33.253354, "経度": 130.301899, "url": "https://www.iryou.teikyouseido.mhlw.go.jp/znk-web/juminkanja/S2430/initialize?prefCd=41&kikanCd=4100000065&kikanKbn=5", "url2": null, "内容": "有限会社　永松薬局【5:薬局】佐賀県佐賀市中央本町１番２４号" }, "geometry": { "type": "Point", "coordinates": [ 130.301899, 33.253354 ] } },
{ "type": "Feature", "properties": { "ID": 4154100000066, "正式名称": "なべしま薬局", "機関区分": 5, "都道府県コード": 41, "市区町村コード": 201, "所在地": "佐賀県佐賀市鍋島町八戸溝１６０４－７", "緯度": 33.262635, "経度": 130.264235, "url": "https://www.iryou.teikyouseido.mhlw.go.jp/znk-web/juminkanja/S2430/initialize?prefCd=41&kikanCd=4100000066&kikanKbn=5", "url2": "https://epark.jp", "内容": "なべしま薬局【5:薬局】佐賀県佐賀市鍋島町八戸溝１６０４－７" }, "geometry": { "type": "Point", "coordinates": [ 130.264235, 33.262635 ] } },
{ "type": "Feature", "properties": { "ID": 4154100000067, "正式名称": "虹の薬局", "機関区分": 5, "都道府県コード": 41, "市区町村コード": 201, "所在地": "佐賀県佐賀市神野東４－９－２１", "緯度": 33.269673, "経度": 130.299466, "url": "https://www.iryou.teikyouseido.mhlw.go.jp/znk-web/juminkanja/S2430/initialize?prefCd=41&kikanCd=4100000067&kikanKbn=5", "url2": "http://www.saga-niji.jp/", "内容": "虹の薬局【5:薬局】佐賀県佐賀市神野東４－９－２１" }, "geometry": { "type": "Point", "coordinates": [ 130.299466, 33.269673 ] } },
{ "type": "Feature", "properties": { "ID": 4154100000068, "正式名称": "のぐち薬局医大西通店", "機関区分": 5, "都道府県コード": 41, "市区町村コード": 201, "所在地": "佐賀県佐賀市鍋島５丁目３－５", "緯度": 33.282267, "経度": 130.263364, "url": "https://www.iryou.teikyouseido.mhlw.go.jp/znk-web/juminkanja/S2430/initialize?prefCd=41&kikanCd=4100000068&kikanKbn=5", "url2": null, "内容": "のぐち薬局医大西通店【5:薬局】佐賀県佐賀市鍋島５丁目３－５" }, "geometry": { "type": "Point", "coordinates": [ 130.263364, 33.282267 ] } },
{ "type": "Feature", "properties": { "ID": 4154100000069, "正式名称": "のぞみ薬局", "機関区分": 5, "都道府県コード": 41, "市区町村コード": 201, "所在地": "佐賀県佐賀市開成１丁目４－４", "緯度": 33.268344, "経度": 130.278858, "url": "https://www.iryou.teikyouseido.mhlw.go.jp/znk-web/juminkanja/S2430/initialize?prefCd=41&kikanCd=4100000069&kikanKbn=5", "url2": null, "内容": "のぞみ薬局【5:薬局】佐賀県佐賀市開成１丁目４－４" }, "geometry": { "type": "Point", "coordinates": [ 130.278858, 33.268344 ] } },
{ "type": "Feature", "properties": { "ID": 4154100000071, "正式名称": "春風薬局", "機関区分": 5, "都道府県コード": 41, "市区町村コード": 201, "所在地": "佐賀県佐賀市兵庫南１－１２－９", "緯度": 33.262287, "経度": 130.314695, "url": "https://www.iryou.teikyouseido.mhlw.go.jp/znk-web/juminkanja/S2430/initialize?prefCd=41&kikanCd=4100000071&kikanKbn=5", "url2": "http://harukazeyakkyoku.co.jp/", "内容": "春風薬局【5:薬局】佐賀県佐賀市兵庫南１－１２－９" }, "geometry": { "type": "Point", "coordinates": [ 130.314695, 33.262287 ] } },
{ "type": "Feature", "properties": { "ID": 4154100000072, "正式名称": "有限会社ハロー薬局佐賀天神店", "機関区分": 5, "都道府県コード": 41, "市区町村コード": 201, "所在地": "佐賀県佐賀市天神２－１－２５", "緯度": 33.260282, "経度": 130.295784, "url": "https://www.iryou.teikyouseido.mhlw.go.jp/znk-web/juminkanja/S2430/initialize?prefCd=41&kikanCd=4100000072&kikanKbn=5", "url2": null, "内容": "有限会社ハロー薬局佐賀天神店【5:薬局】佐賀県佐賀市天神２－１－２５" }, "geometry": { "type": "Point", "coordinates": [ 130.295784, 33.260282 ] } },
{ "type": "Feature", "properties": { "ID": 4154100000073, "正式名称": "ひかり薬局　兵庫店", "機関区分": 5, "都道府県コード": 41, "市区町村コード": 201, "所在地": "佐賀県佐賀市兵庫町大字渕１３３３－４", "緯度": 33.274067, "経度": 130.319392, "url": "https://www.iryou.teikyouseido.mhlw.go.jp/znk-web/juminkanja/S2430/initialize?prefCd=41&kikanCd=4100000073&kikanKbn=5", "url2": "http://u-associate.com/", "内容": "ひかり薬局　兵庫店【5:薬局】佐賀県佐賀市兵庫町大字渕１３３３－４" }, "geometry": { "type": "Point", "coordinates": [ 130.319392, 33.274067 ] } },
{ "type": "Feature", "properties": { "ID": 4154100000074, "正式名称": "秀島薬局", "機関区分": 5, "都道府県コード": 41, "市区町村コード": 201, "所在地": "佐賀県佐賀市大和町大字尼寺字二本松２９０６－１", "緯度": 33.309115, "経度": 130.283366, "url": "https://www.iryou.teikyouseido.mhlw.go.jp/znk-web/juminkanja/S2430/initialize?prefCd=41&kikanCd=4100000074&kikanKbn=5", "url2": null, "内容": "秀島薬局【5:薬局】佐賀県佐賀市大和町大字尼寺字二本松２９０６－１" }, "geometry": { "type": "Point", "coordinates": [ 130.283366, 33.309115 ] } },
{ "type": "Feature", "properties": { "ID": 4154100000075, "正式名称": "ひなた薬局", "機関区分": 5, "都道府県コード": 41, "市区町村コード": 201, "所在地": "佐賀県佐賀市久保田町久保田１３０－５", "緯度": 33.248604, "経度": 130.225451, "url": "https://www.iryou.teikyouseido.mhlw.go.jp/znk-web/juminkanja/S2430/initialize?prefCd=41&kikanCd=4100000075&kikanKbn=5", "url2": null, "内容": "ひなた薬局【5:薬局】佐賀県佐賀市久保田町久保田１３０－５" }, "geometry": { "type": "Point", "coordinates": [ 130.225451, 33.248604 ] } },
{ "type": "Feature", "properties": { "ID": 4154100000076, "正式名称": "ひなた薬局　大久保店", "機関区分": 5, "都道府県コード": 41, "市区町村コード": 201, "所在地": "佐賀県佐賀市大和町川上５２８３－４", "緯度": 33.307879, "経度": 130.252403, "url": "https://www.iryou.teikyouseido.mhlw.go.jp/znk-web/juminkanja/S2430/initialize?prefCd=41&kikanCd=4100000076&kikanKbn=5", "url2": null, "内容": "ひなた薬局　大久保店【5:薬局】佐賀県佐賀市大和町川上５２８３－４" }, "geometry": { "type": "Point", "coordinates": [ 130.252403, 33.307879 ] } },
{ "type": "Feature", "properties": { "ID": 4154100000077, "正式名称": "ひので薬局　高木瀬店", "機関区分": 5, "都道府県コード": 41, "市区町村コード": 201, "所在地": "佐賀県佐賀市高木瀬東４丁目８４８－２", "緯度": 33.285468, "経度": 130.298039, "url": "https://www.iryou.teikyouseido.mhlw.go.jp/znk-web/juminkanja/S2430/initialize?prefCd=41&kikanCd=4100000077&kikanKbn=5", "url2": "http://www.sunrise-company.jp/main/", "内容": "ひので薬局　高木瀬店【5:薬局】佐賀県佐賀市高木瀬東４丁目８４８－２" }, "geometry": { "type": "Point", "coordinates": [ 130.298039, 33.285468 ] } },
{ "type": "Feature", "properties": { "ID": 4154100000079, "正式名称": "有限会社　福島薬局", "機関区分": 5, "都道府県コード": 41, "市区町村コード": 201, "所在地": "佐賀県佐賀市松原４丁目７－１４", "緯度": 33.253306, "経度": 130.305817, "url": "https://www.iryou.teikyouseido.mhlw.go.jp/znk-web/juminkanja/S2430/initialize?prefCd=41&kikanCd=4100000079&kikanKbn=5", "url2": "https://www.fukushima-pha.jp.net/", "内容": "有限会社　福島薬局【5:薬局】佐賀県佐賀市松原４丁目７－１４" }, "geometry": { "type": "Point", "coordinates": [ 130.305817, 33.253306 ] } },
{ "type": "Feature", "properties": { "ID": 4154100000080, "正式名称": "ほがらか薬局", "機関区分": 5, "都道府県コード": 41, "市区町村コード": 201, "所在地": "佐賀県佐賀市大和町久池井１０３６－５", "緯度": 33.32265, "経度": 130.2817, "url": "https://www.iryou.teikyouseido.mhlw.go.jp/znk-web/juminkanja/S2430/initialize?prefCd=41&kikanCd=4100000080&kikanKbn=5", "url2": null, "内容": "ほがらか薬局【5:薬局】佐賀県佐賀市大和町久池井１０３６－５" }, "geometry": { "type": "Point", "coordinates": [ 130.2817, 33.32265 ] } },
{ "type": "Feature", "properties": { "ID": 4154100000081, "正式名称": "三漢薬局", "機関区分": 5, "都道府県コード": 41, "市区町村コード": 201, "所在地": "佐賀県佐賀市神野東４－１－１", "緯度": 33.268806, "経度": 130.300406, "url": "https://www.iryou.teikyouseido.mhlw.go.jp/znk-web/juminkanja/S2430/initialize?prefCd=41&kikanCd=4100000081&kikanKbn=5", "url2": null, "内容": "三漢薬局【5:薬局】佐賀県佐賀市神野東４－１－１" }, "geometry": { "type": "Point", "coordinates": [ 130.300406, 33.268806 ] } },
{ "type": "Feature", "properties": { "ID": 4154100000083, "正式名称": "きらり薬局　鳥栖店", "機関区分": 5, "都道府県コード": 41, "市区町村コード": 203, "所在地": "佐賀県鳥栖市萱方町１０９－８", "緯度": 33.387903, "経度": 130.509847, "url": "https://www.iryou.teikyouseido.mhlw.go.jp/znk-web/juminkanja/S2430/initialize?prefCd=41&kikanCd=4100000083&kikanKbn=5", "url2": "https://kirari3.com", "内容": "きらり薬局　鳥栖店【5:薬局】佐賀県鳥栖市萱方町１０９－８" }, "geometry": { "type": "Point", "coordinates": [ 130.509847, 33.387903 ] } },
{ "type": "Feature", "properties": { "ID": 4154100000085, "正式名称": "山口長生堂薬局", "機関区分": 5, "都道府県コード": 41, "市区町村コード": 206, "所在地": "佐賀県武雄市朝日町甘久１８８２", "緯度": 33.212157, "経度": 130.041792, "url": "https://www.iryou.teikyouseido.mhlw.go.jp/znk-web/juminkanja/S2430/initialize?prefCd=41&kikanCd=4100000085&kikanKbn=5", "url2": null, "内容": "山口長生堂薬局【5:薬局】佐賀県武雄市朝日町甘久１８８２" }, "geometry": { "type": "Point", "coordinates": [ 130.041792, 33.212157 ] } },
{ "type": "Feature", "properties": { "ID": 4154100000086, "正式名称": "溝上薬局　医大南センター店", "機関区分": 5, "都道府県コード": 41, "市区町村コード": 201, "所在地": "佐賀県佐賀市鍋島二丁目６番７号", "緯度": 33.277795, "経度": 130.267442, "url": "https://www.iryou.teikyouseido.mhlw.go.jp/znk-web/juminkanja/S2430/initialize?prefCd=41&kikanCd=4100000086&kikanKbn=5", "url2": "http://www.miz-pharmacy.co.jp", "内容": "溝上薬局　医大南センター店【5:薬局】佐賀県佐賀市鍋島二丁目６番７号" }, "geometry": { "type": "Point", "coordinates": [ 130.267442, 33.277795 ] } },
{ "type": "Feature", "properties": { "ID": 4154100000087, "正式名称": "溝上薬局　大財店", "機関区分": 5, "都道府県コード": 41, "市区町村コード": 201, "所在地": "佐賀県佐賀市大財一丁目８番３９号", "緯度": 33.257261, "経度": 130.304597, "url": "https://www.iryou.teikyouseido.mhlw.go.jp/znk-web/juminkanja/S2430/initialize?prefCd=41&kikanCd=4100000087&kikanKbn=5", "url2": "http://www.miz-pharmacy.co.jp", "内容": "溝上薬局　大財店【5:薬局】佐賀県佐賀市大財一丁目８番３９号" }, "geometry": { "type": "Point", "coordinates": [ 130.304597, 33.257261 ] } },
{ "type": "Feature", "properties": { "ID": 4154100000088, "正式名称": "溝上薬局　空港通り店", "機関区分": 5, "都道府県コード": 41, "市区町村コード": 201, "所在地": "佐賀県佐賀市本庄町大字袋２８８番地１", "緯度": 33.238675, "経度": 130.302289, "url": "https://www.iryou.teikyouseido.mhlw.go.jp/znk-web/juminkanja/S2430/initialize?prefCd=41&kikanCd=4100000088&kikanKbn=5", "url2": "http://www.miz-pharmacy.co.jp", "内容": "溝上薬局　空港通り店【5:薬局】佐賀県佐賀市本庄町大字袋２８８番地１" }, "geometry": { "type": "Point", "coordinates": [ 130.302289, 33.238675 ] } },
{ "type": "Feature", "properties": { "ID": 4154100000089, "正式名称": "溝上薬局　県庁前林店", "機関区分": 5, "都道府県コード": 41, "市区町村コード": 201, "所在地": "佐賀県佐賀市松原１ー４ー６", "緯度": 33.252483, "経度": 130.30322, "url": "https://www.iryou.teikyouseido.mhlw.go.jp/znk-web/juminkanja/S2430/initialize?prefCd=41&kikanCd=4100000089&kikanKbn=5", "url2": "http://www.miz-pharmacy.co.jp", "内容": "溝上薬局　県庁前林店【5:薬局】佐賀県佐賀市松原１ー４ー６" }, "geometry": { "type": "Point", "coordinates": [ 130.30322, 33.252483 ] } },
{ "type": "Feature", "properties": { "ID": 4154100000090, "正式名称": "溝上薬局　兵庫店", "機関区分": 5, "都道府県コード": 41, "市区町村コード": 201, "所在地": "佐賀県佐賀市兵庫南二丁目１４番２０号", "緯度": 33.263478, "経度": 130.314939, "url": "https://www.iryou.teikyouseido.mhlw.go.jp/znk-web/juminkanja/S2430/initialize?prefCd=41&kikanCd=4100000090&kikanKbn=5", "url2": "http://www.miz-pharmacy.co.jp", "内容": "溝上薬局　兵庫店【5:薬局】佐賀県佐賀市兵庫南二丁目１４番２０号" }, "geometry": { "type": "Point", "coordinates": [ 130.314939, 33.263478 ] } },
{ "type": "Feature", "properties": { "ID": 4154100000091, "正式名称": "溝上薬局　堀川店", "機関区分": 5, "都道府県コード": 41, "市区町村コード": 201, "所在地": "佐賀県佐賀市堀川町１番１８号", "緯度": 33.250564, "経度": 130.296917, "url": "https://www.iryou.teikyouseido.mhlw.go.jp/znk-web/juminkanja/S2430/initialize?prefCd=41&kikanCd=4100000091&kikanKbn=5", "url2": "http://www.miz-pharmacy.co.jp", "内容": "溝上薬局　堀川店【5:薬局】佐賀県佐賀市堀川町１番１８号" }, "geometry": { "type": "Point", "coordinates": [ 130.296917, 33.250564 ] } },
{ "type": "Feature", "properties": { "ID": 4154100000092, "正式名称": "ロングサン薬局　大名小路店", "機関区分": 5, "都道府県コード": 41, "市区町村コード": 202, "所在地": "佐賀県唐津市大名小路３０８－６中央ビル１階", "緯度": 33.449019, "経度": 129.971361, "url": "https://www.iryou.teikyouseido.mhlw.go.jp/znk-web/juminkanja/S2430/initialize?prefCd=41&kikanCd=4100000092&kikanKbn=5", "url2": null, "内容": "ロングサン薬局　大名小路店【5:薬局】佐賀県唐津市大名小路３０８－６中央ビル１階" }, "geometry": { "type": "Point", "coordinates": [ 129.971361, 33.449019 ] } },
{ "type": "Feature", "properties": { "ID": 4154100000093, "正式名称": "一般社団法人唐津東松浦薬剤師会薬局", "機関区分": 5, "都道府県コード": 41, "市区町村コード": 202, "所在地": "佐賀県唐津市和多田２４３３－１", "緯度": 33.433847, "経度": 129.974697, "url": "https://www.iryou.teikyouseido.mhlw.go.jp/znk-web/juminkanja/S2430/initialize?prefCd=41&kikanCd=4100000093&kikanKbn=5", "url2": "http://karayaku.org/", "内容": "一般社団法人唐津東松浦薬剤師会薬局【5:薬局】佐賀県唐津市和多田２４３３－１" }, "geometry": { "type": "Point", "coordinates": [ 129.974697, 33.433847 ] } },
{ "type": "Feature", "properties": { "ID": 4154100000094, "正式名称": "てんびん薬局", "機関区分": 5, "都道府県コード": 41, "市区町村コード": 203, "所在地": "佐賀県鳥栖市萱方町１３２－７", "緯度": 33.385115, "経度": 130.507957, "url": "https://www.iryou.teikyouseido.mhlw.go.jp/znk-web/juminkanja/S2430/initialize?prefCd=41&kikanCd=4100000094&kikanKbn=5", "url2": "https://www.e-classa.net/p-tenbin/information.html", "内容": "てんびん薬局【5:薬局】佐賀県鳥栖市萱方町１３２－７" }, "geometry": { "type": "Point", "coordinates": [ 130.507957, 33.385115 ] } },
{ "type": "Feature", "properties": { "ID": 4154100000096, "正式名称": "溝上薬局　大和国分店", "機関区分": 5, "都道府県コード": 41, "市区町村コード": 201, "所在地": "佐賀県佐賀市大和町尼寺７８６－１", "緯度": 33.310691, "経度": 130.286639, "url": "https://www.iryou.teikyouseido.mhlw.go.jp/znk-web/juminkanja/S2430/initialize?prefCd=41&kikanCd=4100000096&kikanKbn=5", "url2": "http://www.miz-pharmacy.co.jp", "内容": "溝上薬局　大和国分店【5:薬局】佐賀県佐賀市大和町尼寺７８６－１" }, "geometry": { "type": "Point", "coordinates": [ 130.286639, 33.310691 ] } },
{ "type": "Feature", "properties": { "ID": 4154100000097, "正式名称": "みどり薬局", "機関区分": 5, "都道府県コード": 41, "市区町村コード": 201, "所在地": "佐賀県佐賀市多布施４－２５－１", "緯度": 33.258969, "経度": 130.288558, "url": "https://www.iryou.teikyouseido.mhlw.go.jp/znk-web/juminkanja/S2430/initialize?prefCd=41&kikanCd=4100000097&kikanKbn=5", "url2": null, "内容": "みどり薬局【5:薬局】佐賀県佐賀市多布施４－２５－１" }, "geometry": { "type": "Point", "coordinates": [ 130.288558, 33.258969 ] } },
{ "type": "Feature", "properties": { "ID": 4154100000098, "正式名称": "有限会社　南佐賀調剤薬局", "機関区分": 5, "都道府県コード": 41, "市区町村コード": 201, "所在地": "佐賀県佐賀市南佐賀２丁目１－１５", "緯度": 33.23882, "経度": 130.317627, "url": "https://www.iryou.teikyouseido.mhlw.go.jp/znk-web/juminkanja/S2430/initialize?prefCd=41&kikanCd=4100000098&kikanKbn=5", "url2": null, "内容": "有限会社　南佐賀調剤薬局【5:薬局】佐賀県佐賀市南佐賀２丁目１－１５" }, "geometry": { "type": "Point", "coordinates": [ 130.317627, 33.23882 ] } },
{ "type": "Feature", "properties": { "ID": 4154100000099, "正式名称": "やまぐち薬局　兵庫南店", "機関区分": 5, "都道府県コード": 41, "市区町村コード": 201, "所在地": "佐賀県佐賀市兵庫南３丁目１４－２５", "緯度": 33.264119, "経度": 130.319829, "url": "https://www.iryou.teikyouseido.mhlw.go.jp/znk-web/juminkanja/S2430/initialize?prefCd=41&kikanCd=4100000099&kikanKbn=5", "url2": "https://yamaguchi-pharmacy.com/", "内容": "やまぐち薬局　兵庫南店【5:薬局】佐賀県佐賀市兵庫南３丁目１４－２５" }, "geometry": { "type": "Point", "coordinates": [ 130.319829, 33.264119 ] } },
{ "type": "Feature", "properties": { "ID": 4154100000100, "正式名称": "ヤマト薬局　立石店", "機関区分": 5, "都道府県コード": 41, "市区町村コード": 201, "所在地": "佐賀県佐賀市大和町東山田２１００－５", "緯度": 33.308943, "経度": 130.263359, "url": "https://www.iryou.teikyouseido.mhlw.go.jp/znk-web/juminkanja/S2430/initialize?prefCd=41&kikanCd=4100000100&kikanKbn=5", "url2": "https://www.e-classa.net/youseikai/group.html", "内容": "ヤマト薬局　立石店【5:薬局】佐賀県佐賀市大和町東山田２１００－５" }, "geometry": { "type": "Point", "coordinates": [ 130.263359, 33.308943 ] } },
{ "type": "Feature", "properties": { "ID": 4154100000101, "正式名称": "ヤマト薬局　尼寺店", "機関区分": 5, "都道府県コード": 41, "市区町村コード": 201, "所在地": "佐賀県佐賀市大和町尼寺２４６９－４", "緯度": 33.305718, "経度": 130.283202, "url": "https://www.iryou.teikyouseido.mhlw.go.jp/znk-web/juminkanja/S2430/initialize?prefCd=41&kikanCd=4100000101&kikanKbn=5", "url2": null, "内容": "ヤマト薬局　尼寺店【5:薬局】佐賀県佐賀市大和町尼寺２４６９－４" }, "geometry": { "type": "Point", "coordinates": [ 130.283202, 33.305718 ] } },
{ "type": "Feature", "properties": { "ID": 4154100000102, "正式名称": "佐賀北薬局　大和店", "機関区分": 5, "都道府県コード": 41, "市区町村コード": 201, "所在地": "佐賀県佐賀市大和町久池井２５５５－１", "緯度": 33.316207, "経度": 130.277553, "url": "https://www.iryou.teikyouseido.mhlw.go.jp/znk-web/juminkanja/S2430/initialize?prefCd=41&kikanCd=4100000102&kikanKbn=5", "url2": "https://sagakita.com/store/", "内容": "佐賀北薬局　大和店【5:薬局】佐賀県佐賀市大和町久池井２５５５－１" }, "geometry": { "type": "Point", "coordinates": [ 130.277553, 33.316207 ] } },
{ "type": "Feature", "properties": { "ID": 4154100000104, "正式名称": "くすのき薬局", "機関区分": 5, "都道府県コード": 41, "市区町村コード": 210, "所在地": "佐賀県神埼市神埼町本堀３１９９－７", "緯度": 33.307366, "経度": 130.377014, "url": "https://www.iryou.teikyouseido.mhlw.go.jp/znk-web/juminkanja/S2430/initialize?prefCd=41&kikanCd=4100000104&kikanKbn=5", "url2": "http://ryuseido-ph.com/", "内容": "くすのき薬局【5:薬局】佐賀県神埼市神埼町本堀３１９９－７" }, "geometry": { "type": "Point", "coordinates": [ 130.377014, 33.307366 ] } },
{ "type": "Feature", "properties": { "ID": 4154100000105, "正式名称": "ひかり薬局　鍋島西店", "機関区分": 5, "都道府県コード": 41, "市区町村コード": 201, "所在地": "佐賀県佐賀市鍋島町森田６０８－１", "緯度": 33.275234, "経度": 130.260482, "url": "https://www.iryou.teikyouseido.mhlw.go.jp/znk-web/juminkanja/S2430/initialize?prefCd=41&kikanCd=4100000105&kikanKbn=5", "url2": "https://u-associate.com", "内容": "ひかり薬局　鍋島西店【5:薬局】佐賀県佐賀市鍋島町森田６０８－１" }, "geometry": { "type": "Point", "coordinates": [ 130.260482, 33.275234 ] } },
{ "type": "Feature", "properties": { "ID": 4154100000106, "正式名称": "養正会薬局", "機関区分": 5, "都道府県コード": 41, "市区町村コード": 201, "所在地": "佐賀県佐賀市鍋島４－１－６", "緯度": 33.282939, "経度": 130.268943, "url": "https://www.iryou.teikyouseido.mhlw.go.jp/znk-web/juminkanja/S2430/initialize?prefCd=41&kikanCd=4100000106&kikanKbn=5", "url2": "http://www.e-classa.net/youseikai", "内容": "養正会薬局【5:薬局】佐賀県佐賀市鍋島４－１－６" }, "geometry": { "type": "Point", "coordinates": [ 130.268943, 33.282939 ] } },
{ "type": "Feature", "properties": { "ID": 4154100000109, "正式名称": "やまぐち薬局　嘉瀬扇町店", "機関区分": 5, "都道府県コード": 41, "市区町村コード": 201, "所在地": "佐賀県佐賀市嘉瀬町扇町２４６９番２６", "緯度": 33.245148, "経度": 130.27113, "url": "https://www.iryou.teikyouseido.mhlw.go.jp/znk-web/juminkanja/S2430/initialize?prefCd=41&kikanCd=4100000109&kikanKbn=5", "url2": "https://yamaguchi-pharmacy.com/", "内容": "やまぐち薬局　嘉瀬扇町店【5:薬局】佐賀県佐賀市嘉瀬町扇町２４６９番２６" }, "geometry": { "type": "Point", "coordinates": [ 130.27113, 33.245148 ] } },
{ "type": "Feature", "properties": { "ID": 4154100000111, "正式名称": "あさひ薬局　吉野ヶ里店", "機関区分": 5, "都道府県コード": 41, "市区町村コード": 327, "所在地": "佐賀県神埼郡吉野ヶ里町大字大曲１４９３－４", "緯度": 33.337675, "経度": 130.394606, "url": "https://www.iryou.teikyouseido.mhlw.go.jp/znk-web/juminkanja/S2430/initialize?prefCd=41&kikanCd=4100000111&kikanKbn=5", "url2": null, "内容": "あさひ薬局　吉野ヶ里店【5:薬局】佐賀県神埼郡吉野ヶ里町大字大曲１４９３－４" }, "geometry": { "type": "Point", "coordinates": [ 130.394606, 33.337675 ] } },
{ "type": "Feature", "properties": { "ID": 4154100000112, "正式名称": "かみぞの薬局", "機関区分": 5, "都道府県コード": 41, "市区町村コード": 201, "所在地": "佐賀県佐賀市神園６－４－２０", "緯度": 33.262203, "経度": 130.280229, "url": "https://www.iryou.teikyouseido.mhlw.go.jp/znk-web/juminkanja/S2430/initialize?prefCd=41&kikanCd=4100000112&kikanKbn=5", "url2": null, "内容": "かみぞの薬局【5:薬局】佐賀県佐賀市神園６－４－２０" }, "geometry": { "type": "Point", "coordinates": [ 130.280229, 33.262203 ] } },
{ "type": "Feature", "properties": { "ID": 4154100000113, "正式名称": "エイト薬局　神埼店", "機関区分": 5, "都道府県コード": 41, "市区町村コード": 210, "所在地": "佐賀県神埼市神埼町田道ヶ里２２８６－４", "緯度": 33.314003, "経度": 130.375908, "url": "https://www.iryou.teikyouseido.mhlw.go.jp/znk-web/juminkanja/S2430/initialize?prefCd=41&kikanCd=4100000113&kikanKbn=5", "url2": "http://www18.ocn.ne.jp/~eito8/", "内容": "エイト薬局　神埼店【5:薬局】佐賀県神埼市神埼町田道ヶ里２２８６－４" }, "geometry": { "type": "Point", "coordinates": [ 130.375908, 33.314003 ] } },
{ "type": "Feature", "properties": { "ID": 4154100000114, "正式名称": "エイト薬局　日の隈店", "機関区分": 5, "都道府県コード": 41, "市区町村コード": 210, "所在地": "佐賀県神埼市神埼町城原１２５６－１", "緯度": 33.326456, "経度": 130.357533, "url": "https://www.iryou.teikyouseido.mhlw.go.jp/znk-web/juminkanja/S2430/initialize?prefCd=41&kikanCd=4100000114&kikanKbn=5", "url2": null, "内容": "エイト薬局　日の隈店【5:薬局】佐賀県神埼市神埼町城原１２５６－１" }, "geometry": { "type": "Point", "coordinates": [ 130.357533, 33.326456 ] } },
{ "type": "Feature", "properties": { "ID": 4154100000115, "正式名称": "エイト薬局　目達原店", "機関区分": 5, "都道府県コード": 41, "市区町村コード": 327, "所在地": "佐賀県神埼郡吉野ヶ里町吉田２９０４－５", "緯度": 33.331739, "経度": 130.412942, "url": "https://www.iryou.teikyouseido.mhlw.go.jp/znk-web/juminkanja/S2430/initialize?prefCd=41&kikanCd=4100000115&kikanKbn=5", "url2": "http://eito888.jp/index.html", "内容": "エイト薬局　目達原店【5:薬局】佐賀県神埼郡吉野ヶ里町吉田２９０４－５" }, "geometry": { "type": "Point", "coordinates": [ 130.412942, 33.331739 ] } },
{ "type": "Feature", "properties": { "ID": 4154100000116, "正式名称": "おのうえ薬局", "機関区分": 5, "都道府県コード": 41, "市区町村コード": 210, "所在地": "佐賀県神埼市千代田町餘江４３－２", "緯度": 33.258228, "経度": 130.369743, "url": "https://www.iryou.teikyouseido.mhlw.go.jp/znk-web/juminkanja/S2430/initialize?prefCd=41&kikanCd=4100000116&kikanKbn=5", "url2": null, "内容": "おのうえ薬局【5:薬局】佐賀県神埼市千代田町餘江４３－２" }, "geometry": { "type": "Point", "coordinates": [ 130.369743, 33.258228 ] } },
{ "type": "Feature", "properties": { "ID": 4154100000117, "正式名称": "神埼薬局　朝日支店", "機関区分": 5, "都道府県コード": 41, "市区町村コード": 210, "所在地": "佐賀県神埼市神埼町本堀２９４９－１６", "緯度": 33.308359, "経度": 130.380119, "url": "https://www.iryou.teikyouseido.mhlw.go.jp/znk-web/juminkanja/S2430/initialize?prefCd=41&kikanCd=4100000117&kikanKbn=5", "url2": "https://kanzaki-pharmacy.co.jp/", "内容": "神埼薬局　朝日支店【5:薬局】佐賀県神埼市神埼町本堀２９４９－１６" }, "geometry": { "type": "Point", "coordinates": [ 130.380119, 33.308359 ] } },
{ "type": "Feature", "properties": { "ID": 4154100000118, "正式名称": "神埼薬局　本店", "機関区分": 5, "都道府県コード": 41, "市区町村コード": 210, "所在地": "佐賀県神埼市神埼町田道ヶ里２２７１－５", "緯度": 33.312833, "経度": 130.374847, "url": "https://www.iryou.teikyouseido.mhlw.go.jp/znk-web/juminkanja/S2430/initialize?prefCd=41&kikanCd=4100000118&kikanKbn=5", "url2": "https://kanzaki-pharmacy.co.jp/about-kanzaki/", "内容": "神埼薬局　本店【5:薬局】佐賀県神埼市神埼町田道ヶ里２２７１－５" }, "geometry": { "type": "Point", "coordinates": [ 130.374847, 33.312833 ] } },
{ "type": "Feature", "properties": { "ID": 4154100000119, "正式名称": "有限会社　神埼薬剤師会薬局", "機関区分": 5, "都道府県コード": 41, "市区町村コード": 327, "所在地": "佐賀県神埼郡吉野ヶ里町三津１６８", "緯度": 33.347369, "経度": 130.38545, "url": "https://www.iryou.teikyouseido.mhlw.go.jp/znk-web/juminkanja/S2430/initialize?prefCd=41&kikanCd=4100000119&kikanKbn=5", "url2": null, "内容": "有限会社　神埼薬剤師会薬局【5:薬局】佐賀県神埼郡吉野ヶ里町三津１６８" }, "geometry": { "type": "Point", "coordinates": [ 130.38545, 33.347369 ] } },
{ "type": "Feature", "properties": { "ID": 4154100000120, "正式名称": "小林薬局", "機関区分": 5, "都道府県コード": 41, "市区町村コード": 210, "所在地": "佐賀県神埼市神埼町神埼４８７", "緯度": 33.307019, "経度": 130.372494, "url": "https://www.iryou.teikyouseido.mhlw.go.jp/znk-web/juminkanja/S2430/initialize?prefCd=41&kikanCd=4100000120&kikanKbn=5", "url2": "http://www.kobayashi-pharmacy.com/main.1html", "内容": "小林薬局【5:薬局】佐賀県神埼市神埼町神埼４８７" }, "geometry": { "type": "Point", "coordinates": [ 130.372494, 33.307019 ] } },
{ "type": "Feature", "properties": { "ID": 4154100000121, "正式名称": "清心薬局", "機関区分": 5, "都道府県コード": 41, "市区町村コード": 327, "所在地": "佐賀県神埼郡吉野ヶ里町吉田２６１－４", "緯度": 33.324197, "経度": 130.399278, "url": "https://www.iryou.teikyouseido.mhlw.go.jp/znk-web/juminkanja/S2430/initialize?prefCd=41&kikanCd=4100000121&kikanKbn=5", "url2": null, "内容": "清心薬局【5:薬局】佐賀県神埼郡吉野ヶ里町吉田２６１－４" }, "geometry": { "type": "Point", "coordinates": [ 130.399278, 33.324197 ] } },
{ "type": "Feature", "properties": { "ID": 4154100000122, "正式名称": "高島薬局", "機関区分": 5, "都道府県コード": 41, "市区町村コード": 327, "所在地": "佐賀県神埼郡吉野ヶ里町吉田", "緯度": 33.327642, "経度": 130.408894, "url": "https://www.iryou.teikyouseido.mhlw.go.jp/znk-web/juminkanja/S2430/initialize?prefCd=41&kikanCd=4100000122&kikanKbn=5", "url2": null, "内容": "高島薬局【5:薬局】佐賀県神埼郡吉野ヶ里町吉田" }, "geometry": { "type": "Point", "coordinates": [ 130.408894, 33.327642 ] } },
{ "type": "Feature", "properties": { "ID": 4154100000123, "正式名称": "たけだ薬局　吉野ヶ里店", "機関区分": 5, "都道府県コード": 41, "市区町村コード": 327, "所在地": "佐賀県神埼郡吉野ヶ里町吉田２９２６－１", "緯度": 33.331587, "経度": 130.410453, "url": "https://www.iryou.teikyouseido.mhlw.go.jp/znk-web/juminkanja/S2430/initialize?prefCd=41&kikanCd=4100000123&kikanKbn=5", "url2": null, "内容": "たけだ薬局　吉野ヶ里店【5:薬局】佐賀県神埼郡吉野ヶ里町吉田２９２６－１" }, "geometry": { "type": "Point", "coordinates": [ 130.410453, 33.331587 ] } },
{ "type": "Feature", "properties": { "ID": 4154100000124, "正式名称": "チクシ薬局", "機関区分": 5, "都道府県コード": 41, "市区町村コード": 327, "所在地": "佐賀県神埼郡吉野ヶ里町豆田１２１６－１２", "緯度": 33.319305, "経度": 130.396548, "url": "https://www.iryou.teikyouseido.mhlw.go.jp/znk-web/juminkanja/S2430/initialize?prefCd=41&kikanCd=4100000124&kikanKbn=5", "url2": null, "内容": "チクシ薬局【5:薬局】佐賀県神埼郡吉野ヶ里町豆田１２１６－１２" }, "geometry": { "type": "Point", "coordinates": [ 130.396548, 33.319305 ] } },
{ "type": "Feature", "properties": { "ID": 4154100000125, "正式名称": "チトセ薬局アニー店", "機関区分": 5, "都道府県コード": 41, "市区町村コード": 210, "所在地": "佐賀県神埼市千代田町境原２３－３", "緯度": 33.26781, "経度": 130.361147, "url": "https://www.iryou.teikyouseido.mhlw.go.jp/znk-web/juminkanja/S2430/initialize?prefCd=41&kikanCd=4100000125&kikanKbn=5", "url2": null, "内容": "チトセ薬局アニー店【5:薬局】佐賀県神埼市千代田町境原２３－３" }, "geometry": { "type": "Point", "coordinates": [ 130.361147, 33.26781 ] } },
{ "type": "Feature", "properties": { "ID": 4154100000126, "正式名称": "ちよだ薬局", "機関区分": 5, "都道府県コード": 41, "市区町村コード": 210, "所在地": "佐賀県神埼市千代田町直鳥８０６ー２１", "緯度": 33.273098, "経度": 130.365222, "url": "https://www.iryou.teikyouseido.mhlw.go.jp/znk-web/juminkanja/S2430/initialize?prefCd=41&kikanCd=4100000126&kikanKbn=5", "url2": null, "内容": "ちよだ薬局【5:薬局】佐賀県神埼市千代田町直鳥８０６ー２１" }, "geometry": { "type": "Point", "coordinates": [ 130.365222, 33.273098 ] } },
{ "type": "Feature", "properties": { "ID": 4154100000128, "正式名称": "なかはら薬局", "機関区分": 5, "都道府県コード": 41, "市区町村コード": 210, "所在地": "佐賀県神埼市千代田町下西７７５－１", "緯度": 33.260525, "経度": 130.345628, "url": "https://www.iryou.teikyouseido.mhlw.go.jp/znk-web/juminkanja/S2430/initialize?prefCd=41&kikanCd=4100000128&kikanKbn=5", "url2": null, "内容": "なかはら薬局【5:薬局】佐賀県神埼市千代田町下西７７５－１" }, "geometry": { "type": "Point", "coordinates": [ 130.345628, 33.260525 ] } },
{ "type": "Feature", "properties": { "ID": 4154100000129, "正式名称": "福田薬局", "機関区分": 5, "都道府県コード": 41, "市区町村コード": 327, "所在地": "佐賀県神埼郡吉野ヶ里町吉田８２４－５", "緯度": 33.324676, "経度": 130.402472, "url": "https://www.iryou.teikyouseido.mhlw.go.jp/znk-web/juminkanja/S2430/initialize?prefCd=41&kikanCd=4100000129&kikanKbn=5", "url2": null, "内容": "福田薬局【5:薬局】佐賀県神埼郡吉野ヶ里町吉田８２４－５" }, "geometry": { "type": "Point", "coordinates": [ 130.402472, 33.324676 ] } },
{ "type": "Feature", "properties": { "ID": 4154100000130, "正式名称": "青木薬局　田代店", "機関区分": 5, "都道府県コード": 41, "市区町村コード": 203, "所在地": "佐賀県鳥栖市田代大官町", "緯度": 33.389628, "経度": 130.518437, "url": "https://www.iryou.teikyouseido.mhlw.go.jp/znk-web/juminkanja/S2430/initialize?prefCd=41&kikanCd=4100000130&kikanKbn=5", "url2": null, "内容": "青木薬局　田代店【5:薬局】佐賀県鳥栖市田代大官町" }, "geometry": { "type": "Point", "coordinates": [ 130.518437, 33.389628 ] } },
{ "type": "Feature", "properties": { "ID": 4154100000131, "正式名称": "あおば薬局", "機関区分": 5, "都道府県コード": 41, "市区町村コード": 203, "所在地": "佐賀県鳥栖市蔵上", "緯度": 33.373726, "経度": 130.49727, "url": "https://www.iryou.teikyouseido.mhlw.go.jp/znk-web/juminkanja/S2430/initialize?prefCd=41&kikanCd=4100000131&kikanKbn=5", "url2": null, "内容": "あおば薬局【5:薬局】佐賀県鳥栖市蔵上" }, "geometry": { "type": "Point", "coordinates": [ 130.49727, 33.373726 ] } },
{ "type": "Feature", "properties": { "ID": 4154100000132, "正式名称": "石田薬局", "機関区分": 5, "都道府県コード": 41, "市区町村コード": 203, "所在地": "佐賀県鳥栖市萱方町２３０－３２", "緯度": 33.38685, "経度": 130.503481, "url": "https://www.iryou.teikyouseido.mhlw.go.jp/znk-web/juminkanja/S2430/initialize?prefCd=41&kikanCd=4100000132&kikanKbn=5", "url2": null, "内容": "石田薬局【5:薬局】佐賀県鳥栖市萱方町２３０－３２" }, "geometry": { "type": "Point", "coordinates": [ 130.503481, 33.38685 ] } },
{ "type": "Feature", "properties": { "ID": 4154100000133, "正式名称": "いちご薬局", "機関区分": 5, "都道府県コード": 41, "市区町村コード": 203, "所在地": "佐賀県鳥栖市宿町１２６３－７", "緯度": 33.381509, "経度": 130.507179, "url": "https://www.iryou.teikyouseido.mhlw.go.jp/znk-web/juminkanja/S2430/initialize?prefCd=41&kikanCd=4100000133&kikanKbn=5", "url2": null, "内容": "いちご薬局【5:薬局】佐賀県鳥栖市宿町１２６３－７" }, "geometry": { "type": "Point", "coordinates": [ 130.507179, 33.381509 ] } },
{ "type": "Feature", "properties": { "ID": 4154100000135, "正式名称": "エイト薬局　三根店", "機関区分": 5, "都道府県コード": 41, "市区町村コード": 346, "所在地": "佐賀県三養基郡みやき町大字寄人１５１４－８", "緯度": 33.289469, "経度": 130.419297, "url": "https://www.iryou.teikyouseido.mhlw.go.jp/znk-web/juminkanja/S2430/initialize?prefCd=41&kikanCd=4100000135&kikanKbn=5", "url2": "http://www18.ocn.ne.jp/~eito8/", "内容": "エイト薬局　三根店【5:薬局】佐賀県三養基郡みやき町大字寄人１５１４－８" }, "geometry": { "type": "Point", "coordinates": [ 130.419297, 33.289469 ] } },
{ "type": "Feature", "properties": { "ID": 4154100000136, "正式名称": "江崎薬局", "機関区分": 5, "都道府県コード": 41, "市区町村コード": 203, "所在地": "佐賀県鳥栖市本通町１－７９９－１", "緯度": 33.37374, "経度": 130.515138, "url": "https://www.iryou.teikyouseido.mhlw.go.jp/znk-web/juminkanja/S2430/initialize?prefCd=41&kikanCd=4100000136&kikanKbn=5", "url2": null, "内容": "江崎薬局【5:薬局】佐賀県鳥栖市本通町１－７９９－１" }, "geometry": { "type": "Point", "coordinates": [ 130.515138, 33.37374 ] } },
{ "type": "Feature", "properties": { "ID": 4154100000137, "正式名称": "株式会社　大賀薬局　弥生が丘店", "機関区分": 5, "都道府県コード": 41, "市区町村コード": 203, "所在地": "佐賀県鳥栖市弥生が丘２丁目１４４番地", "緯度": 33.405028, "経度": 130.522003, "url": "https://www.iryou.teikyouseido.mhlw.go.jp/znk-web/juminkanja/S2430/initialize?prefCd=41&kikanCd=4100000137&kikanKbn=5", "url2": "http://ohga-ph.com/", "内容": "株式会社　大賀薬局　弥生が丘店【5:薬局】佐賀県鳥栖市弥生が丘２丁目１４４番地" }, "geometry": { "type": "Point", "coordinates": [ 130.522003, 33.405028 ] } },
{ "type": "Feature", "properties": { "ID": 4154100000138, "正式名称": "タイヘイ薬局　上峰店", "機関区分": 5, "都道府県コード": 41, "市区町村コード": 345, "所在地": "佐賀県三養基郡上峰町大字坊所２７６－６", "緯度": 33.32035, "経度": 130.425089, "url": "https://www.iryou.teikyouseido.mhlw.go.jp/znk-web/juminkanja/S2430/initialize?prefCd=41&kikanCd=4100000138&kikanKbn=5", "url2": "http://www.taihei-group.jp/", "内容": "タイヘイ薬局　上峰店【5:薬局】佐賀県三養基郡上峰町大字坊所２７６－６" }, "geometry": { "type": "Point", "coordinates": [ 130.425089, 33.32035 ] } },
{ "type": "Feature", "properties": { "ID": 4154100000139, "正式名称": "漢方朝日薬局", "機関区分": 5, "都道府県コード": 41, "市区町村コード": 203, "所在地": "佐賀県鳥栖市田代新町１５４－１", "緯度": 33.390684, "経度": 130.524656, "url": "https://www.iryou.teikyouseido.mhlw.go.jp/znk-web/juminkanja/S2430/initialize?prefCd=41&kikanCd=4100000139&kikanKbn=5", "url2": null, "内容": "漢方朝日薬局【5:薬局】佐賀県鳥栖市田代新町１５４－１" }, "geometry": { "type": "Point", "coordinates": [ 130.524656, 33.390684 ] } },
{ "type": "Feature", "properties": { "ID": 4154100000140, "正式名称": "きりん薬局", "機関区分": 5, "都道府県コード": 41, "市区町村コード": 203, "所在地": "佐賀県鳥栖市神辺町", "緯度": 33.39613, "経度": 130.5057, "url": "https://www.iryou.teikyouseido.mhlw.go.jp/znk-web/juminkanja/S2430/initialize?prefCd=41&kikanCd=4100000140&kikanKbn=5", "url2": "http://www.kirin-y.com", "内容": "きりん薬局【5:薬局】佐賀県鳥栖市神辺町" }, "geometry": { "type": "Point", "coordinates": [ 130.5057, 33.39613 ] } },
{ "type": "Feature", "properties": { "ID": 4154100000141, "正式名称": "くぼ薬局　北茂安店", "機関区分": 5, "都道府県コード": 41, "市区町村コード": 346, "所在地": "佐賀県三養基郡みやき町白壁４３０５ー８", "緯度": 33.346724, "経度": 130.459297, "url": "https://www.iryou.teikyouseido.mhlw.go.jp/znk-web/juminkanja/S2430/initialize?prefCd=41&kikanCd=4100000141&kikanKbn=5", "url2": "www.kubo-pharmacy.co.jp", "内容": "くぼ薬局　北茂安店【5:薬局】佐賀県三養基郡みやき町白壁４３０５ー８" }, "geometry": { "type": "Point", "coordinates": [ 130.459297, 33.346724 ] } },
{ "type": "Feature", "properties": { "ID": 4154100000142, "正式名称": "ひかり薬局　鍋島店", "機関区分": 5, "都道府県コード": 41, "市区町村コード": 201, "所在地": "佐賀県佐賀市鍋島町森田５９４－５", "緯度": 33.27544, "経度": 130.260949, "url": "https://www.iryou.teikyouseido.mhlw.go.jp/znk-web/juminkanja/S2430/initialize?prefCd=41&kikanCd=4100000142&kikanKbn=5", "url2": "https://u-associate.com/", "内容": "ひかり薬局　鍋島店【5:薬局】佐賀県佐賀市鍋島町森田５９４－５" }, "geometry": { "type": "Point", "coordinates": [ 130.260949, 33.27544 ] } },
{ "type": "Feature", "properties": { "ID": 4154100000143, "正式名称": "株式会社　カワハラ薬局", "機関区分": 5, "都道府県コード": 41, "市区町村コード": 201, "所在地": "佐賀県佐賀市川原町５－１７", "緯度": 33.250033, "経度": 130.291222, "url": "https://www.iryou.teikyouseido.mhlw.go.jp/znk-web/juminkanja/S2430/initialize?prefCd=41&kikanCd=4100000143&kikanKbn=5", "url2": null, "内容": "株式会社　カワハラ薬局【5:薬局】佐賀県佐賀市川原町５－１７" }, "geometry": { "type": "Point", "coordinates": [ 130.291222, 33.250033 ] } },
{ "type": "Feature", "properties": { "ID": 4154100000144, "正式名称": "くらのうえ薬局", "機関区分": 5, "都道府県コード": 41, "市区町村コード": 203, "所在地": "佐賀県鳥栖市蔵上４丁目１９５", "緯度": 33.373397, "経度": 130.496281, "url": "https://www.iryou.teikyouseido.mhlw.go.jp/znk-web/juminkanja/S2430/initialize?prefCd=41&kikanCd=4100000144&kikanKbn=5", "url2": null, "内容": "くらのうえ薬局【5:薬局】佐賀県鳥栖市蔵上４丁目１９５" }, "geometry": { "type": "Point", "coordinates": [ 130.496281, 33.373397 ] } },
{ "type": "Feature", "properties": { "ID": 4154100000145, "正式名称": "有限会社　くりやま薬局", "機関区分": 5, "都道府県コード": 41, "市区町村コード": 346, "所在地": "佐賀県三養基郡みやき町大字簑原２９４６－４", "緯度": 33.357572, "経度": 130.447694, "url": "https://www.iryou.teikyouseido.mhlw.go.jp/znk-web/juminkanja/S2430/initialize?prefCd=41&kikanCd=4100000145&kikanKbn=5", "url2": null, "内容": "有限会社　くりやま薬局【5:薬局】佐賀県三養基郡みやき町大字簑原２９４６－４" }, "geometry": { "type": "Point", "coordinates": [ 130.447694, 33.357572 ] } },
{ "type": "Feature", "properties": { "ID": 4154100000146, "正式名称": "コーヨー薬局　鳥栖店", "機関区分": 5, "都道府県コード": 41, "市区町村コード": 203, "所在地": "佐賀県鳥栖市宿町９８６－２", "緯度": 33.374285, "経度": 130.502574, "url": "https://www.iryou.teikyouseido.mhlw.go.jp/znk-web/juminkanja/S2430/initialize?prefCd=41&kikanCd=4100000146&kikanKbn=5", "url2": null, "内容": "コーヨー薬局　鳥栖店【5:薬局】佐賀県鳥栖市宿町９８６－２" }, "geometry": { "type": "Point", "coordinates": [ 130.502574, 33.374285 ] } },
{ "type": "Feature", "properties": { "ID": 4154100000148, "正式名称": "こども薬局", "機関区分": 5, "都道府県コード": 41, "市区町村コード": 345, "所在地": "佐賀県三養基郡上峰町大字坊所４５０－１１", "緯度": 33.318687, "経度": 130.426967, "url": "https://www.iryou.teikyouseido.mhlw.go.jp/znk-web/juminkanja/S2430/initialize?prefCd=41&kikanCd=4100000148&kikanKbn=5", "url2": null, "内容": "こども薬局【5:薬局】佐賀県三養基郡上峰町大字坊所４５０－１１" }, "geometry": { "type": "Point", "coordinates": [ 130.426967, 33.318687 ] } },
{ "type": "Feature", "properties": { "ID": 4154100000150, "正式名称": "スカイメディカルあさひ薬局", "機関区分": 5, "都道府県コード": 41, "市区町村コード": 203, "所在地": "佐賀県鳥栖市西田町２１１番地", "緯度": 33.349467, "経度": 130.491022, "url": "https://www.iryou.teikyouseido.mhlw.go.jp/znk-web/juminkanja/S2430/initialize?prefCd=41&kikanCd=4100000150&kikanKbn=5", "url2": "https://skymedical.jp/", "内容": "スカイメディカルあさひ薬局【5:薬局】佐賀県鳥栖市西田町２１１番地" }, "geometry": { "type": "Point", "coordinates": [ 130.491022, 33.349467 ] } },
{ "type": "Feature", "properties": { "ID": 4154100000151, "正式名称": "さくら薬局　千栗店", "機関区分": 5, "都道府県コード": 41, "市区町村コード": 346, "所在地": "佐賀県三養基郡みやき町大字白壁１０５４－１０", "緯度": 33.329261, "経度": 130.474103, "url": "https://www.iryou.teikyouseido.mhlw.go.jp/znk-web/juminkanja/S2430/initialize?prefCd=41&kikanCd=4100000151&kikanKbn=5", "url2": "https://www.nanohana-ph.jp/shop/kyusyu/saga/miyaki/sakura-chiriku.php", "内容": "さくら薬局　千栗店【5:薬局】佐賀県三養基郡みやき町大字白壁１０５４－１０" }, "geometry": { "type": "Point", "coordinates": [ 130.474103, 33.329261 ] } },
{ "type": "Feature", "properties": { "ID": 4154100000152, "正式名称": "さつき薬局", "機関区分": 5, "都道府県コード": 41, "市区町村コード": 203, "所在地": "佐賀県鳥栖市神辺町１２７３", "緯度": 33.390489, "経度": 130.500235, "url": "https://www.iryou.teikyouseido.mhlw.go.jp/znk-web/juminkanja/S2430/initialize?prefCd=41&kikanCd=4100000152&kikanKbn=5", "url2": "http://satsukiph.com/", "内容": "さつき薬局【5:薬局】佐賀県鳥栖市神辺町１２７３" }, "geometry": { "type": "Point", "coordinates": [ 130.500235, 33.390489 ] } },
{ "type": "Feature", "properties": { "ID": 4154100000153, "正式名称": "純真堂調剤薬局", "機関区分": 5, "都道府県コード": 41, "市区町村コード": 346, "所在地": "佐賀県三養基郡みやき町東尾１１５７番３", "緯度": 33.324799, "経度": 130.449957, "url": "https://www.iryou.teikyouseido.mhlw.go.jp/znk-web/juminkanja/S2430/initialize?prefCd=41&kikanCd=4100000153&kikanKbn=5", "url2": null, "内容": "純真堂調剤薬局【5:薬局】佐賀県三養基郡みやき町東尾１１５７番３" }, "geometry": { "type": "Point", "coordinates": [ 130.449957, 33.324799 ] } },
{ "type": "Feature", "properties": { "ID": 4154100000154, "正式名称": "シンエイ薬局", "機関区分": 5, "都道府県コード": 41, "市区町村コード": 346, "所在地": "佐賀県三養基郡みやき町原古賀１９３－２", "緯度": 33.344333, "経度": 130.44256, "url": "https://www.iryou.teikyouseido.mhlw.go.jp/znk-web/juminkanja/S2430/initialize?prefCd=41&kikanCd=4100000154&kikanKbn=5", "url2": null, "内容": "シンエイ薬局【5:薬局】佐賀県三養基郡みやき町原古賀１９３－２" }, "geometry": { "type": "Point", "coordinates": [ 130.44256, 33.344333 ] } },
{ "type": "Feature", "properties": { "ID": 4154100000155, "正式名称": "中央薬局", "機関区分": 5, "都道府県コード": 41, "市区町村コード": 341, "所在地": "佐賀県三養基郡基山町園部２７７２－１１", "緯度": 33.418558, "経度": 130.523717, "url": "https://www.iryou.teikyouseido.mhlw.go.jp/znk-web/juminkanja/S2430/initialize?prefCd=41&kikanCd=4100000155&kikanKbn=5", "url2": null, "内容": "中央薬局【5:薬局】佐賀県三養基郡基山町園部２７７２－１１" }, "geometry": { "type": "Point", "coordinates": [ 130.523717, 33.418558 ] } },
{ "type": "Feature", "properties": { "ID": 4154100000156, "正式名称": "有限会社鳥栖三養基薬剤師会会営薬局", "機関区分": 5, "都道府県コード": 41, "市区町村コード": 346, "所在地": "佐賀県三養基郡みやき町原古賀７０１９－１１", "緯度": 33.338394, "経度": 130.443112, "url": "https://www.iryou.teikyouseido.mhlw.go.jp/znk-web/juminkanja/S2430/initialize?prefCd=41&kikanCd=4100000156&kikanKbn=5", "url2": "https://kaiei-ph.com/", "内容": "有限会社鳥栖三養基薬剤師会会営薬局【5:薬局】佐賀県三養基郡みやき町原古賀７０１９－１１" }, "geometry": { "type": "Point", "coordinates": [ 130.443112, 33.338394 ] } },
{ "type": "Feature", "properties": { "ID": 4154100000157, "正式名称": "とまと薬局　鳥栖店", "機関区分": 5, "都道府県コード": 41, "市区町村コード": 203, "所在地": "佐賀県鳥栖市宿町９９４－８", "緯度": 33.374075, "経度": 130.503981, "url": "https://www.iryou.teikyouseido.mhlw.go.jp/znk-web/juminkanja/S2430/initialize?prefCd=41&kikanCd=4100000157&kikanKbn=5", "url2": null, "内容": "とまと薬局　鳥栖店【5:薬局】佐賀県鳥栖市宿町９９４－８" }, "geometry": { "type": "Point", "coordinates": [ 130.503981, 33.374075 ] } },
{ "type": "Feature", "properties": { "ID": 4154100000158, "正式名称": "はらこが薬局", "機関区分": 5, "都道府県コード": 41, "市区町村コード": 203, "所在地": "佐賀県鳥栖市原古賀町１２００－１", "緯度": 33.369589, "経度": 130.483822, "url": "https://www.iryou.teikyouseido.mhlw.go.jp/znk-web/juminkanja/S2430/initialize?prefCd=41&kikanCd=4100000158&kikanKbn=5", "url2": null, "内容": "はらこが薬局【5:薬局】佐賀県鳥栖市原古賀町１２００－１" }, "geometry": { "type": "Point", "coordinates": [ 130.483822, 33.369589 ] } },
{ "type": "Feature", "properties": { "ID": 4154100000159, "正式名称": "有田けんこう薬局", "機関区分": 5, "都道府県コード": 41, "市区町村コード": 401, "所在地": "佐賀県西松浦郡有田町立部乙２１１０－５", "緯度": 33.215135, "経度": 129.85041, "url": "https://www.iryou.teikyouseido.mhlw.go.jp/znk-web/juminkanja/S2430/initialize?prefCd=41&kikanCd=4100000159&kikanKbn=5", "url2": "https://www.kenkou-pharmacy-123-abc.com/", "内容": "有田けんこう薬局【5:薬局】佐賀県西松浦郡有田町立部乙２１１０－５" }, "geometry": { "type": "Point", "coordinates": [ 129.85041, 33.215135 ] } },
{ "type": "Feature", "properties": { "ID": 4154100000160, "正式名称": "ひがしお薬局", "機関区分": 5, "都道府県コード": 41, "市区町村コード": 346, "所在地": "佐賀県三養基郡みやき町大字東尾２２８２－１", "緯度": 33.325836, "経度": 130.455936, "url": "https://www.iryou.teikyouseido.mhlw.go.jp/znk-web/juminkanja/S2430/initialize?prefCd=41&kikanCd=4100000160&kikanKbn=5", "url2": null, "内容": "ひがしお薬局【5:薬局】佐賀県三養基郡みやき町大字東尾２２８２－１" }, "geometry": { "type": "Point", "coordinates": [ 130.455936, 33.325836 ] } },
{ "type": "Feature", "properties": { "ID": 4154100000161, "正式名称": "東町わたや薬局", "機関区分": 5, "都道府県コード": 41, "市区町村コード": 203, "所在地": "佐賀県鳥栖市東町１丁目１０２０", "緯度": 33.371039, "経度": 130.516453, "url": "https://www.iryou.teikyouseido.mhlw.go.jp/znk-web/juminkanja/S2430/initialize?prefCd=41&kikanCd=4100000161&kikanKbn=5", "url2": "https.//www.wataya-ph.jp", "内容": "東町わたや薬局【5:薬局】佐賀県鳥栖市東町１丁目１０２０" }, "geometry": { "type": "Point", "coordinates": [ 130.516453, 33.371039 ] } },
{ "type": "Feature", "properties": { "ID": 4154100000162, "正式名称": "有限会社　ひかり薬局", "機関区分": 5, "都道府県コード": 41, "市区町村コード": 203, "所在地": "佐賀県鳥栖市宿町１４０１－１", "緯度": 33.377046, "経度": 130.502834, "url": "https://www.iryou.teikyouseido.mhlw.go.jp/znk-web/juminkanja/S2430/initialize?prefCd=41&kikanCd=4100000162&kikanKbn=5", "url2": "http://hikari-tosu.com/", "内容": "有限会社　ひかり薬局【5:薬局】佐賀県鳥栖市宿町１４０１－１" }, "geometry": { "type": "Point", "coordinates": [ 130.502834, 33.377046 ] } },
{ "type": "Feature", "properties": { "ID": 4154100000163, "正式名称": "ひまわり薬局　基山店", "機関区分": 5, "都道府県コード": 41, "市区町村コード": 341, "所在地": "佐賀県三養基郡基山町小倉５４５－１０７", "緯度": 33.420253, "経度": 130.533896, "url": "https://www.iryou.teikyouseido.mhlw.go.jp/znk-web/juminkanja/S2430/initialize?prefCd=41&kikanCd=4100000163&kikanKbn=5", "url2": null, "内容": "ひまわり薬局　基山店【5:薬局】佐賀県三養基郡基山町小倉５４５－１０７" }, "geometry": { "type": "Point", "coordinates": [ 130.533896, 33.420253 ] } },
{ "type": "Feature", "properties": { "ID": 4154100000166, "正式名称": "溝上薬局　上峰店", "機関区分": 5, "都道府県コード": 41, "市区町村コード": 345, "所在地": "佐賀県三養基郡上峰町大字坊所１５７０番地１７６", "緯度": 33.328375, "経度": 130.418575, "url": "https://www.iryou.teikyouseido.mhlw.go.jp/znk-web/juminkanja/S2430/initialize?prefCd=41&kikanCd=4100000166&kikanKbn=5", "url2": "http://www.miz-pharmacy.co.jp", "内容": "溝上薬局　上峰店【5:薬局】佐賀県三養基郡上峰町大字坊所１５７０番地１７６" }, "geometry": { "type": "Point", "coordinates": [ 130.418575, 33.328375 ] } },
{ "type": "Feature", "properties": { "ID": 4154100000167, "正式名称": "溝上薬局　けやき台店", "機関区分": 5, "都道府県コード": 41, "市区町村コード": 341, "所在地": "佐賀県三養基郡基山町けやき台一丁目３３番４号", "緯度": 33.433975, "経度": 130.53265, "url": "https://www.iryou.teikyouseido.mhlw.go.jp/znk-web/juminkanja/S2430/initialize?prefCd=41&kikanCd=4100000167&kikanKbn=5", "url2": "http://www.miz-pharmacy.co.jp", "内容": "溝上薬局　けやき台店【5:薬局】佐賀県三養基郡基山町けやき台一丁目３３番４号" }, "geometry": { "type": "Point", "coordinates": [ 130.53265, 33.433975 ] } },
{ "type": "Feature", "properties": { "ID": 4154100000168, "正式名称": "溝上薬局　宿町店", "機関区分": 5, "都道府県コード": 41, "市区町村コード": 203, "所在地": "佐賀県鳥栖市宿町１４５３－１０", "緯度": 33.380247, "経度": 130.501647, "url": "https://www.iryou.teikyouseido.mhlw.go.jp/znk-web/juminkanja/S2430/initialize?prefCd=41&kikanCd=4100000168&kikanKbn=5", "url2": "http://www.miz-pharmacy.co.jp", "内容": "溝上薬局　宿町店【5:薬局】佐賀県鳥栖市宿町１４５３－１０" }, "geometry": { "type": "Point", "coordinates": [ 130.501647, 33.380247 ] } },
{ "type": "Feature", "properties": { "ID": 4154100000169, "正式名称": "メイプル薬局", "機関区分": 5, "都道府県コード": 41, "市区町村コード": 203, "所在地": "佐賀県鳥栖市蔵上２丁目２１６番地", "緯度": 33.374413, "経度": 130.494607, "url": "https://www.iryou.teikyouseido.mhlw.go.jp/znk-web/juminkanja/S2430/initialize?prefCd=41&kikanCd=4100000169&kikanKbn=5", "url2": null, "内容": "メイプル薬局【5:薬局】佐賀県鳥栖市蔵上２丁目２１６番地" }, "geometry": { "type": "Point", "coordinates": [ 130.494607, 33.374413 ] } },
{ "type": "Feature", "properties": { "ID": 4154100000170, "正式名称": "もくば薬局　本町店", "機関区分": 5, "都道府県コード": 41, "市区町村コード": 203, "所在地": "佐賀県鳥栖市本町１丁目９３６番１", "緯度": 33.374683, "経度": 130.513494, "url": "https://www.iryou.teikyouseido.mhlw.go.jp/znk-web/juminkanja/S2430/initialize?prefCd=41&kikanCd=4100000170&kikanKbn=5", "url2": null, "内容": "もくば薬局　本町店【5:薬局】佐賀県鳥栖市本町１丁目９３６番１" }, "geometry": { "type": "Point", "coordinates": [ 130.513494, 33.374683 ] } },
{ "type": "Feature", "properties": { "ID": 4154100000171, "正式名称": "アイ薬局東多久店", "機関区分": 5, "都道府県コード": 41, "市区町村コード": 204, "所在地": "佐賀県多久市東多久町別府５３２０", "緯度": 33.283985, "経度": 130.143413, "url": "https://www.iryou.teikyouseido.mhlw.go.jp/znk-web/juminkanja/S2430/initialize?prefCd=41&kikanCd=4100000171&kikanKbn=5", "url2": null, "内容": "アイ薬局東多久店【5:薬局】佐賀県多久市東多久町別府５３２０" }, "geometry": { "type": "Point", "coordinates": [ 130.143413, 33.283985 ] } },
{ "type": "Feature", "properties": { "ID": 4154100000172, "正式名称": "有限会社あかさか薬局　牛津東店", "機関区分": 5, "都道府県コード": 41, "市区町村コード": 208, "所在地": "佐賀県小城市牛津町勝１４７０－１", "緯度": 33.24851, "経度": 130.196543, "url": "https://www.iryou.teikyouseido.mhlw.go.jp/znk-web/juminkanja/S2430/initialize?prefCd=41&kikanCd=4100000172&kikanKbn=5", "url2": null, "内容": "有限会社あかさか薬局　牛津東店【5:薬局】佐賀県小城市牛津町勝１４７０－１" }, "geometry": { "type": "Point", "coordinates": [ 130.196543, 33.24851 ] } },
{ "type": "Feature", "properties": { "ID": 4154100000173, "正式名称": "有限会社あかさか薬局　砥川店", "機関区分": 5, "都道府県コード": 41, "市区町村コード": 208, "所在地": "佐賀県小城市牛津町上砥川１７４－１", "緯度": 33.244354, "経度": 130.188185, "url": "https://www.iryou.teikyouseido.mhlw.go.jp/znk-web/juminkanja/S2430/initialize?prefCd=41&kikanCd=4100000173&kikanKbn=5", "url2": null, "内容": "有限会社あかさか薬局　砥川店【5:薬局】佐賀県小城市牛津町上砥川１７４－１" }, "geometry": { "type": "Point", "coordinates": [ 130.188185, 33.244354 ] } },
{ "type": "Feature", "properties": { "ID": 4154100000174, "正式名称": "いしまつ薬局", "機関区分": 5, "都道府県コード": 41, "市区町村コード": 208, "所在地": "佐賀県小城市小城町晴気２６２－６", "緯度": 33.296765, "経度": 130.181956, "url": "https://www.iryou.teikyouseido.mhlw.go.jp/znk-web/juminkanja/S2430/initialize?prefCd=41&kikanCd=4100000174&kikanKbn=5", "url2": null, "内容": "いしまつ薬局【5:薬局】佐賀県小城市小城町晴気２６２－６" }, "geometry": { "type": "Point", "coordinates": [ 130.181956, 33.296765 ] } },
{ "type": "Feature", "properties": { "ID": 4154100000175, "正式名称": "今泉薬局", "機関区分": 5, "都道府県コード": 41, "市区町村コード": 208, "所在地": "佐賀県小城市小城町４７０・４７２合併地", "緯度": 33.294529, "経度": 130.20032, "url": "https://www.iryou.teikyouseido.mhlw.go.jp/znk-web/juminkanja/S2430/initialize?prefCd=41&kikanCd=4100000175&kikanKbn=5", "url2": "https://41life.jp", "内容": "今泉薬局【5:薬局】佐賀県小城市小城町４７０・４７２合併地" }, "geometry": { "type": "Point", "coordinates": [ 130.20032, 33.294529 ] } },
{ "type": "Feature", "properties": { "ID": 4154100000176, "正式名称": "片桐薬局京町店", "機関区分": 5, "都道府県コード": 41, "市区町村コード": 204, "所在地": "佐賀県多久市北多久町大字小侍６０２－８", "緯度": 33.289094, "経度": 130.098761, "url": "https://www.iryou.teikyouseido.mhlw.go.jp/znk-web/juminkanja/S2430/initialize?prefCd=41&kikanCd=4100000176&kikanKbn=5", "url2": null, "内容": "片桐薬局京町店【5:薬局】佐賀県多久市北多久町大字小侍６０２－８" }, "geometry": { "type": "Point", "coordinates": [ 130.098761, 33.289094 ] } },
{ "type": "Feature", "properties": { "ID": 4154100000177, "正式名称": "神代薬局　セリオ牛津店", "機関区分": 5, "都道府県コード": 41, "市区町村コード": 208, "所在地": "佐賀県小城市牛津町柿樋瀬１０６２－１　ショッピングプラザセリオ内", "緯度": 33.248769, "経度": 130.204386, "url": "https://www.iryou.teikyouseido.mhlw.go.jp/znk-web/juminkanja/S2430/initialize?prefCd=41&kikanCd=4100000177&kikanKbn=5", "url2": "https://www.kumashiro-p.co.jp/", "内容": "神代薬局　セリオ牛津店【5:薬局】佐賀県小城市牛津町柿樋瀬１０６２－１　ショッピングプラザセリオ内" }, "geometry": { "type": "Point", "coordinates": [ 130.204386, 33.248769 ] } },
{ "type": "Feature", "properties": { "ID": 4154100000178, "正式名称": "けんけん薬局", "機関区分": 5, "都道府県コード": 41, "市区町村コード": 208, "所在地": "佐賀県小城市小城町７２３－１５", "緯度": 33.299769, "経度": 130.209939, "url": "https://www.iryou.teikyouseido.mhlw.go.jp/znk-web/juminkanja/S2430/initialize?prefCd=41&kikanCd=4100000178&kikanKbn=5", "url2": null, "内容": "けんけん薬局【5:薬局】佐賀県小城市小城町７２３－１５" }, "geometry": { "type": "Point", "coordinates": [ 130.209939, 33.299769 ] } },
{ "type": "Feature", "properties": { "ID": 4154100000179, "正式名称": "スピカ　薬局", "機関区分": 5, "都道府県コード": 41, "市区町村コード": 204, "所在地": "佐賀県多久市北多久町小侍５８３４", "緯度": 33.288197, "経度": 130.09863, "url": "https://www.iryou.teikyouseido.mhlw.go.jp/znk-web/juminkanja/S2430/initialize?prefCd=41&kikanCd=4100000179&kikanKbn=5", "url2": null, "内容": "スピカ　薬局【5:薬局】佐賀県多久市北多久町小侍５８３４" }, "geometry": { "type": "Point", "coordinates": [ 130.09863, 33.288197 ] } },
{ "type": "Feature", "properties": { "ID": 4154100000181, "正式名称": "はる薬局", "機関区分": 5, "都道府県コード": 41, "市区町村コード": 202, "所在地": "佐賀県唐津市原９１７番地", "緯度": 33.4199, "経度": 129.997881, "url": "https://www.iryou.teikyouseido.mhlw.go.jp/znk-web/juminkanja/S2430/initialize?prefCd=41&kikanCd=4100000181&kikanKbn=5", "url2": "https://www.nanohana-ph.jp/shop/kyusyu/saga/karatsu/haru.php", "内容": "はる薬局【5:薬局】佐賀県唐津市原９１７番地" }, "geometry": { "type": "Point", "coordinates": [ 129.997881, 33.4199 ] } },
{ "type": "Feature", "properties": { "ID": 4154100000183, "正式名称": "あさひ薬局　駅南店", "機関区分": 5, "都道府県コード": 41, "市区町村コード": 206, "所在地": "佐賀県武雄市武雄町昭和２７－１", "緯度": 33.194733, "経度": 130.02457, "url": "https://www.iryou.teikyouseido.mhlw.go.jp/znk-web/juminkanja/S2430/initialize?prefCd=41&kikanCd=4100000183&kikanKbn=5", "url2": "http://chemist-asahi.com/", "内容": "あさひ薬局　駅南店【5:薬局】佐賀県武雄市武雄町昭和２７－１" }, "geometry": { "type": "Point", "coordinates": [ 130.02457, 33.194733 ] } },
{ "type": "Feature", "properties": { "ID": 4154100000184, "正式名称": "山下薬局　有田店", "機関区分": 5, "都道府県コード": 41, "市区町村コード": 401, "所在地": "佐賀県西松浦郡有田町本町東ノ前丙１０７２", "緯度": 33.184502, "経度": 129.877197, "url": "https://www.iryou.teikyouseido.mhlw.go.jp/znk-web/juminkanja/S2430/initialize?prefCd=41&kikanCd=4100000184&kikanKbn=5", "url2": null, "内容": "山下薬局　有田店【5:薬局】佐賀県西松浦郡有田町本町東ノ前丙１０７２" }, "geometry": { "type": "Point", "coordinates": [ 129.877197, 33.184502 ] } },
{ "type": "Feature", "properties": { "ID": 4154100000186, "正式名称": "中山薬局", "機関区分": 5, "都道府県コード": 41, "市区町村コード": 204, "所在地": "佐賀県多久市北多久町大字小侍６０８ー９", "緯度": 33.289918, "経度": 130.099122, "url": "https://www.iryou.teikyouseido.mhlw.go.jp/znk-web/juminkanja/S2430/initialize?prefCd=41&kikanCd=4100000186&kikanKbn=5", "url2": null, "内容": "中山薬局【5:薬局】佐賀県多久市北多久町大字小侍６０８ー９" }, "geometry": { "type": "Point", "coordinates": [ 130.099122, 33.289918 ] } },
{ "type": "Feature", "properties": { "ID": 4154100000187, "正式名称": "坂本健康堂薬局", "機関区分": 5, "都道府県コード": 41, "市区町村コード": 425, "所在地": "佐賀県杵島郡白石町福田１９５０－３", "緯度": 33.186572, "経度": 130.138853, "url": "https://www.iryou.teikyouseido.mhlw.go.jp/znk-web/juminkanja/S2430/initialize?prefCd=41&kikanCd=4100000187&kikanKbn=5", "url2": null, "内容": "坂本健康堂薬局【5:薬局】佐賀県杵島郡白石町福田１９５０－３" }, "geometry": { "type": "Point", "coordinates": [ 130.138853, 33.186572 ] } },
{ "type": "Feature", "properties": { "ID": 4154100000188, "正式名称": "しろくま薬局　鏡店", "機関区分": 5, "都道府県コード": 41, "市区町村コード": 202, "所在地": "佐賀県唐津市鏡２５３７番地１", "緯度": 33.426061, "経度": 130.003086, "url": "https://www.iryou.teikyouseido.mhlw.go.jp/znk-web/juminkanja/S2430/initialize?prefCd=41&kikanCd=4100000188&kikanKbn=5", "url2": "https://www.shirokumapharmacy.com/", "内容": "しろくま薬局　鏡店【5:薬局】佐賀県唐津市鏡２５３７番地１" }, "geometry": { "type": "Point", "coordinates": [ 130.003086, 33.426061 ] } },
{ "type": "Feature", "properties": { "ID": 4154100000189, "正式名称": "げんき堂薬局　昭和店", "機関区分": 5, "都道府県コード": 41, "市区町村コード": 206, "所在地": "佐賀県武雄市武雄町昭和２１０", "緯度": 33.194032, "経度": 130.026328, "url": "https://www.iryou.teikyouseido.mhlw.go.jp/znk-web/juminkanja/S2430/initialize?prefCd=41&kikanCd=4100000189&kikanKbn=5", "url2": "http://www.genkido-ph.jp/", "内容": "げんき堂薬局　昭和店【5:薬局】佐賀県武雄市武雄町昭和２１０" }, "geometry": { "type": "Point", "coordinates": [ 130.026328, 33.194032 ] } },
{ "type": "Feature", "properties": { "ID": 4154100000190, "正式名称": "溝上薬局　小城多久店", "機関区分": 5, "都道府県コード": 41, "市区町村コード": 208, "所在地": "佐賀県小城市小城町栗原１２番地２", "緯度": 33.291174, "経度": 130.177472, "url": "https://www.iryou.teikyouseido.mhlw.go.jp/znk-web/juminkanja/S2430/initialize?prefCd=41&kikanCd=4100000190&kikanKbn=5", "url2": "http://www.miz-pharmacy.co.jp", "内容": "溝上薬局　小城多久店【5:薬局】佐賀県小城市小城町栗原１２番地２" }, "geometry": { "type": "Point", "coordinates": [ 130.177472, 33.291174 ] } },
{ "type": "Feature", "properties": { "ID": 4154100000191, "正式名称": "溝上薬局　多久店", "機関区分": 5, "都道府県コード": 41, "市区町村コード": 204, "所在地": "佐賀県多久市北多久町大字小侍４３番地３６", "緯度": 33.289411, "経度": 130.111714, "url": "https://www.iryou.teikyouseido.mhlw.go.jp/znk-web/juminkanja/S2430/initialize?prefCd=41&kikanCd=4100000191&kikanKbn=5", "url2": "http://www.miz-pharmacy.co.jp", "内容": "溝上薬局　多久店【5:薬局】佐賀県多久市北多久町大字小侍４３番地３６" }, "geometry": { "type": "Point", "coordinates": [ 130.111714, 33.289411 ] } },
{ "type": "Feature", "properties": { "ID": 4154100000192, "正式名称": "山本薬局", "機関区分": 5, "都道府県コード": 41, "市区町村コード": 208, "所在地": "佐賀県小城市小城町１７４－１", "緯度": 33.292922, "経度": 130.198439, "url": "https://www.iryou.teikyouseido.mhlw.go.jp/znk-web/juminkanja/S2430/initialize?prefCd=41&kikanCd=4100000192&kikanKbn=5", "url2": null, "内容": "山本薬局【5:薬局】佐賀県小城市小城町１７４－１" }, "geometry": { "type": "Point", "coordinates": [ 130.198439, 33.292922 ] } },
{ "type": "Feature", "properties": { "ID": 4154100000193, "正式名称": "有限会社　ユートク薬局", "機関区分": 5, "都道府県コード": 41, "市区町村コード": 208, "所在地": "佐賀県小城市牛津町勝１４９９－１", "緯度": 33.249578, "経度": 130.19965, "url": "https://www.iryou.teikyouseido.mhlw.go.jp/znk-web/juminkanja/S2430/initialize?prefCd=41&kikanCd=4100000193&kikanKbn=5", "url2": "https://www.instagram.com/yuutoku.pharmacy", "内容": "有限会社　ユートク薬局【5:薬局】佐賀県小城市牛津町勝１４９９－１" }, "geometry": { "type": "Point", "coordinates": [ 130.19965, 33.249578 ] } },
{ "type": "Feature", "properties": { "ID": 4154100000194, "正式名称": "株式会社　アガペ鏡山薬局", "機関区分": 5, "都道府県コード": 41, "市区町村コード": 202, "所在地": "佐賀県唐津市鏡４６２０－１", "緯度": 33.435395, "経度": 130.01433, "url": "https://www.iryou.teikyouseido.mhlw.go.jp/znk-web/juminkanja/S2430/initialize?prefCd=41&kikanCd=4100000194&kikanKbn=5", "url2": "https://www.agape21.jp/", "内容": "株式会社　アガペ鏡山薬局【5:薬局】佐賀県唐津市鏡４６２０－１" }, "geometry": { "type": "Point", "coordinates": [ 130.01433, 33.435395 ] } },
{ "type": "Feature", "properties": { "ID": 4154100000195, "正式名称": "株式会社　あさひ薬局　松南店", "機関区分": 5, "都道府県コード": 41, "市区町村コード": 202, "所在地": "佐賀県唐津市鏡新開３９", "緯度": 33.438079, "経度": 129.997173, "url": "https://www.iryou.teikyouseido.mhlw.go.jp/znk-web/juminkanja/S2430/initialize?prefCd=41&kikanCd=4100000195&kikanKbn=5", "url2": "https://asahi-karatsu.com/", "内容": "株式会社　あさひ薬局　松南店【5:薬局】佐賀県唐津市鏡新開３９" }, "geometry": { "type": "Point", "coordinates": [ 129.997173, 33.438079 ] } },
{ "type": "Feature", "properties": { "ID": 4154100000196, "正式名称": "あさひ薬局　山本店", "機関区分": 5, "都道府県コード": 41, "市区町村コード": 202, "所在地": "佐賀県唐津市山本１３９６", "緯度": 33.396623, "経度": 129.976268, "url": "https://www.iryou.teikyouseido.mhlw.go.jp/znk-web/juminkanja/S2430/initialize?prefCd=41&kikanCd=4100000196&kikanKbn=5", "url2": "http://www.asahi-p-karatsu.com/", "内容": "あさひ薬局　山本店【5:薬局】佐賀県唐津市山本１３９６" }, "geometry": { "type": "Point", "coordinates": [ 129.976268, 33.396623 ] } },
{ "type": "Feature", "properties": { "ID": 4154100000197, "正式名称": "有限会社　愛宕調剤薬局", "機関区分": 5, "都道府県コード": 41, "市区町村コード": 202, "所在地": "佐賀県唐津市呼子町呼子４１８８－１４", "緯度": 33.537109, "経度": 129.893366, "url": "https://www.iryou.teikyouseido.mhlw.go.jp/znk-web/juminkanja/S2430/initialize?prefCd=41&kikanCd=4100000197&kikanKbn=5", "url2": null, "内容": "有限会社　愛宕調剤薬局【5:薬局】佐賀県唐津市呼子町呼子４１８８－１４" }, "geometry": { "type": "Point", "coordinates": [ 129.893366, 33.537109 ] } },
{ "type": "Feature", "properties": { "ID": 4154100000198, "正式名称": "イノウエ薬局", "機関区分": 5, "都道府県コード": 41, "市区町村コード": 202, "所在地": "佐賀県唐津市和多田南先石８－１", "緯度": 33.433308, "経度": 129.987161, "url": "https://www.iryou.teikyouseido.mhlw.go.jp/znk-web/juminkanja/S2430/initialize?prefCd=41&kikanCd=4100000198&kikanKbn=5", "url2": null, "内容": "イノウエ薬局【5:薬局】佐賀県唐津市和多田南先石８－１" }, "geometry": { "type": "Point", "coordinates": [ 129.987161, 33.433308 ] } },
{ "type": "Feature", "properties": { "ID": 4154100000200, "正式名称": "エキマエ薬局", "機関区分": 5, "都道府県コード": 41, "市区町村コード": 202, "所在地": "佐賀県唐津市浜玉町浜崎１０７２", "緯度": 33.447761, "経度": 130.036892, "url": "https://www.iryou.teikyouseido.mhlw.go.jp/znk-web/juminkanja/S2430/initialize?prefCd=41&kikanCd=4100000200&kikanKbn=5", "url2": null, "内容": "エキマエ薬局【5:薬局】佐賀県唐津市浜玉町浜崎１０７２" }, "geometry": { "type": "Point", "coordinates": [ 130.036892, 33.447761 ] } },
{ "type": "Feature", "properties": { "ID": 4154100000201, "正式名称": "有限会社　唐津薬局", "機関区分": 5, "都道府県コード": 41, "市区町村コード": 202, "所在地": "佐賀県唐津市中町１５１３－２８", "緯度": 33.448704, "経度": 129.970548, "url": "https://www.iryou.teikyouseido.mhlw.go.jp/znk-web/juminkanja/S2430/initialize?prefCd=41&kikanCd=4100000201&kikanKbn=5", "url2": null, "内容": "有限会社　唐津薬局【5:薬局】佐賀県唐津市中町１５１３－２８" }, "geometry": { "type": "Point", "coordinates": [ 129.970548, 33.448704 ] } },
{ "type": "Feature", "properties": { "ID": 4154100000203, "正式名称": "（有）唐津薬局　用尺支店", "機関区分": 5, "都道府県コード": 41, "市区町村コード": 202, "所在地": "佐賀県唐津市和多田用尺１２－３９", "緯度": 33.438072, "経度": 129.982014, "url": "https://www.iryou.teikyouseido.mhlw.go.jp/znk-web/juminkanja/S2430/initialize?prefCd=41&kikanCd=4100000203&kikanKbn=5", "url2": null, "内容": "（有）唐津薬局　用尺支店【5:薬局】佐賀県唐津市和多田用尺１２－３９" }, "geometry": { "type": "Point", "coordinates": [ 129.982014, 33.438072 ] } },
{ "type": "Feature", "properties": { "ID": 4154100000204, "正式名称": "たけだ薬局", "機関区分": 5, "都道府県コード": 41, "市区町村コード": 208, "所在地": "佐賀県小城市小城町中町５７２－１", "緯度": 33.297808, "経度": 130.202004, "url": "https://www.iryou.teikyouseido.mhlw.go.jp/znk-web/juminkanja/S2430/initialize?prefCd=41&kikanCd=4100000204&kikanKbn=5", "url2": "https://www.takeda-pharmacy.com/", "内容": "たけだ薬局【5:薬局】佐賀県小城市小城町中町５７２－１" }, "geometry": { "type": "Point", "coordinates": [ 130.202004, 33.297808 ] } },
{ "type": "Feature", "properties": { "ID": 4154100000205, "正式名称": "ショーエイ薬局　光法店", "機関区分": 5, "都道府県コード": 41, "市区町村コード": 201, "所在地": "佐賀県佐賀市北川副町光法１４８４番地１２", "緯度": 33.232841, "経度": 130.331579, "url": "https://www.iryou.teikyouseido.mhlw.go.jp/znk-web/juminkanja/S2430/initialize?prefCd=41&kikanCd=4100000205&kikanKbn=5", "url2": null, "内容": "ショーエイ薬局　光法店【5:薬局】佐賀県佐賀市北川副町光法１４８４番地１２" }, "geometry": { "type": "Point", "coordinates": [ 130.331579, 33.232841 ] } },
{ "type": "Feature", "properties": { "ID": 4154100000206, "正式名称": "溝上薬局　弥生が丘店", "機関区分": 5, "都道府県コード": 41, "市区町村コード": 203, "所在地": "佐賀県鳥栖市弥生が丘５丁目２２２番", "緯度": 33.402469, "経度": 130.516328, "url": "https://www.iryou.teikyouseido.mhlw.go.jp/znk-web/juminkanja/S2430/initialize?prefCd=41&kikanCd=4100000206&kikanKbn=5", "url2": "http://www.miz-pharmacy.co.jp", "内容": "溝上薬局　弥生が丘店【5:薬局】佐賀県鳥栖市弥生が丘５丁目２２２番" }, "geometry": { "type": "Point", "coordinates": [ 130.516328, 33.402469 ] } },
{ "type": "Feature", "properties": { "ID": 4154100000208, "正式名称": "北川薬局　和多田店", "機関区分": 5, "都道府県コード": 41, "市区町村コード": 202, "所在地": "佐賀県唐津市和多田先石", "緯度": 33.436249, "経度": 129.98336, "url": "https://www.iryou.teikyouseido.mhlw.go.jp/znk-web/juminkanja/S2430/initialize?prefCd=41&kikanCd=4100000208&kikanKbn=5", "url2": "https://www.kusurinomadoguchi.com/saga/s58789", "内容": "北川薬局　和多田店【5:薬局】佐賀県唐津市和多田先石" }, "geometry": { "type": "Point", "coordinates": [ 129.98336, 33.436249 ] } },
{ "type": "Feature", "properties": { "ID": 4154100000209, "正式名称": "（有）きたはた薬局", "機関区分": 5, "都道府県コード": 41, "市区町村コード": 202, "所在地": "佐賀県唐津市北波多徳須恵１１９８番地２", "緯度": 33.374189, "経度": 129.946917, "url": "https://www.iryou.teikyouseido.mhlw.go.jp/znk-web/juminkanja/S2430/initialize?prefCd=41&kikanCd=4100000209&kikanKbn=5", "url2": null, "内容": "（有）きたはた薬局【5:薬局】佐賀県唐津市北波多徳須恵１１９８番地２" }, "geometry": { "type": "Point", "coordinates": [ 129.946917, 33.374189 ] } },
{ "type": "Feature", "properties": { "ID": 4154100000210, "正式名称": "健栄薬局", "機関区分": 5, "都道府県コード": 41, "市区町村コード": 202, "所在地": "佐賀県唐津市栄町", "緯度": 33.447258, "経度": 129.977076, "url": "https://www.iryou.teikyouseido.mhlw.go.jp/znk-web/juminkanja/S2430/initialize?prefCd=41&kikanCd=4100000210&kikanKbn=5", "url2": "http://kenkouclub21.co.jp", "内容": "健栄薬局【5:薬局】佐賀県唐津市栄町" }, "geometry": { "type": "Point", "coordinates": [ 129.977076, 33.447258 ] } },
{ "type": "Feature", "properties": { "ID": 4154100000211, "正式名称": "健康クラブ薬局", "機関区分": 5, "都道府県コード": 41, "市区町村コード": 202, "所在地": "佐賀県唐津市厳木町本山３７７－１１", "緯度": 33.331399, "経度": 130.038093, "url": "https://www.iryou.teikyouseido.mhlw.go.jp/znk-web/juminkanja/S2430/initialize?prefCd=41&kikanCd=4100000211&kikanKbn=5", "url2": "http://www.kenkouclub21.co.jp", "内容": "健康クラブ薬局【5:薬局】佐賀県唐津市厳木町本山３７７－１１" }, "geometry": { "type": "Point", "coordinates": [ 130.038093, 33.331399 ] } },
{ "type": "Feature", "properties": { "ID": 4154100000212, "正式名称": "健湊薬局", "機関区分": 5, "都道府県コード": 41, "市区町村コード": 202, "所在地": "佐賀県唐津市湊町７７１－１", "緯度": 33.526825, "経度": 129.952144, "url": "https://www.iryou.teikyouseido.mhlw.go.jp/znk-web/juminkanja/S2430/initialize?prefCd=41&kikanCd=4100000212&kikanKbn=5", "url2": "http://www.kenkouclub21.co.jp", "内容": "健湊薬局【5:薬局】佐賀県唐津市湊町７７１－１" }, "geometry": { "type": "Point", "coordinates": [ 129.952144, 33.526825 ] } },
{ "type": "Feature", "properties": { "ID": 4154100000214, "正式名称": "有限会社　酒井薬局", "機関区分": 5, "都道府県コード": 41, "市区町村コード": 202, "所在地": "佐賀県唐津市浜玉町浜崎８０４番地２", "緯度": 33.448272, "経度": 130.040833, "url": "https://www.iryou.teikyouseido.mhlw.go.jp/znk-web/juminkanja/S2430/initialize?prefCd=41&kikanCd=4100000214&kikanKbn=5", "url2": "https://www.kusurinomadoguchi.com/saga/s1000089537", "内容": "有限会社　酒井薬局【5:薬局】佐賀県唐津市浜玉町浜崎８０４番地２" }, "geometry": { "type": "Point", "coordinates": [ 130.040833, 33.448272 ] } },
{ "type": "Feature", "properties": { "ID": 4154100000215, "正式名称": "有限会社酒井薬局唐津バイパス店", "機関区分": 5, "都道府県コード": 41, "市区町村コード": 202, "所在地": "佐賀県唐津市浜玉町横田下９３７－３", "緯度": 33.437961, "経度": 130.033742, "url": "https://www.iryou.teikyouseido.mhlw.go.jp/znk-web/juminkanja/S2430/initialize?prefCd=41&kikanCd=4100000215&kikanKbn=5", "url2": null, "内容": "有限会社酒井薬局唐津バイパス店【5:薬局】佐賀県唐津市浜玉町横田下９３７－３" }, "geometry": { "type": "Point", "coordinates": [ 130.033742, 33.437961 ] } },
{ "type": "Feature", "properties": { "ID": 4154100000216, "正式名称": "順天堂薬局", "機関区分": 5, "都道府県コード": 41, "市区町村コード": 202, "所在地": "佐賀県唐津市大名小路５－１", "緯度": 33.449861, "経度": 129.971799, "url": "https://www.iryou.teikyouseido.mhlw.go.jp/znk-web/juminkanja/S2430/initialize?prefCd=41&kikanCd=4100000216&kikanKbn=5", "url2": null, "内容": "順天堂薬局【5:薬局】佐賀県唐津市大名小路５－１" }, "geometry": { "type": "Point", "coordinates": [ 129.971799, 33.449861 ] } },
{ "type": "Feature", "properties": { "ID": 4154100000217, "正式名称": "有限会社　セレン薬局", "機関区分": 5, "都道府県コード": 41, "市区町村コード": 202, "所在地": "佐賀県唐津市町田１８０１番地１", "緯度": 33.437854, "経度": 129.971036, "url": "https://www.iryou.teikyouseido.mhlw.go.jp/znk-web/juminkanja/S2430/initialize?prefCd=41&kikanCd=4100000217&kikanKbn=5", "url2": null, "内容": "有限会社　セレン薬局【5:薬局】佐賀県唐津市町田１８０１番地１" }, "geometry": { "type": "Point", "coordinates": [ 129.971036, 33.437854 ] } },
{ "type": "Feature", "properties": { "ID": 4154100000218, "正式名称": "町田薬局", "機関区分": 5, "都道府県コード": 41, "市区町村コード": 202, "所在地": "佐賀県唐津市町田１丁目８番５号前田ビル１Ｆ", "緯度": 33.44308, "経度": 129.966595, "url": "https://www.iryou.teikyouseido.mhlw.go.jp/znk-web/juminkanja/S2430/initialize?prefCd=41&kikanCd=4100000218&kikanKbn=5", "url2": null, "内容": "町田薬局【5:薬局】佐賀県唐津市町田１丁目８番５号前田ビル１Ｆ" }, "geometry": { "type": "Point", "coordinates": [ 129.966595, 33.44308 ] } },
{ "type": "Feature", "properties": { "ID": 4154100000219, "正式名称": "チヨダ薬局", "機関区分": 5, "都道府県コード": 41, "市区町村コード": 202, "所在地": "佐賀県唐津市栄町２５６９－１３", "緯度": 33.448119, "経度": 129.975617, "url": "https://www.iryou.teikyouseido.mhlw.go.jp/znk-web/juminkanja/S2430/initialize?prefCd=41&kikanCd=4100000219&kikanKbn=5", "url2": null, "内容": "チヨダ薬局【5:薬局】佐賀県唐津市栄町２５６９－１３" }, "geometry": { "type": "Point", "coordinates": [ 129.975617, 33.448119 ] } },
{ "type": "Feature", "properties": { "ID": 4154100000220, "正式名称": "株式会社辻薬店　辻薬局　生駒店", "機関区分": 5, "都道府県コード": 41, "市区町村コード": 202, "所在地": "佐賀県唐津市鏡２６５３番地１", "緯度": 33.423967, "経度": 130.001222, "url": "https://www.iryou.teikyouseido.mhlw.go.jp/znk-web/juminkanja/S2430/initialize?prefCd=41&kikanCd=4100000220&kikanKbn=5", "url2": "http://www.tsuji-yakuten.jp/", "内容": "株式会社辻薬店　辻薬局　生駒店【5:薬局】佐賀県唐津市鏡２６５３番地１" }, "geometry": { "type": "Point", "coordinates": [ 130.001222, 33.423967 ] } },
{ "type": "Feature", "properties": { "ID": 4154100000221, "正式名称": "株式会社　辻薬店　辻薬局　一中通り店", "機関区分": 5, "都道府県コード": 41, "市区町村コード": 202, "所在地": "佐賀県唐津市新興町８０", "緯度": 33.445604, "経度": 129.964007, "url": "https://www.iryou.teikyouseido.mhlw.go.jp/znk-web/juminkanja/S2430/initialize?prefCd=41&kikanCd=4100000221&kikanKbn=5", "url2": "http://www.tsuji-yakuten.jp/", "内容": "株式会社　辻薬店　辻薬局　一中通り店【5:薬局】佐賀県唐津市新興町８０" }, "geometry": { "type": "Point", "coordinates": [ 129.964007, 33.445604 ] } },
{ "type": "Feature", "properties": { "ID": 4154100000222, "正式名称": "辻薬局　大手小路店", "機関区分": 5, "都道府県コード": 41, "市区町村コード": 202, "所在地": "佐賀県唐津市南城内３－３６", "緯度": 33.450143, "経度": 129.970185, "url": "https://www.iryou.teikyouseido.mhlw.go.jp/znk-web/juminkanja/S2430/initialize?prefCd=41&kikanCd=4100000222&kikanKbn=5", "url2": "http://www.tsuji-yakuten.jp/", "内容": "辻薬局　大手小路店【5:薬局】佐賀県唐津市南城内３－３６" }, "geometry": { "type": "Point", "coordinates": [ 129.970185, 33.450143 ] } },
{ "type": "Feature", "properties": { "ID": 4154100000223, "正式名称": "株式会社辻薬店　辻薬局玄海町店", "機関区分": 5, "都道府県コード": 41, "市区町村コード": 387, "所在地": "佐賀県東松浦郡玄海町今村６１１５", "緯度": 33.504223, "経度": 129.852767, "url": "https://www.iryou.teikyouseido.mhlw.go.jp/znk-web/juminkanja/S2430/initialize?prefCd=41&kikanCd=4100000223&kikanKbn=5", "url2": "http://www.tsuji-yakuten.jp/", "内容": "株式会社辻薬店　辻薬局玄海町店【5:薬局】佐賀県東松浦郡玄海町今村６１１５" }, "geometry": { "type": "Point", "coordinates": [ 129.852767, 33.504223 ] } },
{ "type": "Feature", "properties": { "ID": 4154100000224, "正式名称": "株式会社　辻薬店　辻薬局　神田店", "機関区分": 5, "都道府県コード": 41, "市区町村コード": 202, "所在地": "佐賀県唐津市神田２２０２－６０", "緯度": 33.443833, "経度": 129.960126, "url": "https://www.iryou.teikyouseido.mhlw.go.jp/znk-web/juminkanja/S2430/initialize?prefCd=41&kikanCd=4100000224&kikanKbn=5", "url2": "http://www.tsuji-yakuten.jp", "内容": "株式会社　辻薬店　辻薬局　神田店【5:薬局】佐賀県唐津市神田２２０２－６０" }, "geometry": { "type": "Point", "coordinates": [ 129.960126, 33.443833 ] } },
{ "type": "Feature", "properties": { "ID": 4154100000225, "正式名称": "ロングサン薬局", "機関区分": 5, "都道府県コード": 41, "市区町村コード": 201, "所在地": "佐賀県佐賀市水ケ江１丁目４－４６", "緯度": 33.246049, "経度": 130.31766, "url": "https://www.iryou.teikyouseido.mhlw.go.jp/znk-web/juminkanja/S2430/initialize?prefCd=41&kikanCd=4100000225&kikanKbn=5", "url2": "http://www.e-classa.net/longusan/", "内容": "ロングサン薬局【5:薬局】佐賀県佐賀市水ケ江１丁目４－４６" }, "geometry": { "type": "Point", "coordinates": [ 130.31766, 33.246049 ] } },
{ "type": "Feature", "properties": { "ID": 4154100000226, "正式名称": "アルナ薬局浜町店", "機関区分": 5, "都道府県コード": 41, "市区町村コード": 207, "所在地": "佐賀県鹿島市浜町１２８９－１", "緯度": 33.09499, "経度": 130.112819, "url": "https://www.iryou.teikyouseido.mhlw.go.jp/znk-web/juminkanja/S2430/initialize?prefCd=41&kikanCd=4100000226&kikanKbn=5", "url2": "http://www.aruna-ds.co.jp/", "内容": "アルナ薬局浜町店【5:薬局】佐賀県鹿島市浜町１２８９－１" }, "geometry": { "type": "Point", "coordinates": [ 130.112819, 33.09499 ] } },
{ "type": "Feature", "properties": { "ID": 4154100000227, "正式名称": "ロングサン薬局　江北店", "機関区分": 5, "都道府県コード": 41, "市区町村コード": 424, "所在地": "佐賀県杵島郡江北町山口１２８７", "緯度": 33.217116, "経度": 130.159378, "url": "https://www.iryou.teikyouseido.mhlw.go.jp/znk-web/juminkanja/S2430/initialize?prefCd=41&kikanCd=4100000227&kikanKbn=5", "url2": null, "内容": "ロングサン薬局　江北店【5:薬局】佐賀県杵島郡江北町山口１２８７" }, "geometry": { "type": "Point", "coordinates": [ 130.159378, 33.217116 ] } },
{ "type": "Feature", "properties": { "ID": 4154100000228, "正式名称": "株式会社辻薬店　辻薬局　城内店", "機関区分": 5, "都道府県コード": 41, "市区町村コード": 202, "所在地": "佐賀県唐津市南城内６７番地", "緯度": 33.450253, "経度": 129.969248, "url": "https://www.iryou.teikyouseido.mhlw.go.jp/znk-web/juminkanja/S2430/initialize?prefCd=41&kikanCd=4100000228&kikanKbn=5", "url2": "http://www.tsuji-yakuten.jp/", "内容": "株式会社辻薬店　辻薬局　城内店【5:薬局】佐賀県唐津市南城内６７番地" }, "geometry": { "type": "Point", "coordinates": [ 129.969248, 33.450253 ] } },
{ "type": "Feature", "properties": { "ID": 4154100000229, "正式名称": "辻薬局　大名小路店", "機関区分": 5, "都道府県コード": 41, "市区町村コード": 202, "所在地": "佐賀県唐津市大名小路７１", "緯度": 33.45154, "経度": 129.972412, "url": "https://www.iryou.teikyouseido.mhlw.go.jp/znk-web/juminkanja/S2430/initialize?prefCd=41&kikanCd=4100000229&kikanKbn=5", "url2": "http://www.tsuji-yakuten.jp/", "内容": "辻薬局　大名小路店【5:薬局】佐賀県唐津市大名小路７１" }, "geometry": { "type": "Point", "coordinates": [ 129.972412, 33.45154 ] } },
{ "type": "Feature", "properties": { "ID": 4154100000230, "正式名称": "テンジン薬局", "機関区分": 5, "都道府県コード": 41, "市区町村コード": 202, "所在地": "佐賀県唐津市相知町相知２２６７", "緯度": 33.351492, "経度": 130.007644, "url": "https://www.iryou.teikyouseido.mhlw.go.jp/znk-web/juminkanja/S2430/initialize?prefCd=41&kikanCd=4100000230&kikanKbn=5", "url2": "https://www.kusurinomadoguchi.com/saga/s1000089533", "内容": "テンジン薬局【5:薬局】佐賀県唐津市相知町相知２２６７" }, "geometry": { "type": "Point", "coordinates": [ 130.007644, 33.351492 ] } },
{ "type": "Feature", "properties": { "ID": 4154100000231, "正式名称": "有限会社　楢崎薬局", "機関区分": 5, "都道府県コード": 41, "市区町村コード": 202, "所在地": "佐賀県唐津市相知町町切８７５－３", "緯度": 33.327641, "経度": 130.038637, "url": "https://www.iryou.teikyouseido.mhlw.go.jp/znk-web/juminkanja/S2430/initialize?prefCd=41&kikanCd=4100000231&kikanKbn=5", "url2": null, "内容": "有限会社　楢崎薬局【5:薬局】佐賀県唐津市相知町町切８７５－３" }, "geometry": { "type": "Point", "coordinates": [ 130.038637, 33.327641 ] } },
{ "type": "Feature", "properties": { "ID": 4154100000232, "正式名称": "株式会社　馬場薬局", "機関区分": 5, "都道府県コード": 41, "市区町村コード": 202, "所在地": "佐賀県唐津市千代田町２５８３－３３", "緯度": 33.448623, "経度": 129.973554, "url": "https://www.iryou.teikyouseido.mhlw.go.jp/znk-web/juminkanja/S2430/initialize?prefCd=41&kikanCd=4100000232&kikanKbn=5", "url2": "http://www.babakanpou.co.jp", "内容": "株式会社　馬場薬局【5:薬局】佐賀県唐津市千代田町２５８３－３３" }, "geometry": { "type": "Point", "coordinates": [ 129.973554, 33.448623 ] } },
{ "type": "Feature", "properties": { "ID": 4154100000233, "正式名称": "しろくま薬局　東城内店", "機関区分": 5, "都道府県コード": 41, "市区町村コード": 202, "所在地": "佐賀県唐津市千代田町２１０９－１１０", "緯度": 33.450854, "経度": 129.974426, "url": "https://www.iryou.teikyouseido.mhlw.go.jp/znk-web/juminkanja/S2430/initialize?prefCd=41&kikanCd=4100000233&kikanKbn=5", "url2": "https://www.shirokumapharmacy.com/", "内容": "しろくま薬局　東城内店【5:薬局】佐賀県唐津市千代田町２１０９－１１０" }, "geometry": { "type": "Point", "coordinates": [ 129.974426, 33.450854 ] } },
{ "type": "Feature", "properties": { "ID": 4154100000234, "正式名称": "株式会社　馬場薬局海岸店", "機関区分": 5, "都道府県コード": 41, "市区町村コード": 202, "所在地": "佐賀県唐津市海岸通７１８２－４４１", "緯度": 33.469068, "経度": 129.953908, "url": "https://www.iryou.teikyouseido.mhlw.go.jp/znk-web/juminkanja/S2430/initialize?prefCd=41&kikanCd=4100000234&kikanKbn=5", "url2": "http://www.babakanpou.co.jp/", "内容": "株式会社　馬場薬局海岸店【5:薬局】佐賀県唐津市海岸通７１８２－４４１" }, "geometry": { "type": "Point", "coordinates": [ 129.953908, 33.469068 ] } },
{ "type": "Feature", "properties": { "ID": 4154100000235, "正式名称": "馬場薬局　和多田店", "機関区分": 5, "都道府県コード": 41, "市区町村コード": 202, "所在地": "佐賀県唐津市和多田用尺２９３９－６", "緯度": 33.4374, "経度": 129.981821, "url": "https://www.iryou.teikyouseido.mhlw.go.jp/znk-web/juminkanja/S2430/initialize?prefCd=41&kikanCd=4100000235&kikanKbn=5", "url2": "http://www.babakanpou.co.jp/", "内容": "馬場薬局　和多田店【5:薬局】佐賀県唐津市和多田用尺２９３９－６" }, "geometry": { "type": "Point", "coordinates": [ 129.981821, 33.4374 ] } },
{ "type": "Feature", "properties": { "ID": 4154100000236, "正式名称": "べにばな薬局", "機関区分": 5, "都道府県コード": 41, "市区町村コード": 202, "所在地": "佐賀県唐津市南富士見町６－２３", "緯度": 33.455944, "経度": 129.963356, "url": "https://www.iryou.teikyouseido.mhlw.go.jp/znk-web/juminkanja/S2430/initialize?prefCd=41&kikanCd=4100000236&kikanKbn=5", "url2": "https://benibana-kanpou.jimdofree.com", "内容": "べにばな薬局【5:薬局】佐賀県唐津市南富士見町６－２３" }, "geometry": { "type": "Point", "coordinates": [ 129.963356, 33.455944 ] } },
{ "type": "Feature", "properties": { "ID": 4154100000237, "正式名称": "前谷薬局", "機関区分": 5, "都道府県コード": 41, "市区町村コード": 202, "所在地": "佐賀県唐津市呼子町呼子１９５０", "緯度": 33.543472, "経度": 129.892827, "url": "https://www.iryou.teikyouseido.mhlw.go.jp/znk-web/juminkanja/S2430/initialize?prefCd=41&kikanCd=4100000237&kikanKbn=5", "url2": null, "内容": "前谷薬局【5:薬局】佐賀県唐津市呼子町呼子１９５０" }, "geometry": { "type": "Point", "coordinates": [ 129.892827, 33.543472 ] } },
{ "type": "Feature", "properties": { "ID": 4154100000238, "正式名称": "前谷薬局　アルファ", "機関区分": 5, "都道府県コード": 41, "市区町村コード": 202, "所在地": "佐賀県唐津市呼子町殿ノ浦１１６－１", "緯度": 33.531475, "経度": 129.891531, "url": "https://www.iryou.teikyouseido.mhlw.go.jp/znk-web/juminkanja/S2430/initialize?prefCd=41&kikanCd=4100000238&kikanKbn=5", "url2": null, "内容": "前谷薬局　アルファ【5:薬局】佐賀県唐津市呼子町殿ノ浦１１６－１" }, "geometry": { "type": "Point", "coordinates": [ 129.891531, 33.531475 ] } },
{ "type": "Feature", "properties": { "ID": 4154100000239, "正式名称": "有限会社まつばら薬局", "機関区分": 5, "都道府県コード": 41, "市区町村コード": 202, "所在地": "佐賀県唐津市鏡２９０４－２", "緯度": 33.431303, "経度": 130.0016, "url": "https://www.iryou.teikyouseido.mhlw.go.jp/znk-web/juminkanja/S2430/initialize?prefCd=41&kikanCd=4100000239&kikanKbn=5", "url2": "https://matsubara-phrmacy.com", "内容": "有限会社まつばら薬局【5:薬局】佐賀県唐津市鏡２９０４－２" }, "geometry": { "type": "Point", "coordinates": [ 130.0016, 33.431303 ] } },
{ "type": "Feature", "properties": { "ID": 4154100000240, "正式名称": "有限会社まつばら薬局西唐津店", "機関区分": 5, "都道府県コード": 41, "市区町村コード": 202, "所在地": "佐賀県唐津市海岸通７１８２－７８", "緯度": 33.469225, "経度": 129.957897, "url": "https://www.iryou.teikyouseido.mhlw.go.jp/znk-web/juminkanja/S2430/initialize?prefCd=41&kikanCd=4100000240&kikanKbn=5", "url2": "https://matsubara-pharmacy.com", "内容": "有限会社まつばら薬局西唐津店【5:薬局】佐賀県唐津市海岸通７１８２－７８" }, "geometry": { "type": "Point", "coordinates": [ 129.957897, 33.469225 ] } },
{ "type": "Feature", "properties": { "ID": 4154100000241, "正式名称": "有限会社　まつばら薬局外町店", "機関区分": 5, "都道府県コード": 41, "市区町村コード": 202, "所在地": "佐賀県唐津市船宮町２２４７－１", "緯度": 33.445914, "経度": 129.976947, "url": "https://www.iryou.teikyouseido.mhlw.go.jp/znk-web/juminkanja/S2430/initialize?prefCd=41&kikanCd=4100000241&kikanKbn=5", "url2": "https://matsubara-pharmacy.com", "内容": "有限会社　まつばら薬局外町店【5:薬局】佐賀県唐津市船宮町２２４７－１" }, "geometry": { "type": "Point", "coordinates": [ 129.976947, 33.445914 ] } },
{ "type": "Feature", "properties": { "ID": 4154100000242, "正式名称": "みね薬局", "機関区分": 5, "都道府県コード": 41, "市区町村コード": 202, "所在地": "佐賀県唐津市山本１５４３", "緯度": 33.394342, "経度": 129.979339, "url": "https://www.iryou.teikyouseido.mhlw.go.jp/znk-web/juminkanja/S2430/initialize?prefCd=41&kikanCd=4100000242&kikanKbn=5", "url2": null, "内容": "みね薬局【5:薬局】佐賀県唐津市山本１５４３" }, "geometry": { "type": "Point", "coordinates": [ 129.979339, 33.394342 ] } },
{ "type": "Feature", "properties": { "ID": 4154100000243, "正式名称": "そうごう薬局　高木瀬店", "機関区分": 5, "都道府県コード": 41, "市区町村コード": 201, "所在地": "佐賀県佐賀市高木瀬町長瀬９６９－１アルタ高木瀬店１階", "緯度": 33.292385, "経度": 130.286107, "url": "https://www.iryou.teikyouseido.mhlw.go.jp/znk-web/juminkanja/S2430/initialize?prefCd=41&kikanCd=4100000243&kikanKbn=5", "url2": "https://www.sogo-medical.co.jp/sogopharmacy/shop/view/550", "内容": "そうごう薬局　高木瀬店【5:薬局】佐賀県佐賀市高木瀬町長瀬９６９－１アルタ高木瀬店１階" }, "geometry": { "type": "Point", "coordinates": [ 130.286107, 33.292385 ] } },
{ "type": "Feature", "properties": { "ID": 4154100000244, "正式名称": "溝上薬局　木原店", "機関区分": 5, "都道府県コード": 41, "市区町村コード": 201, "所在地": "佐賀県佐賀市木原１丁目２４番４０号", "緯度": 33.243493, "経度": 130.315602, "url": "https://www.iryou.teikyouseido.mhlw.go.jp/znk-web/juminkanja/S2430/initialize?prefCd=41&kikanCd=4100000244&kikanKbn=5", "url2": "http://www.miz-pharmacy.co.jp", "内容": "溝上薬局　木原店【5:薬局】佐賀県佐賀市木原１丁目２４番４０号" }, "geometry": { "type": "Point", "coordinates": [ 130.315602, 33.243493 ] } },
{ "type": "Feature", "properties": { "ID": 4154100000246, "正式名称": "山下町つばさ薬局", "機関区分": 5, "都道府県コード": 41, "市区町村コード": 202, "所在地": "佐賀県唐津市山下町１１３５", "緯度": 33.450698, "経度": 129.963205, "url": "https://www.iryou.teikyouseido.mhlw.go.jp/znk-web/juminkanja/S2430/initialize?prefCd=41&kikanCd=4100000246&kikanKbn=5", "url2": null, "内容": "山下町つばさ薬局【5:薬局】佐賀県唐津市山下町１１３５" }, "geometry": { "type": "Point", "coordinates": [ 129.963205, 33.450698 ] } },
{ "type": "Feature", "properties": { "ID": 4154100000247, "正式名称": "山内薬局", "機関区分": 5, "都道府県コード": 41, "市区町村コード": 202, "所在地": "佐賀県唐津市京町１７０１－５", "緯度": 33.446738, "経度": 129.969182, "url": "https://www.iryou.teikyouseido.mhlw.go.jp/znk-web/juminkanja/S2430/initialize?prefCd=41&kikanCd=4100000247&kikanKbn=5", "url2": "https://tamatori.sakura.ne.jp/", "内容": "山内薬局【5:薬局】佐賀県唐津市京町１７０１－５" }, "geometry": { "type": "Point", "coordinates": [ 129.969182, 33.446738 ] } },
{ "type": "Feature", "properties": { "ID": 4154100000248, "正式名称": "山下至誠堂薬局　有浦店", "機関区分": 5, "都道府県コード": 41, "市区町村コード": 387, "所在地": "佐賀県東松浦郡玄海町諸浦３５６－５", "緯度": 33.473442, "経度": 129.875728, "url": "https://www.iryou.teikyouseido.mhlw.go.jp/znk-web/juminkanja/S2430/initialize?prefCd=41&kikanCd=4100000248&kikanKbn=5", "url2": "http://www.y-siseido.jp/", "内容": "山下至誠堂薬局　有浦店【5:薬局】佐賀県東松浦郡玄海町諸浦３５６－５" }, "geometry": { "type": "Point", "coordinates": [ 129.875728, 33.473442 ] } },
{ "type": "Feature", "properties": { "ID": 4154100000250, "正式名称": "キタ薬局中町店", "機関区分": 5, "都道府県コード": 41, "市区町村コード": 209, "所在地": "佐賀県嬉野市塩田町大字馬場下甲７２９－１", "緯度": 33.129998, "経度": 130.059402, "url": "https://www.iryou.teikyouseido.mhlw.go.jp/znk-web/juminkanja/S2430/initialize?prefCd=41&kikanCd=4100000250&kikanKbn=5", "url2": "http://kitapharmacy.com", "内容": "キタ薬局中町店【5:薬局】佐賀県嬉野市塩田町大字馬場下甲７２９－１" }, "geometry": { "type": "Point", "coordinates": [ 130.059402, 33.129998 ] } },
{ "type": "Feature", "properties": { "ID": 4154100000251, "正式名称": "山下至誠堂薬局　菜畑店", "機関区分": 5, "都道府県コード": 41, "市区町村コード": 202, "所在地": "佐賀県唐津市菜畑３６１３－３", "緯度": 33.449756, "経度": 129.958391, "url": "https://www.iryou.teikyouseido.mhlw.go.jp/znk-web/juminkanja/S2430/initialize?prefCd=41&kikanCd=4100000251&kikanKbn=5", "url2": "https://www.y-siseido.jp/", "内容": "山下至誠堂薬局　菜畑店【5:薬局】佐賀県唐津市菜畑３６１３－３" }, "geometry": { "type": "Point", "coordinates": [ 129.958391, 33.449756 ] } },
{ "type": "Feature", "properties": { "ID": 4154100000253, "正式名称": "山下至誠堂薬局　山本店", "機関区分": 5, "都道府県コード": 41, "市区町村コード": 202, "所在地": "佐賀県唐津市山本１５６９－３", "緯度": 33.394536, "経度": 129.977881, "url": "https://www.iryou.teikyouseido.mhlw.go.jp/znk-web/juminkanja/S2430/initialize?prefCd=41&kikanCd=4100000253&kikanKbn=5", "url2": "http://www.y-siseido.jp/", "内容": "山下至誠堂薬局　山本店【5:薬局】佐賀県唐津市山本１５６９－３" }, "geometry": { "type": "Point", "coordinates": [ 129.977881, 33.394536 ] } },
{ "type": "Feature", "properties": { "ID": 4154100000254, "正式名称": "あさひ薬局", "機関区分": 5, "都道府県コード": 41, "市区町村コード": 205, "所在地": "佐賀県伊万里市大坪町丙２１５７", "緯度": 33.274021, "経度": 129.887212, "url": "https://www.iryou.teikyouseido.mhlw.go.jp/znk-web/juminkanja/S2430/initialize?prefCd=41&kikanCd=4100000254&kikanKbn=5", "url2": null, "内容": "あさひ薬局【5:薬局】佐賀県伊万里市大坪町丙２１５７" }, "geometry": { "type": "Point", "coordinates": [ 129.887212, 33.274021 ] } },
{ "type": "Feature", "properties": { "ID": 4154100000255, "正式名称": "あじさい薬局", "機関区分": 5, "都道府県コード": 41, "市区町村コード": 205, "所在地": "佐賀県伊万里市二里町八谷搦１１３９－５", "緯度": 33.278167, "経度": 129.870208, "url": "https://www.iryou.teikyouseido.mhlw.go.jp/znk-web/juminkanja/S2430/initialize?prefCd=41&kikanCd=4100000255&kikanKbn=5", "url2": null, "内容": "あじさい薬局【5:薬局】佐賀県伊万里市二里町八谷搦１１３９－５" }, "geometry": { "type": "Point", "coordinates": [ 129.870208, 33.278167 ] } },
{ "type": "Feature", "properties": { "ID": 4154100000256, "正式名称": "アルナ薬局大川野店", "機関区分": 5, "都道府県コード": 41, "市区町村コード": 205, "所在地": "佐賀県伊万里市大川町大川野３０６０－１", "緯度": 33.306607, "経度": 129.97687, "url": "https://www.iryou.teikyouseido.mhlw.go.jp/znk-web/juminkanja/S2430/initialize?prefCd=41&kikanCd=4100000256&kikanKbn=5", "url2": "http://www.aruna-ds.co.jp/", "内容": "アルナ薬局大川野店【5:薬局】佐賀県伊万里市大川町大川野３０６０－１" }, "geometry": { "type": "Point", "coordinates": [ 129.97687, 33.306607 ] } },
{ "type": "Feature", "properties": { "ID": 4154100000257, "正式名称": "川東カイセイ薬局", "機関区分": 5, "都道府県コード": 41, "市区町村コード": 205, "所在地": "佐賀県伊万里市二里町大里甲２７５１ー１", "緯度": 33.269436, "経度": 129.86888, "url": "https://www.iryou.teikyouseido.mhlw.go.jp/znk-web/juminkanja/S2430/initialize?prefCd=41&kikanCd=4100000257&kikanKbn=5", "url2": "http://www.kaisei-drug.co.jp", "内容": "川東カイセイ薬局【5:薬局】佐賀県伊万里市二里町大里甲２７５１ー１" }, "geometry": { "type": "Point", "coordinates": [ 129.86888, 33.269436 ] } },
{ "type": "Feature", "properties": { "ID": 4154100000258, "正式名称": "黒川カイセイ薬局", "機関区分": 5, "都道府県コード": 41, "市区町村コード": 205, "所在地": "佐賀県伊万里市黒川町塩屋２０５－３", "緯度": 33.33056, "経度": 129.851597, "url": "https://www.iryou.teikyouseido.mhlw.go.jp/znk-web/juminkanja/S2430/initialize?prefCd=41&kikanCd=4100000258&kikanKbn=5", "url2": "http://www.kaisei-drug.co.jp/", "内容": "黒川カイセイ薬局【5:薬局】佐賀県伊万里市黒川町塩屋２０５－３" }, "geometry": { "type": "Point", "coordinates": [ 129.851597, 33.33056 ] } },
{ "type": "Feature", "properties": { "ID": 4154100000259, "正式名称": "さよがわ薬局", "機関区分": 5, "都道府県コード": 41, "市区町村コード": 205, "所在地": "佐賀県伊万里市山代町立岩２７６４－７", "緯度": 33.336262, "経度": 129.79086, "url": "https://www.iryou.teikyouseido.mhlw.go.jp/znk-web/juminkanja/S2430/initialize?prefCd=41&kikanCd=4100000259&kikanKbn=5", "url2": null, "内容": "さよがわ薬局【5:薬局】佐賀県伊万里市山代町立岩２７６４－７" }, "geometry": { "type": "Point", "coordinates": [ 129.79086, 33.336262 ] } },
{ "type": "Feature", "properties": { "ID": 4154100000260, "正式名称": "三和薬局", "機関区分": 5, "都道府県コード": 41, "市区町村コード": 205, "所在地": "佐賀県伊万里市立花町六仙寺３０００－２", "緯度": 33.269441, "経度": 129.885393, "url": "https://www.iryou.teikyouseido.mhlw.go.jp/znk-web/juminkanja/S2430/initialize?prefCd=41&kikanCd=4100000260&kikanKbn=5", "url2": null, "内容": "三和薬局【5:薬局】佐賀県伊万里市立花町六仙寺３０００－２" }, "geometry": { "type": "Point", "coordinates": [ 129.885393, 33.269441 ] } },
{ "type": "Feature", "properties": { "ID": 4154100000261, "正式名称": "鳴石薬局", "機関区分": 5, "都道府県コード": 41, "市区町村コード": 205, "所在地": "佐賀県伊万里市山代町楠久９２６－４", "緯度": 33.297317, "経度": 129.817797, "url": "https://www.iryou.teikyouseido.mhlw.go.jp/znk-web/juminkanja/S2430/initialize?prefCd=41&kikanCd=4100000261&kikanKbn=5", "url2": "https://epark.jp/shopinfo/ksr386125/", "内容": "鳴石薬局【5:薬局】佐賀県伊万里市山代町楠久９２６－４" }, "geometry": { "type": "Point", "coordinates": [ 129.817797, 33.297317 ] } },
{ "type": "Feature", "properties": { "ID": 4154100000262, "正式名称": "波多津カイセイ薬局", "機関区分": 5, "都道府県コード": 41, "市区町村コード": 205, "所在地": "佐賀県伊万里市波多津町辻３６４９", "緯度": 33.373423, "経度": 129.871474, "url": "https://www.iryou.teikyouseido.mhlw.go.jp/znk-web/juminkanja/S2430/initialize?prefCd=41&kikanCd=4100000262&kikanKbn=5", "url2": "http://www.kaisei-drug.co.jp/", "内容": "波多津カイセイ薬局【5:薬局】佐賀県伊万里市波多津町辻３６４９" }, "geometry": { "type": "Point", "coordinates": [ 129.871474, 33.373423 ] } },
{ "type": "Feature", "properties": { "ID": 4154100000263, "正式名称": "ひまわり薬局", "機関区分": 5, "都道府県コード": 41, "市区町村コード": 205, "所在地": "佐賀県伊万里市二里町八谷搦", "緯度": 33.276047, "経度": 129.8689, "url": "https://www.iryou.teikyouseido.mhlw.go.jp/znk-web/juminkanja/S2430/initialize?prefCd=41&kikanCd=4100000263&kikanKbn=5", "url2": null, "内容": "ひまわり薬局【5:薬局】佐賀県伊万里市二里町八谷搦" }, "geometry": { "type": "Point", "coordinates": [ 129.8689, 33.276047 ] } },
{ "type": "Feature", "properties": { "ID": 4154100000264, "正式名称": "ひのき薬局", "機関区分": 5, "都道府県コード": 41, "市区町村コード": 203, "所在地": "佐賀県鳥栖市轟木町１５０９－２", "緯度": 33.368642, "経度": 130.505617, "url": "https://www.iryou.teikyouseido.mhlw.go.jp/znk-web/juminkanja/S2430/initialize?prefCd=41&kikanCd=4100000264&kikanKbn=5", "url2": "http://medical.cabrain.ne/CN11862/outline.html", "内容": "ひのき薬局【5:薬局】佐賀県鳥栖市轟木町１５０９－２" }, "geometry": { "type": "Point", "coordinates": [ 130.505617, 33.368642 ] } },
{ "type": "Feature", "properties": { "ID": 4154100000265, "正式名称": "ほのぼの薬局", "機関区分": 5, "都道府県コード": 41, "市区町村コード": 401, "所在地": "佐賀県西松浦郡有田町上幸平", "緯度": 33.19095, "経度": 129.90073, "url": "https://www.iryou.teikyouseido.mhlw.go.jp/znk-web/juminkanja/S2430/initialize?prefCd=41&kikanCd=4100000265&kikanKbn=5", "url2": null, "内容": "ほのぼの薬局【5:薬局】佐賀県西松浦郡有田町上幸平" }, "geometry": { "type": "Point", "coordinates": [ 129.90073, 33.19095 ] } },
{ "type": "Feature", "properties": { "ID": 4154100000266, "正式名称": "溝上薬局　伊万里ながおさ店", "機関区分": 5, "都道府県コード": 41, "市区町村コード": 205, "所在地": "佐賀県伊万里市新天町２８１－８", "緯度": 33.268425, "経度": 129.87425, "url": "https://www.iryou.teikyouseido.mhlw.go.jp/znk-web/juminkanja/S2430/initialize?prefCd=41&kikanCd=4100000266&kikanKbn=5", "url2": "http://www.miz-pharmacy.co.jp", "内容": "溝上薬局　伊万里ながおさ店【5:薬局】佐賀県伊万里市新天町２８１－８" }, "geometry": { "type": "Point", "coordinates": [ 129.87425, 33.268425 ] } },
{ "type": "Feature", "properties": { "ID": 4154100000267, "正式名称": "溝上薬局　伊万里蓮池店", "機関区分": 5, "都道府県コード": 41, "市区町村コード": 205, "所在地": "佐賀県伊万里市蓮池町５７番地４", "緯度": 33.272339, "経度": 129.874462, "url": "https://www.iryou.teikyouseido.mhlw.go.jp/znk-web/juminkanja/S2430/initialize?prefCd=41&kikanCd=4100000267&kikanKbn=5", "url2": "http://www.miz-pharmacy.co.jp", "内容": "溝上薬局　伊万里蓮池店【5:薬局】佐賀県伊万里市蓮池町５７番地４" }, "geometry": { "type": "Point", "coordinates": [ 129.874462, 33.272339 ] } },
{ "type": "Feature", "properties": { "ID": 4154100000268, "正式名称": "株式会社　山下薬局", "機関区分": 5, "都道府県コード": 41, "市区町村コード": 205, "所在地": "佐賀県伊万里市伊万里町甲９５", "緯度": 33.274693, "経度": 129.88201, "url": "https://www.iryou.teikyouseido.mhlw.go.jp/znk-web/juminkanja/S2430/initialize?prefCd=41&kikanCd=4100000268&kikanKbn=5", "url2": "http://www.ph-yamashita.jp/", "内容": "株式会社　山下薬局【5:薬局】佐賀県伊万里市伊万里町甲９５" }, "geometry": { "type": "Point", "coordinates": [ 129.88201, 33.274693 ] } },
{ "type": "Feature", "properties": { "ID": 4154100000269, "正式名称": "ゆう薬局", "機関区分": 5, "都道府県コード": 41, "市区町村コード": 401, "所在地": "佐賀県西松浦郡有田町南原甲１６６番地３", "緯度": 33.187542, "経度": 129.869855, "url": "https://www.iryou.teikyouseido.mhlw.go.jp/znk-web/juminkanja/S2430/initialize?prefCd=41&kikanCd=4100000269&kikanKbn=5", "url2": null, "内容": "ゆう薬局【5:薬局】佐賀県西松浦郡有田町南原甲１６６番地３" }, "geometry": { "type": "Point", "coordinates": [ 129.869855, 33.187542 ] } },
{ "type": "Feature", "properties": { "ID": 4154100000270, "正式名称": "わかば薬局", "機関区分": 5, "都道府県コード": 41, "市区町村コード": 401, "所在地": "佐賀県西松浦郡有田町大木宿乙８４４－４", "緯度": 33.220337, "経度": 129.851481, "url": "https://www.iryou.teikyouseido.mhlw.go.jp/znk-web/juminkanja/S2430/initialize?prefCd=41&kikanCd=4100000270&kikanKbn=5", "url2": null, "内容": "わかば薬局【5:薬局】佐賀県西松浦郡有田町大木宿乙８４４－４" }, "geometry": { "type": "Point", "coordinates": [ 129.851481, 33.220337 ] } },
{ "type": "Feature", "properties": { "ID": 4154100000271, "正式名称": "あさひ薬局", "機関区分": 5, "都道府県コード": 41, "市区町村コード": 206, "所在地": "佐賀県武雄市武雄町富岡１１５２０－２", "緯度": 33.211628, "経度": 130.01212, "url": "https://www.iryou.teikyouseido.mhlw.go.jp/znk-web/juminkanja/S2430/initialize?prefCd=41&kikanCd=4100000271&kikanKbn=5", "url2": "http://chemist-asahi.com/", "内容": "あさひ薬局【5:薬局】佐賀県武雄市武雄町富岡１１５２０－２" }, "geometry": { "type": "Point", "coordinates": [ 130.01212, 33.211628 ] } },
{ "type": "Feature", "properties": { "ID": 4154100000272, "正式名称": "ヘルシー武雄薬局", "機関区分": 5, "都道府県コード": 41, "市区町村コード": 206, "所在地": "佐賀県武雄市武雄町昭和８－８", "緯度": 33.192879, "経度": 130.023508, "url": "https://www.iryou.teikyouseido.mhlw.go.jp/znk-web/juminkanja/S2430/initialize?prefCd=41&kikanCd=4100000272&kikanKbn=5", "url2": "https://www.kashimacity.com/shopping/herusi-takeo/index.html", "内容": "ヘルシー武雄薬局【5:薬局】佐賀県武雄市武雄町昭和８－８" }, "geometry": { "type": "Point", "coordinates": [ 130.023508, 33.192879 ] } },
{ "type": "Feature", "properties": { "ID": 4154100000273, "正式名称": "らいふ薬局　佐賀県医療センター好生館前店", "機関区分": 5, "都道府県コード": 41, "市区町村コード": 201, "所在地": "佐賀県佐賀市嘉瀬町中原", "緯度": 33.243122, "経度": 130.25793, "url": "https://www.iryou.teikyouseido.mhlw.go.jp/znk-web/juminkanja/S2430/initialize?prefCd=41&kikanCd=4100000273&kikanKbn=5", "url2": "http://www.life-jp.com/", "内容": "らいふ薬局　佐賀県医療センター好生館前店【5:薬局】佐賀県佐賀市嘉瀬町中原" }, "geometry": { "type": "Point", "coordinates": [ 130.25793, 33.243122 ] } },
{ "type": "Feature", "properties": { "ID": 4154100000274, "正式名称": "溝上薬局　北方店", "機関区分": 5, "都道府県コード": 41, "市区町村コード": 206, "所在地": "佐賀県武雄市北方町志久１５６８－３", "緯度": 33.219527, "経度": 130.067472, "url": "https://www.iryou.teikyouseido.mhlw.go.jp/znk-web/juminkanja/S2430/initialize?prefCd=41&kikanCd=4100000274&kikanKbn=5", "url2": "http://www.miz-pharmacy.co.jp", "内容": "溝上薬局　北方店【5:薬局】佐賀県武雄市北方町志久１５６８－３" }, "geometry": { "type": "Point", "coordinates": [ 130.067472, 33.219527 ] } },
{ "type": "Feature", "properties": { "ID": 4154100000275, "正式名称": "げんき堂薬局", "機関区分": 5, "都道府県コード": 41, "市区町村コード": 206, "所在地": "佐賀県武雄市武雄町昭和３０９－２", "緯度": 33.192877, "経度": 130.027636, "url": "https://www.iryou.teikyouseido.mhlw.go.jp/znk-web/juminkanja/S2430/initialize?prefCd=41&kikanCd=4100000275&kikanKbn=5", "url2": "http://genkido-ph.jp/", "内容": "げんき堂薬局【5:薬局】佐賀県武雄市武雄町昭和３０９－２" }, "geometry": { "type": "Point", "coordinates": [ 130.027636, 33.192877 ] } },
{ "type": "Feature", "properties": { "ID": 4154100000276, "正式名称": "けんこう薬局", "機関区分": 5, "都道府県コード": 41, "市区町村コード": 206, "所在地": "佐賀県武雄市武雄町昭和１９６－１", "緯度": 33.193473, "経度": 130.026133, "url": "https://www.iryou.teikyouseido.mhlw.go.jp/znk-web/juminkanja/S2430/initialize?prefCd=41&kikanCd=4100000276&kikanKbn=5", "url2": "https://www.kenkou-pharmacy-123-abc.com/home", "内容": "けんこう薬局【5:薬局】佐賀県武雄市武雄町昭和１９６－１" }, "geometry": { "type": "Point", "coordinates": [ 130.026133, 33.193473 ] } },
{ "type": "Feature", "properties": { "ID": 4154100000277, "正式名称": "コトブキ薬局", "機関区分": 5, "都道府県コード": 41, "市区町村コード": 206, "所在地": "佐賀県武雄市武雄町武雄５８５８－２", "緯度": 33.189667, "経度": 130.009115, "url": "https://www.iryou.teikyouseido.mhlw.go.jp/znk-web/juminkanja/S2430/initialize?prefCd=41&kikanCd=4100000277&kikanKbn=5", "url2": null, "内容": "コトブキ薬局【5:薬局】佐賀県武雄市武雄町武雄５８５８－２" }, "geometry": { "type": "Point", "coordinates": [ 130.009115, 33.189667 ] } },
{ "type": "Feature", "properties": { "ID": 4154100000278, "正式名称": "坂本快方薬局", "機関区分": 5, "都道府県コード": 41, "市区町村コード": 206, "所在地": "佐賀県武雄市武雄町武雄８０１４－３", "緯度": 33.192786, "経度": 130.019342, "url": "https://www.iryou.teikyouseido.mhlw.go.jp/znk-web/juminkanja/S2430/initialize?prefCd=41&kikanCd=4100000278&kikanKbn=5", "url2": null, "内容": "坂本快方薬局【5:薬局】佐賀県武雄市武雄町武雄８０１４－３" }, "geometry": { "type": "Point", "coordinates": [ 130.019342, 33.192786 ] } },
{ "type": "Feature", "properties": { "ID": 4154100000279, "正式名称": "さくら薬局", "機関区分": 5, "都道府県コード": 41, "市区町村コード": 206, "所在地": "佐賀県武雄市朝日町大字甘久２０１－１", "緯度": 33.201903, "経度": 130.031198, "url": "https://www.iryou.teikyouseido.mhlw.go.jp/znk-web/juminkanja/S2430/initialize?prefCd=41&kikanCd=4100000279&kikanKbn=5", "url2": null, "内容": "さくら薬局【5:薬局】佐賀県武雄市朝日町大字甘久２０１－１" }, "geometry": { "type": "Point", "coordinates": [ 130.031198, 33.201903 ] } },
{ "type": "Feature", "properties": { "ID": 4154100000280, "正式名称": "シモセ薬局　武雄店", "機関区分": 5, "都道府県コード": 41, "市区町村コード": 206, "所在地": "佐賀県武雄市武雄町大字永島１５３６２－３", "緯度": 33.187056, "経度": 130.034519, "url": "https://www.iryou.teikyouseido.mhlw.go.jp/znk-web/juminkanja/S2430/initialize?prefCd=41&kikanCd=4100000280&kikanKbn=5", "url2": null, "内容": "シモセ薬局　武雄店【5:薬局】佐賀県武雄市武雄町大字永島１５３６２－３" }, "geometry": { "type": "Point", "coordinates": [ 130.034519, 33.187056 ] } },
{ "type": "Feature", "properties": { "ID": 4154100000282, "正式名称": "すみれ薬局", "機関区分": 5, "都道府県コード": 41, "市区町村コード": 206, "所在地": "佐賀県武雄市朝日町甘久", "緯度": 33.212868, "経度": 130.041698, "url": "https://www.iryou.teikyouseido.mhlw.go.jp/znk-web/juminkanja/S2430/initialize?prefCd=41&kikanCd=4100000282&kikanKbn=5", "url2": null, "内容": "すみれ薬局【5:薬局】佐賀県武雄市朝日町甘久" }, "geometry": { "type": "Point", "coordinates": [ 130.041698, 33.212868 ] } },
{ "type": "Feature", "properties": { "ID": 4154100000283, "正式名称": "そうごう薬局　白石店", "機関区分": 5, "都道府県コード": 41, "市区町村コード": 425, "所在地": "佐賀県杵島郡白石町大字戸ヶ里１８１７－５", "緯度": 33.152742, "経度": 130.124404, "url": "https://www.iryou.teikyouseido.mhlw.go.jp/znk-web/juminkanja/S2430/initialize?prefCd=41&kikanCd=4100000283&kikanKbn=5", "url2": "http://www.sogo-medical.co.jp/sogopharma", "内容": "そうごう薬局　白石店【5:薬局】佐賀県杵島郡白石町大字戸ヶ里１８１７－５" }, "geometry": { "type": "Point", "coordinates": [ 130.124404, 33.152742 ] } },
{ "type": "Feature", "properties": { "ID": 4154100000284, "正式名称": "タイヘイ薬局　Ａコープ店", "機関区分": 5, "都道府県コード": 41, "市区町村コード": 425, "所在地": "佐賀県杵島郡白石町大字福田１４３９－２", "緯度": 33.182817, "経度": 130.140751, "url": "https://www.iryou.teikyouseido.mhlw.go.jp/znk-web/juminkanja/S2430/initialize?prefCd=41&kikanCd=4100000284&kikanKbn=5", "url2": "http://www.taihei-group.jp/", "内容": "タイヘイ薬局　Ａコープ店【5:薬局】佐賀県杵島郡白石町大字福田１４３９－２" }, "geometry": { "type": "Point", "coordinates": [ 130.140751, 33.182817 ] } },
{ "type": "Feature", "properties": { "ID": 4154100000285, "正式名称": "ハットリ調剤薬局", "機関区分": 5, "都道府県コード": 41, "市区町村コード": 425, "所在地": "佐賀県杵島郡白石町福田", "緯度": 33.182583, "経度": 130.14015, "url": "https://www.iryou.teikyouseido.mhlw.go.jp/znk-web/juminkanja/S2430/initialize?prefCd=41&kikanCd=4100000285&kikanKbn=5", "url2": null, "内容": "ハットリ調剤薬局【5:薬局】佐賀県杵島郡白石町福田" }, "geometry": { "type": "Point", "coordinates": [ 130.14015, 33.182583 ] } },
{ "type": "Feature", "properties": { "ID": 4154100000286, "正式名称": "溝上薬局　白石店", "機関区分": 5, "都道府県コード": 41, "市区町村コード": 425, "所在地": "佐賀県杵島郡白石町福田１４３６番地４", "緯度": 33.182378, "経度": 130.141689, "url": "https://www.iryou.teikyouseido.mhlw.go.jp/znk-web/juminkanja/S2430/initialize?prefCd=41&kikanCd=4100000286&kikanKbn=5", "url2": "http://www.miz-pharmacy.co.jp", "内容": "溝上薬局　白石店【5:薬局】佐賀県杵島郡白石町福田１４３６番地４" }, "geometry": { "type": "Point", "coordinates": [ 130.141689, 33.182378 ] } },
{ "type": "Feature", "properties": { "ID": 4154100000287, "正式名称": "みまさか薬局", "機関区分": 5, "都道府県コード": 41, "市区町村コード": 206, "所在地": "佐賀県武雄市山内町三間坂", "緯度": 33.195231, "経度": 129.947805, "url": "https://www.iryou.teikyouseido.mhlw.go.jp/znk-web/juminkanja/S2430/initialize?prefCd=41&kikanCd=4100000287&kikanKbn=5", "url2": null, "内容": "みまさか薬局【5:薬局】佐賀県武雄市山内町三間坂" }, "geometry": { "type": "Point", "coordinates": [ 129.947805, 33.195231 ] } },
{ "type": "Feature", "properties": { "ID": 4154100000288, "正式名称": "株式会社　宮崎薬局", "機関区分": 5, "都道府県コード": 41, "市区町村コード": 206, "所在地": "佐賀県武雄市武雄町武雄", "緯度": 33.194774, "経度": 130.016702, "url": "https://www.iryou.teikyouseido.mhlw.go.jp/znk-web/juminkanja/S2430/initialize?prefCd=41&kikanCd=4100000288&kikanKbn=5", "url2": "https://miyazaki-y.jp/", "内容": "株式会社　宮崎薬局【5:薬局】佐賀県武雄市武雄町武雄" }, "geometry": { "type": "Point", "coordinates": [ 130.016702, 33.194774 ] } },
{ "type": "Feature", "properties": { "ID": 4154100000289, "正式名称": "宮崎薬局　武雄東部店", "機関区分": 5, "都道府県コード": 41, "市区町村コード": 206, "所在地": "佐賀県武雄市武雄町大字富岡１２５０６－３", "緯度": 33.198197, "経度": 130.033144, "url": "https://www.iryou.teikyouseido.mhlw.go.jp/znk-web/juminkanja/S2430/initialize?prefCd=41&kikanCd=4100000289&kikanKbn=5", "url2": "www.miyazaki-y.jp", "内容": "宮崎薬局　武雄東部店【5:薬局】佐賀県武雄市武雄町大字富岡１２５０６－３" }, "geometry": { "type": "Point", "coordinates": [ 130.033144, 33.198197 ] } },
{ "type": "Feature", "properties": { "ID": 4154100000290, "正式名称": "ヤマト薬局", "機関区分": 5, "都道府県コード": 41, "市区町村コード": 424, "所在地": "佐賀県杵島郡江北町山口１３５５－８", "緯度": 33.217935, "経度": 130.161782, "url": "https://www.iryou.teikyouseido.mhlw.go.jp/znk-web/juminkanja/S2430/initialize?prefCd=41&kikanCd=4100000290&kikanKbn=5", "url2": null, "内容": "ヤマト薬局【5:薬局】佐賀県杵島郡江北町山口１３５５－８" }, "geometry": { "type": "Point", "coordinates": [ 130.161782, 33.217935 ] } },
{ "type": "Feature", "properties": { "ID": 4154100000291, "正式名称": "愛命堂薬局", "機関区分": 5, "都道府県コード": 41, "市区町村コード": 209, "所在地": "佐賀県嬉野市塩田町谷所甲２６３６－１", "緯度": 33.099556, "経度": 130.0571, "url": "https://www.iryou.teikyouseido.mhlw.go.jp/znk-web/juminkanja/S2430/initialize?prefCd=41&kikanCd=4100000291&kikanKbn=5", "url2": null, "内容": "愛命堂薬局【5:薬局】佐賀県嬉野市塩田町谷所甲２６３６－１" }, "geometry": { "type": "Point", "coordinates": [ 130.0571, 33.099556 ] } },
{ "type": "Feature", "properties": { "ID": 4154100000292, "正式名称": "アルナ薬局鹿島店", "機関区分": 5, "都道府県コード": 41, "市区町村コード": 207, "所在地": "佐賀県鹿島市大字高津原４３２９－３", "緯度": 33.110714, "経度": 130.096113, "url": "https://www.iryou.teikyouseido.mhlw.go.jp/znk-web/juminkanja/S2430/initialize?prefCd=41&kikanCd=4100000292&kikanKbn=5", "url2": "http://www.aruna-ds.co.jp/", "内容": "アルナ薬局鹿島店【5:薬局】佐賀県鹿島市大字高津原４３２９－３" }, "geometry": { "type": "Point", "coordinates": [ 130.096113, 33.110714 ] } },
{ "type": "Feature", "properties": { "ID": 4154100000293, "正式名称": "アルナ薬局太良店", "機関区分": 5, "都道府県コード": 41, "市区町村コード": 441, "所在地": "佐賀県藤津郡太良町多良１５６０－１", "緯度": 33.026211, "経度": 130.178918, "url": "https://www.iryou.teikyouseido.mhlw.go.jp/znk-web/juminkanja/S2430/initialize?prefCd=41&kikanCd=4100000293&kikanKbn=5", "url2": "http://www.aruna-ds.co.jp/", "内容": "アルナ薬局太良店【5:薬局】佐賀県藤津郡太良町多良１５６０－１" }, "geometry": { "type": "Point", "coordinates": [ 130.178918, 33.026211 ] } },
{ "type": "Feature", "properties": { "ID": 4154100000294, "正式名称": "福神調剤薬局　佐賀駅前店", "機関区分": 5, "都道府県コード": 41, "市区町村コード": 201, "所在地": "佐賀県佐賀市駅前中央１－１０－３７佐賀駅前センタービル６Ｆ", "緯度": 33.262203, "経度": 130.2992, "url": "https://www.iryou.teikyouseido.mhlw.go.jp/znk-web/juminkanja/S2430/initialize?prefCd=41&kikanCd=4100000294&kikanKbn=5", "url2": null, "内容": "福神調剤薬局　佐賀駅前店【5:薬局】佐賀県佐賀市駅前中央１－１０－３７佐賀駅前センタービル６Ｆ" }, "geometry": { "type": "Point", "coordinates": [ 130.2992, 33.262203 ] } },
{ "type": "Feature", "properties": { "ID": 4154100000295, "正式名称": "スカイメディカルメリーランド薬局", "機関区分": 5, "都道府県コード": 41, "市区町村コード": 206, "所在地": "佐賀県武雄市朝日町甘久１２８８", "緯度": 33.205035, "経度": 130.036065, "url": "https://www.iryou.teikyouseido.mhlw.go.jp/znk-web/juminkanja/S2430/initialize?prefCd=41&kikanCd=4100000295&kikanKbn=5", "url2": "https://skymedical.jp/", "内容": "スカイメディカルメリーランド薬局【5:薬局】佐賀県武雄市朝日町甘久１２８８" }, "geometry": { "type": "Point", "coordinates": [ 130.036065, 33.205035 ] } },
{ "type": "Feature", "properties": { "ID": 4154100000296, "正式名称": "嬉野薬局まとば支店", "機関区分": 5, "都道府県コード": 41, "市区町村コード": 209, "所在地": "佐賀県嬉野市嬉野町大字岩屋川内甲９９－２", "緯度": 33.094565, "経度": 129.985896, "url": "https://www.iryou.teikyouseido.mhlw.go.jp/znk-web/juminkanja/S2430/initialize?prefCd=41&kikanCd=4100000296&kikanKbn=5", "url2": null, "内容": "嬉野薬局まとば支店【5:薬局】佐賀県嬉野市嬉野町大字岩屋川内甲９９－２" }, "geometry": { "type": "Point", "coordinates": [ 129.985896, 33.094565 ] } },
{ "type": "Feature", "properties": { "ID": 4154100000297, "正式名称": "温心堂薬局", "機関区分": 5, "都道府県コード": 41, "市区町村コード": 207, "所在地": "佐賀県鹿島市中村１９７６", "緯度": 33.119658, "経度": 130.095992, "url": "https://www.iryou.teikyouseido.mhlw.go.jp/znk-web/juminkanja/S2430/initialize?prefCd=41&kikanCd=4100000297&kikanKbn=5", "url2": "http://ww7.tiki.ne.jp/~onshin/", "内容": "温心堂薬局【5:薬局】佐賀県鹿島市中村１９７６" }, "geometry": { "type": "Point", "coordinates": [ 130.095992, 33.119658 ] } },
{ "type": "Feature", "properties": { "ID": 4154100000298, "正式名称": "有限会社　かりん薬局", "機関区分": 5, "都道府県コード": 41, "市区町村コード": 209, "所在地": "佐賀県嬉野市嬉野町大字下宿乙１６８４－９", "緯度": 33.102428, "経度": 129.977594, "url": "https://www.iryou.teikyouseido.mhlw.go.jp/znk-web/juminkanja/S2430/initialize?prefCd=41&kikanCd=4100000298&kikanKbn=5", "url2": null, "内容": "有限会社　かりん薬局【5:薬局】佐賀県嬉野市嬉野町大字下宿乙１６８４－９" }, "geometry": { "type": "Point", "coordinates": [ 129.977594, 33.102428 ] } },
{ "type": "Feature", "properties": { "ID": 4154100000299, "正式名称": "キタ薬局", "機関区分": 5, "都道府県コード": 41, "市区町村コード": 209, "所在地": "佐賀県嬉野市塩田町馬場下甲１８４５", "緯度": 33.126807, "経度": 130.060082, "url": "https://www.iryou.teikyouseido.mhlw.go.jp/znk-web/juminkanja/S2430/initialize?prefCd=41&kikanCd=4100000299&kikanKbn=5", "url2": "http://kitapharmacy.com", "内容": "キタ薬局【5:薬局】佐賀県嬉野市塩田町馬場下甲１８４５" }, "geometry": { "type": "Point", "coordinates": [ 130.060082, 33.126807 ] } },
{ "type": "Feature", "properties": { "ID": 4154100000300, "正式名称": "信衆堂調剤薬局", "機関区分": 5, "都道府県コード": 41, "市区町村コード": 209, "所在地": "佐賀県嬉野市嬉野町下宿甲１７３６－５", "緯度": 33.119681, "経度": 130.001304, "url": "https://www.iryou.teikyouseido.mhlw.go.jp/znk-web/juminkanja/S2430/initialize?prefCd=41&kikanCd=4100000300&kikanKbn=5", "url2": "https://www.shinshudo.com", "内容": "信衆堂調剤薬局【5:薬局】佐賀県嬉野市嬉野町下宿甲１７３６－５" }, "geometry": { "type": "Point", "coordinates": [ 130.001304, 33.119681 ] } },
{ "type": "Feature", "properties": { "ID": 4154100000301, "正式名称": "そうごう薬局　塩田店", "機関区分": 5, "都道府県コード": 41, "市区町村コード": 209, "所在地": "佐賀県嬉野市塩田町大字馬場下甲６０４－１", "緯度": 33.132492, "経度": 130.061628, "url": "https://www.iryou.teikyouseido.mhlw.go.jp/znk-web/juminkanja/S2430/initialize?prefCd=41&kikanCd=4100000301&kikanKbn=5", "url2": null, "内容": "そうごう薬局　塩田店【5:薬局】佐賀県嬉野市塩田町大字馬場下甲６０４－１" }, "geometry": { "type": "Point", "coordinates": [ 130.061628, 33.132492 ] } },
{ "type": "Feature", "properties": { "ID": 4154100000302, "正式名称": "中央薬局　吉田店", "機関区分": 5, "都道府県コード": 41, "市区町村コード": 209, "所在地": "佐賀県嬉野市嬉野町大字吉田丁４６４９－２", "緯度": 33.082194, "経度": 130.018303, "url": "https://www.iryou.teikyouseido.mhlw.go.jp/znk-web/juminkanja/S2430/initialize?prefCd=41&kikanCd=4100000302&kikanKbn=5", "url2": null, "内容": "中央薬局　吉田店【5:薬局】佐賀県嬉野市嬉野町大字吉田丁４６４９－２" }, "geometry": { "type": "Point", "coordinates": [ 130.018303, 33.082194 ] } },
{ "type": "Feature", "properties": { "ID": 4154100000303, "正式名称": "わたや薬局", "機関区分": 5, "都道府県コード": 41, "市区町村コード": 203, "所在地": "佐賀県鳥栖市弥生が丘２丁目２０番地", "緯度": 33.403574, "経度": 130.525133, "url": "https://www.iryou.teikyouseido.mhlw.go.jp/znk-web/juminkanja/S2430/initialize?prefCd=41&kikanCd=4100000303&kikanKbn=5", "url2": "https://www.wataya-ph.jp/", "内容": "わたや薬局【5:薬局】佐賀県鳥栖市弥生が丘２丁目２０番地" }, "geometry": { "type": "Point", "coordinates": [ 130.525133, 33.403574 ] } },
{ "type": "Feature", "properties": { "ID": 4154100000304, "正式名称": "有限会社　前山薬局", "機関区分": 5, "都道府県コード": 41, "市区町村コード": 207, "所在地": "佐賀県鹿島市大字高津原３７６９－１", "緯度": 33.1112, "経度": 130.091897, "url": "https://www.iryou.teikyouseido.mhlw.go.jp/znk-web/juminkanja/S2430/initialize?prefCd=41&kikanCd=4100000304&kikanKbn=5", "url2": null, "内容": "有限会社　前山薬局【5:薬局】佐賀県鹿島市大字高津原３７６９－１" }, "geometry": { "type": "Point", "coordinates": [ 130.091897, 33.1112 ] } },
{ "type": "Feature", "properties": { "ID": 4154100000305, "正式名称": "溝上薬局　鹿島スカイロード店", "機関区分": 5, "都道府県コード": 41, "市区町村コード": 207, "所在地": "佐賀県鹿島市大字高津原４３２１番地２", "緯度": 33.111219, "経度": 130.095206, "url": "https://www.iryou.teikyouseido.mhlw.go.jp/znk-web/juminkanja/S2430/initialize?prefCd=41&kikanCd=4100000305&kikanKbn=5", "url2": "http://www.miz-pharmacy.co.jp", "内容": "溝上薬局　鹿島スカイロード店【5:薬局】佐賀県鹿島市大字高津原４３２１番地２" }, "geometry": { "type": "Point", "coordinates": [ 130.095206, 33.111219 ] } },
{ "type": "Feature", "properties": { "ID": 4154100000306, "正式名称": "溝上薬局　北鹿島店", "機関区分": 5, "都道府県コード": 41, "市区町村コード": 207, "所在地": "佐賀県鹿島市大字中村２１４５番地７", "緯度": 33.118414, "経度": 130.097811, "url": "https://www.iryou.teikyouseido.mhlw.go.jp/znk-web/juminkanja/S2430/initialize?prefCd=41&kikanCd=4100000306&kikanKbn=5", "url2": "http://www.miz-pharmacy.co.jp", "内容": "溝上薬局　北鹿島店【5:薬局】佐賀県鹿島市大字中村２１４５番地７" }, "geometry": { "type": "Point", "coordinates": [ 130.097811, 33.118414 ] } },
{ "type": "Feature", "properties": { "ID": 4154100000307, "正式名称": "ミント薬局", "機関区分": 5, "都道府県コード": 41, "市区町村コード": 209, "所在地": "佐賀県嬉野市嬉野町大字下宿甲３０８２番地７４", "緯度": 33.1031, "経度": 129.983819, "url": "https://www.iryou.teikyouseido.mhlw.go.jp/znk-web/juminkanja/S2430/initialize?prefCd=41&kikanCd=4100000307&kikanKbn=5", "url2": null, "内容": "ミント薬局【5:薬局】佐賀県嬉野市嬉野町大字下宿甲３０８２番地７４" }, "geometry": { "type": "Point", "coordinates": [ 129.983819, 33.1031 ] } },
{ "type": "Feature", "properties": { "ID": 4154100000308, "正式名称": "祐信堂薬局", "機関区分": 5, "都道府県コード": 41, "市区町村コード": 207, "所在地": "佐賀県鹿島市高津原４３１８－１１", "緯度": 33.111253, "経度": 130.096342, "url": "https://www.iryou.teikyouseido.mhlw.go.jp/znk-web/juminkanja/S2430/initialize?prefCd=41&kikanCd=4100000308&kikanKbn=5", "url2": "https://www.shinshudo.com", "内容": "祐信堂薬局【5:薬局】佐賀県鹿島市高津原４３１８－１１" }, "geometry": { "type": "Point", "coordinates": [ 130.096342, 33.111253 ] } },
{ "type": "Feature", "properties": { "ID": 4154100000309, "正式名称": "ヨウメイ堂薬局", "機関区分": 5, "都道府県コード": 41, "市区町村コード": 209, "所在地": "佐賀県嬉野市嬉野町大字下宿乙２３５３－１番地", "緯度": 33.101404, "経度": 129.99153, "url": "https://www.iryou.teikyouseido.mhlw.go.jp/znk-web/juminkanja/S2430/initialize?prefCd=41&kikanCd=4100000309&kikanKbn=5", "url2": null, "内容": "ヨウメイ堂薬局【5:薬局】佐賀県嬉野市嬉野町大字下宿乙２３５３－１番地" }, "geometry": { "type": "Point", "coordinates": [ 129.99153, 33.101404 ] } },
{ "type": "Feature", "properties": { "ID": 4154100000310, "正式名称": "平成薬局", "機関区分": 5, "都道府県コード": 41, "市区町村コード": 327, "所在地": "佐賀県神埼郡吉野ヶ里町三津７４７－２", "緯度": 33.348419, "経度": 130.398606, "url": "https://www.iryou.teikyouseido.mhlw.go.jp/znk-web/juminkanja/S2430/initialize?prefCd=41&kikanCd=4100000310&kikanKbn=5", "url2": null, "内容": "平成薬局【5:薬局】佐賀県神埼郡吉野ヶ里町三津７４７－２" }, "geometry": { "type": "Point", "coordinates": [ 130.398606, 33.348419 ] } },
{ "type": "Feature", "properties": { "ID": 4154100000312, "正式名称": "らいふ薬局　木原店", "機関区分": 5, "都道府県コード": 41, "市区町村コード": 201, "所在地": "佐賀県佐賀市木原２－１７－１０", "緯度": 33.244442, "経度": 130.322351, "url": "https://www.iryou.teikyouseido.mhlw.go.jp/znk-web/juminkanja/S2430/initialize?prefCd=41&kikanCd=4100000312&kikanKbn=5", "url2": "http://www.life-jp.com/", "内容": "らいふ薬局　木原店【5:薬局】佐賀県佐賀市木原２－１７－１０" }, "geometry": { "type": "Point", "coordinates": [ 130.322351, 33.244442 ] } },
{ "type": "Feature", "properties": { "ID": 4154100000313, "正式名称": "らいふ薬局　兵庫店", "機関区分": 5, "都道府県コード": 41, "市区町村コード": 201, "所在地": "佐賀県佐賀市巨勢町修理田１２２６－４", "緯度": 33.25851, "経度": 130.3327, "url": "https://www.iryou.teikyouseido.mhlw.go.jp/znk-web/juminkanja/S2430/initialize?prefCd=41&kikanCd=4100000313&kikanKbn=5", "url2": "http://www.life-jp.com/", "内容": "らいふ薬局　兵庫店【5:薬局】佐賀県佐賀市巨勢町修理田１２２６－４" }, "geometry": { "type": "Point", "coordinates": [ 130.3327, 33.25851 ] } },
{ "type": "Feature", "properties": { "ID": 4154100000314, "正式名称": "健和薬局", "機関区分": 5, "都道府県コード": 41, "市区町村コード": 202, "所在地": "佐賀県唐津市和多田用尺３８４１－１", "緯度": 33.439119, "経度": 129.980593, "url": "https://www.iryou.teikyouseido.mhlw.go.jp/znk-web/juminkanja/S2430/initialize?prefCd=41&kikanCd=4100000314&kikanKbn=5", "url2": "http://www.kenkouclub21.co.jp", "内容": "健和薬局【5:薬局】佐賀県唐津市和多田用尺３８４１－１" }, "geometry": { "type": "Point", "coordinates": [ 129.980593, 33.439119 ] } },
{ "type": "Feature", "properties": { "ID": 4154100000315, "正式名称": "らいふ薬局唐津東町店", "機関区分": 5, "都道府県コード": 41, "市区町村コード": 202, "所在地": "佐賀県唐津市東町１９－８", "緯度": 33.443111, "経度": 129.982582, "url": "https://www.iryou.teikyouseido.mhlw.go.jp/znk-web/juminkanja/S2430/initialize?prefCd=41&kikanCd=4100000315&kikanKbn=5", "url2": "http://www.life-jp.com/", "内容": "らいふ薬局唐津東町店【5:薬局】佐賀県唐津市東町１９－８" }, "geometry": { "type": "Point", "coordinates": [ 129.982582, 33.443111 ] } },
{ "type": "Feature", "properties": { "ID": 4154100000316, "正式名称": "神代薬局　嘉瀬店", "機関区分": 5, "都道府県コード": 41, "市区町村コード": 201, "所在地": "佐賀県佐賀市嘉瀬町中原１９７９番４号", "緯度": 33.242973, "経度": 130.257769, "url": "https://www.iryou.teikyouseido.mhlw.go.jp/znk-web/juminkanja/S2430/initialize?prefCd=41&kikanCd=4100000316&kikanKbn=5", "url2": "https://www.kumashiro-p.co.jp/", "内容": "神代薬局　嘉瀬店【5:薬局】佐賀県佐賀市嘉瀬町中原１９７９番４号" }, "geometry": { "type": "Point", "coordinates": [ 130.257769, 33.242973 ] } },
{ "type": "Feature", "properties": { "ID": 4154100000317, "正式名称": "山下至誠堂薬局　中央店", "機関区分": 5, "都道府県コード": 41, "市区町村コード": 202, "所在地": "佐賀県唐津市呼子町呼子３７５５－３", "緯度": 33.539206, "経度": 129.895194, "url": "https://www.iryou.teikyouseido.mhlw.go.jp/znk-web/juminkanja/S2430/initialize?prefCd=41&kikanCd=4100000317&kikanKbn=5", "url2": "https://www.y-siseido.jp/s-pharmacy/", "内容": "山下至誠堂薬局　中央店【5:薬局】佐賀県唐津市呼子町呼子３７５５－３" }, "geometry": { "type": "Point", "coordinates": [ 129.895194, 33.539206 ] } },
{ "type": "Feature", "properties": { "ID": 4154100000318, "正式名称": "溝上薬局　原町店", "機関区分": 5, "都道府県コード": 41, "市区町村コード": 203, "所在地": "佐賀県鳥栖市原町６７０－１", "緯度": 33.379051, "経度": 130.533755, "url": "https://www.iryou.teikyouseido.mhlw.go.jp/znk-web/juminkanja/S2430/initialize?prefCd=41&kikanCd=4100000318&kikanKbn=5", "url2": "http://www.miz-pharmacy.co.jp/", "内容": "溝上薬局　原町店【5:薬局】佐賀県鳥栖市原町６７０－１" }, "geometry": { "type": "Point", "coordinates": [ 130.533755, 33.379051 ] } },
{ "type": "Feature", "properties": { "ID": 4154100000319, "正式名称": "アルナ薬局北方店", "機関区分": 5, "都道府県コード": 41, "市区町村コード": 206, "所在地": "佐賀県武雄市北方町大崎１３１８－１", "緯度": 33.221557, "経度": 130.052273, "url": "https://www.iryou.teikyouseido.mhlw.go.jp/znk-web/juminkanja/S2430/initialize?prefCd=41&kikanCd=4100000319&kikanKbn=5", "url2": "http://www.aruna-ds.co.jp/", "内容": "アルナ薬局北方店【5:薬局】佐賀県武雄市北方町大崎１３１８－１" }, "geometry": { "type": "Point", "coordinates": [ 130.052273, 33.221557 ] } },
{ "type": "Feature", "properties": { "ID": 4154100000320, "正式名称": "バニーズ薬局", "機関区分": 5, "都道府県コード": 41, "市区町村コード": 208, "所在地": "佐賀県小城市三日月町久米１２９５－２", "緯度": 33.287771, "経度": 130.207545, "url": "https://www.iryou.teikyouseido.mhlw.go.jp/znk-web/juminkanja/S2430/initialize?prefCd=41&kikanCd=4100000320&kikanKbn=5", "url2": null, "内容": "バニーズ薬局【5:薬局】佐賀県小城市三日月町久米１２９５－２" }, "geometry": { "type": "Point", "coordinates": [ 130.207545, 33.287771 ] } },
{ "type": "Feature", "properties": { "ID": 4154100000322, "正式名称": "カールトンあお葉薬局", "機関区分": 5, "都道府県コード": 41, "市区町村コード": 201, "所在地": "佐賀県佐賀市大和町尼寺３１２９－１", "緯度": 33.299814, "経度": 130.280159, "url": "https://www.iryou.teikyouseido.mhlw.go.jp/znk-web/juminkanja/S2430/initialize?prefCd=41&kikanCd=4100000322&kikanKbn=5", "url2": null, "内容": "カールトンあお葉薬局【5:薬局】佐賀県佐賀市大和町尼寺３１２９－１" }, "geometry": { "type": "Point", "coordinates": [ 130.280159, 33.299814 ] } },
{ "type": "Feature", "properties": { "ID": 4154100000324, "正式名称": "馬場薬局　浜崎店", "機関区分": 5, "都道府県コード": 41, "市区町村コード": 202, "所在地": "佐賀県唐津市浜玉町浜崎", "緯度": 33.445256, "経度": 130.035254, "url": "https://www.iryou.teikyouseido.mhlw.go.jp/znk-web/juminkanja/S2430/initialize?prefCd=41&kikanCd=4100000324&kikanKbn=5", "url2": "http://www.babakanpou.co.jp", "内容": "馬場薬局　浜崎店【5:薬局】佐賀県唐津市浜玉町浜崎" }, "geometry": { "type": "Point", "coordinates": [ 130.035254, 33.445256 ] } },
{ "type": "Feature", "properties": { "ID": 4154100000325, "正式名称": "山下薬局　脇田店", "機関区分": 5, "都道府県コード": 41, "市区町村コード": 205, "所在地": "佐賀県伊万里市脇田町４０３－９", "緯度": 33.280685, "経度": 129.884287, "url": "https://www.iryou.teikyouseido.mhlw.go.jp/znk-web/juminkanja/S2430/initialize?prefCd=41&kikanCd=4100000325&kikanKbn=5", "url2": "https://ph-yamashita.jp/", "内容": "山下薬局　脇田店【5:薬局】佐賀県伊万里市脇田町４０３－９" }, "geometry": { "type": "Point", "coordinates": [ 129.884287, 33.280685 ] } },
{ "type": "Feature", "properties": { "ID": 4154100000326, "正式名称": "けんこう薬局　新武雄店", "機関区分": 5, "都道府県コード": 41, "市区町村コード": 206, "所在地": "佐賀県武雄市武雄町昭和２２５番地", "緯度": 33.193639, "経度": 130.026382, "url": "https://www.iryou.teikyouseido.mhlw.go.jp/znk-web/juminkanja/S2430/initialize?prefCd=41&kikanCd=4100000326&kikanKbn=5", "url2": "https://www.kenkou-pharmacy-123-abc.com/", "内容": "けんこう薬局　新武雄店【5:薬局】佐賀県武雄市武雄町昭和２２５番地" }, "geometry": { "type": "Point", "coordinates": [ 130.026382, 33.193639 ] } },
{ "type": "Feature", "properties": { "ID": 4154100000327, "正式名称": "中央薬局　嬉野店", "機関区分": 5, "都道府県コード": 41, "市区町村コード": 209, "所在地": "佐賀県嬉野市嬉野町大字下宿乙２１８７－４", "緯度": 33.096861, "経度": 129.984289, "url": "https://www.iryou.teikyouseido.mhlw.go.jp/znk-web/juminkanja/S2430/initialize?prefCd=41&kikanCd=4100000327&kikanKbn=5", "url2": null, "内容": "中央薬局　嬉野店【5:薬局】佐賀県嬉野市嬉野町大字下宿乙２１８７－４" }, "geometry": { "type": "Point", "coordinates": [ 129.984289, 33.096861 ] } },
{ "type": "Feature", "properties": { "ID": 4154100000328, "正式名称": "しろくま薬局　本店", "機関区分": 5, "都道府県コード": 41, "市区町村コード": 202, "所在地": "佐賀県唐津市二夕子４７５１－３", "緯度": 33.455396, "経度": 129.959083, "url": "https://www.iryou.teikyouseido.mhlw.go.jp/znk-web/juminkanja/S2430/initialize?prefCd=41&kikanCd=4100000328&kikanKbn=5", "url2": null, "内容": "しろくま薬局　本店【5:薬局】佐賀県唐津市二夕子４７５１－３" }, "geometry": { "type": "Point", "coordinates": [ 129.959083, 33.455396 ] } },
{ "type": "Feature", "properties": { "ID": 4154100000329, "正式名称": "溝上薬局　久保泉店", "機関区分": 5, "都道府県コード": 41, "市区町村コード": 201, "所在地": "佐賀県佐賀市久保泉町上和泉２２３５－３", "緯度": 33.304877, "経度": 130.315803, "url": "https://www.iryou.teikyouseido.mhlw.go.jp/znk-web/juminkanja/S2430/initialize?prefCd=41&kikanCd=4100000329&kikanKbn=5", "url2": "http://www.miz-pharmacy.co.jp", "内容": "溝上薬局　久保泉店【5:薬局】佐賀県佐賀市久保泉町上和泉２２３５－３" }, "geometry": { "type": "Point", "coordinates": [ 130.315803, 33.304877 ] } },
{ "type": "Feature", "properties": { "ID": 4154100000330, "正式名称": "神代薬局　神野東店", "機関区分": 5, "都道府県コード": 41, "市区町村コード": 201, "所在地": "佐賀県佐賀市神野東４－３－１５", "緯度": 33.267784, "経度": 130.29903, "url": "https://www.iryou.teikyouseido.mhlw.go.jp/znk-web/juminkanja/S2430/initialize?prefCd=41&kikanCd=4100000330&kikanKbn=5", "url2": "https://www.kumashiro-p.co.jp", "内容": "神代薬局　神野東店【5:薬局】佐賀県佐賀市神野東４－３－１５" }, "geometry": { "type": "Point", "coordinates": [ 130.29903, 33.267784 ] } },
{ "type": "Feature", "properties": { "ID": 4154100000331, "正式名称": "山下至誠堂薬局　浜玉店", "機関区分": 5, "都道府県コード": 41, "市区町村コード": 202, "所在地": "佐賀県唐津市浜玉町浜崎１０５０－１", "緯度": 33.447546, "経度": 130.035449, "url": "https://www.iryou.teikyouseido.mhlw.go.jp/znk-web/juminkanja/S2430/initialize?prefCd=41&kikanCd=4100000331&kikanKbn=5", "url2": "http://www.y-siseodo.jp/", "内容": "山下至誠堂薬局　浜玉店【5:薬局】佐賀県唐津市浜玉町浜崎１０５０－１" }, "geometry": { "type": "Point", "coordinates": [ 130.035449, 33.447546 ] } },
{ "type": "Feature", "properties": { "ID": 4154100000332, "正式名称": "とんぼ薬局", "機関区分": 5, "都道府県コード": 41, "市区町村コード": 203, "所在地": "佐賀県鳥栖市京町７９１－１", "緯度": 33.373942, "経度": 130.517936, "url": "https://www.iryou.teikyouseido.mhlw.go.jp/znk-web/juminkanja/S2430/initialize?prefCd=41&kikanCd=4100000332&kikanKbn=5", "url2": null, "内容": "とんぼ薬局【5:薬局】佐賀県鳥栖市京町７９１－１" }, "geometry": { "type": "Point", "coordinates": [ 130.517936, 33.373942 ] } },
{ "type": "Feature", "properties": { "ID": 4154100000333, "正式名称": "博賀堂薬局", "機関区分": 5, "都道府県コード": 41, "市区町村コード": 204, "所在地": "佐賀県多久市北多久町多久原２４１４－７５", "緯度": 33.286243, "経度": 130.11182, "url": "https://www.iryou.teikyouseido.mhlw.go.jp/znk-web/juminkanja/S2430/initialize?prefCd=41&kikanCd=4100000333&kikanKbn=5", "url2": null, "内容": "博賀堂薬局【5:薬局】佐賀県多久市北多久町多久原２４１４－７５" }, "geometry": { "type": "Point", "coordinates": [ 130.11182, 33.286243 ] } },
{ "type": "Feature", "properties": { "ID": 4154100000334, "正式名称": "神埼薬局　神埼橋店", "機関区分": 5, "都道府県コード": 41, "市区町村コード": 210, "所在地": "佐賀県神埼市神埼町本告牟田２９９４－３", "緯度": 33.304941, "経度": 130.368199, "url": "https://www.iryou.teikyouseido.mhlw.go.jp/znk-web/juminkanja/S2430/initialize?prefCd=41&kikanCd=4100000334&kikanKbn=5", "url2": "https://kanzaki-pharmacy.co.jp/", "内容": "神埼薬局　神埼橋店【5:薬局】佐賀県神埼市神埼町本告牟田２９９４－３" }, "geometry": { "type": "Point", "coordinates": [ 130.368199, 33.304941 ] } },
{ "type": "Feature", "properties": { "ID": 4154100000335, "正式名称": "春風薬局　大和店", "機関区分": 5, "都道府県コード": 41, "市区町村コード": 201, "所在地": "佐賀県佐賀市大和町大字尼寺一本松３４２９番地１", "緯度": 33.308159, "経度": 130.280777, "url": "https://www.iryou.teikyouseido.mhlw.go.jp/znk-web/juminkanja/S2430/initialize?prefCd=41&kikanCd=4100000335&kikanKbn=5", "url2": "http://harukazeyakkyoku.co.jp", "内容": "春風薬局　大和店【5:薬局】佐賀県佐賀市大和町大字尼寺一本松３４２９番地１" }, "geometry": { "type": "Point", "coordinates": [ 130.280777, 33.308159 ] } },
{ "type": "Feature", "properties": { "ID": 4154100000336, "正式名称": "くすだ薬局", "機関区分": 5, "都道府県コード": 41, "市区町村コード": 201, "所在地": "佐賀県佐賀市与賀町４－２８", "緯度": 33.249856, "経度": 130.293117, "url": "https://www.iryou.teikyouseido.mhlw.go.jp/znk-web/juminkanja/S2430/initialize?prefCd=41&kikanCd=4100000336&kikanKbn=5", "url2": null, "内容": "くすだ薬局【5:薬局】佐賀県佐賀市与賀町４－２８" }, "geometry": { "type": "Point", "coordinates": [ 130.293117, 33.249856 ] } },
{ "type": "Feature", "properties": { "ID": 4154100000337, "正式名称": "こやなぎ薬局", "機関区分": 5, "都道府県コード": 41, "市区町村コード": 201, "所在地": "佐賀県佐賀市川副町鹿江１０５９－８", "緯度": 33.197171, "経度": 130.314412, "url": "https://www.iryou.teikyouseido.mhlw.go.jp/znk-web/juminkanja/S2430/initialize?prefCd=41&kikanCd=4100000337&kikanKbn=5", "url2": null, "内容": "こやなぎ薬局【5:薬局】佐賀県佐賀市川副町鹿江１０５９－８" }, "geometry": { "type": "Point", "coordinates": [ 130.314412, 33.197171 ] } },
{ "type": "Feature", "properties": { "ID": 4154100000338, "正式名称": "らいふ薬局高木瀬店", "機関区分": 5, "都道府県コード": 41, "市区町村コード": 201, "所在地": "佐賀県佐賀市高木瀬東２－４－８", "緯度": 33.280493, "経度": 130.296064, "url": "https://www.iryou.teikyouseido.mhlw.go.jp/znk-web/juminkanja/S2430/initialize?prefCd=41&kikanCd=4100000338&kikanKbn=5", "url2": "http://www.life-jp.com/", "内容": "らいふ薬局高木瀬店【5:薬局】佐賀県佐賀市高木瀬東２－４－８" }, "geometry": { "type": "Point", "coordinates": [ 130.296064, 33.280493 ] } },
{ "type": "Feature", "properties": { "ID": 4154100000340, "正式名称": "ヤナイ薬局", "機関区分": 5, "都道府県コード": 41, "市区町村コード": 205, "所在地": "佐賀県伊万里市大坪町丙２１０８－１", "緯度": 33.27375, "経度": 129.887592, "url": "https://www.iryou.teikyouseido.mhlw.go.jp/znk-web/juminkanja/S2430/initialize?prefCd=41&kikanCd=4100000340&kikanKbn=5", "url2": null, "内容": "ヤナイ薬局【5:薬局】佐賀県伊万里市大坪町丙２１０８－１" }, "geometry": { "type": "Point", "coordinates": [ 129.887592, 33.27375 ] } },
{ "type": "Feature", "properties": { "ID": 4154100000341, "正式名称": "アルバ薬局", "機関区分": 5, "都道府県コード": 41, "市区町村コード": 207, "所在地": "佐賀県鹿島市大字高津原９１－５", "緯度": 33.106942, "経度": 130.096503, "url": "https://www.iryou.teikyouseido.mhlw.go.jp/znk-web/juminkanja/S2430/initialize?prefCd=41&kikanCd=4100000341&kikanKbn=5", "url2": "https://aritasu.com/company/", "内容": "アルバ薬局【5:薬局】佐賀県鹿島市大字高津原９１－５" }, "geometry": { "type": "Point", "coordinates": [ 130.096503, 33.106942 ] } },
{ "type": "Feature", "properties": { "ID": 4154100000343, "正式名称": "溝上薬局　高木瀬店", "機関区分": 5, "都道府県コード": 41, "市区町村コード": 201, "所在地": "佐賀県佐賀市高木瀬西４丁目６番１４号", "緯度": 33.284886, "経度": 130.284133, "url": "https://www.iryou.teikyouseido.mhlw.go.jp/znk-web/juminkanja/S2430/initialize?prefCd=41&kikanCd=4100000343&kikanKbn=5", "url2": "http://www.miz-pharmacy.co.jp/", "内容": "溝上薬局　高木瀬店【5:薬局】佐賀県佐賀市高木瀬西４丁目６番１４号" }, "geometry": { "type": "Point", "coordinates": [ 130.284133, 33.284886 ] } },
{ "type": "Feature", "properties": { "ID": 4154100000345, "正式名称": "有限会社　江頭薬局", "機関区分": 5, "都道府県コード": 41, "市区町村コード": 425, "所在地": "佐賀県杵島郡白石町大字戸ヶ里２３４３番地９", "緯度": 33.154746, "経度": 130.125228, "url": "https://www.iryou.teikyouseido.mhlw.go.jp/znk-web/juminkanja/S2430/initialize?prefCd=41&kikanCd=4100000345&kikanKbn=5", "url2": null, "内容": "有限会社　江頭薬局【5:薬局】佐賀県杵島郡白石町大字戸ヶ里２３４３番地９" }, "geometry": { "type": "Point", "coordinates": [ 130.125228, 33.154746 ] } },
{ "type": "Feature", "properties": { "ID": 4154100000346, "正式名称": "オダ薬局", "機関区分": 5, "都道府県コード": 41, "市区町村コード": 207, "所在地": "佐賀県鹿島市高津原６２２番地", "緯度": 33.108134, "経度": 130.097312, "url": "https://www.iryou.teikyouseido.mhlw.go.jp/znk-web/juminkanja/S2430/initialize?prefCd=41&kikanCd=4100000346&kikanKbn=5", "url2": "https://www.oda-yakkyoku.com", "内容": "オダ薬局【5:薬局】佐賀県鹿島市高津原６２２番地" }, "geometry": { "type": "Point", "coordinates": [ 130.097312, 33.108134 ] } },
{ "type": "Feature", "properties": { "ID": 4154100000347, "正式名称": "神代薬局　大和店", "機関区分": 5, "都道府県コード": 41, "市区町村コード": 201, "所在地": "佐賀県佐賀市大和町大字尼寺２６４１－３", "緯度": 33.306591, "経度": 130.282872, "url": "https://www.iryou.teikyouseido.mhlw.go.jp/znk-web/juminkanja/S2430/initialize?prefCd=41&kikanCd=4100000347&kikanKbn=5", "url2": "https://www.kumashiro-p.co.jp", "内容": "神代薬局　大和店【5:薬局】佐賀県佐賀市大和町大字尼寺２６４１－３" }, "geometry": { "type": "Point", "coordinates": [ 130.282872, 33.306591 ] } },
{ "type": "Feature", "properties": { "ID": 4154100000348, "正式名称": "溝上薬局　中町店", "機関区分": 5, "都道府県コード": 41, "市区町村コード": 208, "所在地": "佐賀県小城市小城町５５０番地１", "緯度": 33.296744, "経度": 130.201583, "url": "https://www.iryou.teikyouseido.mhlw.go.jp/znk-web/juminkanja/S2430/initialize?prefCd=41&kikanCd=4100000348&kikanKbn=5", "url2": "http://www.miz-pharmacy.co.jp", "内容": "溝上薬局　中町店【5:薬局】佐賀県小城市小城町５５０番地１" }, "geometry": { "type": "Point", "coordinates": [ 130.201583, 33.296744 ] } },
{ "type": "Feature", "properties": { "ID": 4154100000350, "正式名称": "ふくしま薬局　通小路店", "機関区分": 5, "都道府県コード": 41, "市区町村コード": 201, "所在地": "佐賀県佐賀市松原４丁目３番２０号", "緯度": 33.252417, "経度": 130.307361, "url": "https://www.iryou.teikyouseido.mhlw.go.jp/znk-web/juminkanja/S2430/initialize?prefCd=41&kikanCd=4100000350&kikanKbn=5", "url2": "https://www.fukushima-pha.jp.net/", "内容": "ふくしま薬局　通小路店【5:薬局】佐賀県佐賀市松原４丁目３番２０号" }, "geometry": { "type": "Point", "coordinates": [ 130.307361, 33.252417 ] } },
{ "type": "Feature", "properties": { "ID": 4154100000351, "正式名称": "なかよし調剤薬局", "機関区分": 5, "都道府県コード": 41, "市区町村コード": 210, "所在地": "佐賀県神埼市神埼町本堀２７０７－２７", "緯度": 33.304897, "経度": 130.377681, "url": "https://www.iryou.teikyouseido.mhlw.go.jp/znk-web/juminkanja/S2430/initialize?prefCd=41&kikanCd=4100000351&kikanKbn=5", "url2": "https://ryuseido-ph.com/", "内容": "なかよし調剤薬局【5:薬局】佐賀県神埼市神埼町本堀２７０７－２７" }, "geometry": { "type": "Point", "coordinates": [ 130.377681, 33.304897 ] } },
{ "type": "Feature", "properties": { "ID": 4154100000353, "正式名称": "神代薬局　北部バイパス店", "機関区分": 5, "都道府県コード": 41, "市区町村コード": 201, "所在地": "佐賀県佐賀市若宮３－１－２２", "緯度": 33.2736, "経度": 130.287903, "url": "https://www.iryou.teikyouseido.mhlw.go.jp/znk-web/juminkanja/S2430/initialize?prefCd=41&kikanCd=4100000353&kikanKbn=5", "url2": "https://www.kumashiro-p.co.jp/", "内容": "神代薬局　北部バイパス店【5:薬局】佐賀県佐賀市若宮３－１－２２" }, "geometry": { "type": "Point", "coordinates": [ 130.287903, 33.2736 ] } },
{ "type": "Feature", "properties": { "ID": 4154100000354, "正式名称": "タイヘイ薬局　おおまち店", "機関区分": 5, "都道府県コード": 41, "市区町村コード": 423, "所在地": "佐賀県杵島郡大町町福母４００－４", "緯度": 33.213789, "経度": 130.106283, "url": "https://www.iryou.teikyouseido.mhlw.go.jp/znk-web/juminkanja/S2430/initialize?prefCd=41&kikanCd=4100000354&kikanKbn=5", "url2": "http://www.taihei-group.jp/", "内容": "タイヘイ薬局　おおまち店【5:薬局】佐賀県杵島郡大町町福母４００－４" }, "geometry": { "type": "Point", "coordinates": [ 130.106283, 33.213789 ] } },
{ "type": "Feature", "properties": { "ID": 4154100000355, "正式名称": "サンアイ薬局　いまり店", "機関区分": 5, "都道府県コード": 41, "市区町村コード": 205, "所在地": "佐賀県伊万里市新天町４６０－１４", "緯度": 33.269862, "経度": 129.873441, "url": "https://www.iryou.teikyouseido.mhlw.go.jp/znk-web/juminkanja/S2430/initialize?prefCd=41&kikanCd=4100000355&kikanKbn=5", "url2": "https://skymedical.jp/", "内容": "サンアイ薬局　いまり店【5:薬局】佐賀県伊万里市新天町４６０－１４" }, "geometry": { "type": "Point", "coordinates": [ 129.873441, 33.269862 ] } },
{ "type": "Feature", "properties": { "ID": 4154100000356, "正式名称": "カールトン　いな穂薬局", "機関区分": 5, "都道府県コード": 41, "市区町村コード": 201, "所在地": "佐賀県佐賀市新郷本町２４番１２号", "緯度": 33.233419, "経度": 130.322758, "url": "https://www.iryou.teikyouseido.mhlw.go.jp/znk-web/juminkanja/S2430/initialize?prefCd=41&kikanCd=4100000356&kikanKbn=5", "url2": null, "内容": "カールトン　いな穂薬局【5:薬局】佐賀県佐賀市新郷本町２４番１２号" }, "geometry": { "type": "Point", "coordinates": [ 130.322758, 33.233419 ] } },
{ "type": "Feature", "properties": { "ID": 4154100000357, "正式名称": "ひとみ薬局", "機関区分": 5, "都道府県コード": 41, "市区町村コード": 203, "所在地": "佐賀県鳥栖市萱方町１９１－２", "緯度": 33.383961, "経度": 130.507776, "url": "https://www.iryou.teikyouseido.mhlw.go.jp/znk-web/juminkanja/S2430/initialize?prefCd=41&kikanCd=4100000357&kikanKbn=5", "url2": null, "内容": "ひとみ薬局【5:薬局】佐賀県鳥栖市萱方町１９１－２" }, "geometry": { "type": "Point", "coordinates": [ 130.507776, 33.383961 ] } },
{ "type": "Feature", "properties": { "ID": 4154100000358, "正式名称": "ドラッグイレブン薬局中川通り店", "機関区分": 5, "都道府県コード": 41, "市区町村コード": 209, "所在地": "佐賀県嬉野市嬉野町大字下宿乙２３１５－１０", "緯度": 33.094939, "経度": 129.9835, "url": "https://www.iryou.teikyouseido.mhlw.go.jp/znk-web/juminkanja/S2430/initialize?prefCd=41&kikanCd=4100000358&kikanKbn=5", "url2": null, "内容": "ドラッグイレブン薬局中川通り店【5:薬局】佐賀県嬉野市嬉野町大字下宿乙２３１５－１０" }, "geometry": { "type": "Point", "coordinates": [ 129.9835, 33.094939 ] } },
{ "type": "Feature", "properties": { "ID": 4154100000359, "正式名称": "やまぐち薬局　大和川上店", "機関区分": 5, "都道府県コード": 41, "市区町村コード": 201, "所在地": "佐賀県佐賀市大和町大字川上３２４－３", "緯度": 33.316321, "経度": 130.258225, "url": "https://www.iryou.teikyouseido.mhlw.go.jp/znk-web/juminkanja/S2430/initialize?prefCd=41&kikanCd=4100000359&kikanKbn=5", "url2": "https://yamaguchi-pharmacy.com/", "内容": "やまぐち薬局　大和川上店【5:薬局】佐賀県佐賀市大和町大字川上３２４－３" }, "geometry": { "type": "Point", "coordinates": [ 130.258225, 33.316321 ] } },
{ "type": "Feature", "properties": { "ID": 4154100000360, "正式名称": "たけだ薬局　須賀神社前店", "機関区分": 5, "都道府県コード": 41, "市区町村コード": 208, "所在地": "佐賀県小城市小城町８６４－１", "緯度": 33.300875, "経度": 130.204769, "url": "https://www.iryou.teikyouseido.mhlw.go.jp/znk-web/juminkanja/S2430/initialize?prefCd=41&kikanCd=4100000360&kikanKbn=5", "url2": "http://www.takeda-yakkyoku572.com", "内容": "たけだ薬局　須賀神社前店【5:薬局】佐賀県小城市小城町８６４－１" }, "geometry": { "type": "Point", "coordinates": [ 130.204769, 33.300875 ] } },
{ "type": "Feature", "properties": { "ID": 4154100000361, "正式名称": "ピース薬局　ドライブスルー夢咲店", "機関区分": 5, "都道府県コード": 41, "市区町村コード": 201, "所在地": "佐賀県佐賀市兵庫北２丁目２５番３号", "緯度": 33.269477, "経度": 130.307526, "url": "https://www.iryou.teikyouseido.mhlw.go.jp/znk-web/juminkanja/S2430/initialize?prefCd=41&kikanCd=4100000361&kikanKbn=5", "url2": "http://www.sunrise-company.jp", "内容": "ピース薬局　ドライブスルー夢咲店【5:薬局】佐賀県佐賀市兵庫北２丁目２５番３号" }, "geometry": { "type": "Point", "coordinates": [ 130.307526, 33.269477 ] } },
{ "type": "Feature", "properties": { "ID": 4154100000362, "正式名称": "さかい薬局", "機関区分": 5, "都道府県コード": 41, "市区町村コード": 206, "所在地": "佐賀県武雄市武雄町永島１３２７５－１", "緯度": 33.178257, "経度": 130.03412, "url": "https://www.iryou.teikyouseido.mhlw.go.jp/znk-web/juminkanja/S2430/initialize?prefCd=41&kikanCd=4100000362&kikanKbn=5", "url2": null, "内容": "さかい薬局【5:薬局】佐賀県武雄市武雄町永島１３２７５－１" }, "geometry": { "type": "Point", "coordinates": [ 130.03412, 33.178257 ] } },
{ "type": "Feature", "properties": { "ID": 4154100000363, "正式名称": "溝上薬局　西牟田店", "機関区分": 5, "都道府県コード": 41, "市区町村コード": 207, "所在地": "佐賀県鹿島市大字高津原３５２５－８", "緯度": 33.110292, "経度": 130.088869, "url": "https://www.iryou.teikyouseido.mhlw.go.jp/znk-web/juminkanja/S2430/initialize?prefCd=41&kikanCd=4100000363&kikanKbn=5", "url2": "http://miz-pharmacy.co.jp", "内容": "溝上薬局　西牟田店【5:薬局】佐賀県鹿島市大字高津原３５２５－８" }, "geometry": { "type": "Point", "coordinates": [ 130.088869, 33.110292 ] } },
{ "type": "Feature", "properties": { "ID": 4154100000364, "正式名称": "（有）宇都宮薬局", "機関区分": 5, "都道府県コード": 41, "市区町村コード": 201, "所在地": "佐賀県佐賀市水ヶ江４丁目２－１０", "緯度": 33.246871, "経度": 130.308762, "url": "https://www.iryou.teikyouseido.mhlw.go.jp/znk-web/juminkanja/S2430/initialize?prefCd=41&kikanCd=4100000364&kikanKbn=5", "url2": null, "内容": "（有）宇都宮薬局【5:薬局】佐賀県佐賀市水ヶ江４丁目２－１０" }, "geometry": { "type": "Point", "coordinates": [ 130.308762, 33.246871 ] } },
{ "type": "Feature", "properties": { "ID": 4154100000365, "正式名称": "ファイン薬局", "機関区分": 5, "都道府県コード": 41, "市区町村コード": 203, "所在地": "佐賀県鳥栖市曽根崎町２３７４", "緯度": 33.377968, "経度": 130.524275, "url": "https://www.iryou.teikyouseido.mhlw.go.jp/znk-web/juminkanja/S2430/initialize?prefCd=41&kikanCd=4100000365&kikanKbn=5", "url2": "https://adcke.crayonsite.info", "内容": "ファイン薬局【5:薬局】佐賀県鳥栖市曽根崎町２３７４" }, "geometry": { "type": "Point", "coordinates": [ 130.524275, 33.377968 ] } },
{ "type": "Feature", "properties": { "ID": 4154100000366, "正式名称": "さくら新武雄病院前薬局", "機関区分": 5, "都道府県コード": 41, "市区町村コード": 206, "所在地": "佐賀県武雄市武雄町富岡１２６２４－１", "緯度": 33.19736, "経度": 130.034183, "url": "https://www.iryou.teikyouseido.mhlw.go.jp/znk-web/juminkanja/S2430/initialize?prefCd=41&kikanCd=4100000366&kikanKbn=5", "url2": "https://www.nanohana-ph.jp/shop/kyusyu/saga/takeo/sakura-shintakeo.php", "内容": "さくら新武雄病院前薬局【5:薬局】佐賀県武雄市武雄町富岡１２６２４－１" }, "geometry": { "type": "Point", "coordinates": [ 130.034183, 33.19736 ] } },
{ "type": "Feature", "properties": { "ID": 4154100000367, "正式名称": "らいふ薬局　医大通り店", "機関区分": 5, "都道府県コード": 41, "市区町村コード": 201, "所在地": "佐賀県佐賀市鍋島１－３－５", "緯度": 33.275642, "経度": 130.270817, "url": "https://www.iryou.teikyouseido.mhlw.go.jp/znk-web/juminkanja/S2430/initialize?prefCd=41&kikanCd=4100000367&kikanKbn=5", "url2": "http://www.life-jp.com/", "内容": "らいふ薬局　医大通り店【5:薬局】佐賀県佐賀市鍋島１－３－５" }, "geometry": { "type": "Point", "coordinates": [ 130.270817, 33.275642 ] } },
{ "type": "Feature", "properties": { "ID": 4154100000368, "正式名称": "溝上薬局　エスプラッツ店", "機関区分": 5, "都道府県コード": 41, "市区町村コード": 201, "所在地": "佐賀県佐賀市白山２－７－１エスプラッツ１階", "緯度": 33.254994, "経度": 130.300131, "url": "https://www.iryou.teikyouseido.mhlw.go.jp/znk-web/juminkanja/S2430/initialize?prefCd=41&kikanCd=4100000368&kikanKbn=5", "url2": "http://www.miz-pharmacy.co.jp", "内容": "溝上薬局　エスプラッツ店【5:薬局】佐賀県佐賀市白山２－７－１エスプラッツ１階" }, "geometry": { "type": "Point", "coordinates": [ 130.300131, 33.254994 ] } },
{ "type": "Feature", "properties": { "ID": 4154100000369, "正式名称": "あさひ薬局からつ駅前店", "機関区分": 5, "都道府県コード": 41, "市区町村コード": 202, "所在地": "佐賀県唐津市紺屋町１６７１－４", "緯度": 33.446833, "経度": 129.968183, "url": "https://www.iryou.teikyouseido.mhlw.go.jp/znk-web/juminkanja/S2430/initialize?prefCd=41&kikanCd=4100000369&kikanKbn=5", "url2": "https://asahi-karatsu.com", "内容": "あさひ薬局からつ駅前店【5:薬局】佐賀県唐津市紺屋町１６７１－４" }, "geometry": { "type": "Point", "coordinates": [ 129.968183, 33.446833 ] } },
{ "type": "Feature", "properties": { "ID": 4154100000370, "正式名称": "らいふ薬局　川副店", "機関区分": 5, "都道府県コード": 41, "市区町村コード": 201, "所在地": "佐賀県佐賀市川副町南里３６７－７", "緯度": 33.211974, "経度": 130.31235, "url": "https://www.iryou.teikyouseido.mhlw.go.jp/znk-web/juminkanja/S2430/initialize?prefCd=41&kikanCd=4100000370&kikanKbn=5", "url2": "http://www.life-jp.com/", "内容": "らいふ薬局　川副店【5:薬局】佐賀県佐賀市川副町南里３６７－７" }, "geometry": { "type": "Point", "coordinates": [ 130.31235, 33.211974 ] } },
{ "type": "Feature", "properties": { "ID": 4154100000371, "正式名称": "堤薬局　駅通り店", "機関区分": 5, "都道府県コード": 41, "市区町村コード": 210, "所在地": "佐賀県神埼市神埼町田道ケ里２２２６－９", "緯度": 33.32156, "経度": 130.37772, "url": "https://www.iryou.teikyouseido.mhlw.go.jp/znk-web/juminkanja/S2430/initialize?prefCd=41&kikanCd=4100000371&kikanKbn=5", "url2": null, "内容": "堤薬局　駅通り店【5:薬局】佐賀県神埼市神埼町田道ケ里２２２６－９" }, "geometry": { "type": "Point", "coordinates": [ 130.37772, 33.32156 ] } },
{ "type": "Feature", "properties": { "ID": 4154100000372, "正式名称": "虹の薬局　多久店", "機関区分": 5, "都道府県コード": 41, "市区町村コード": 204, "所在地": "佐賀県多久市東多久町大字別府３２４５番地２３", "緯度": 33.282432, "経度": 130.150507, "url": "https://www.iryou.teikyouseido.mhlw.go.jp/znk-web/juminkanja/S2430/initialize?prefCd=41&kikanCd=4100000372&kikanKbn=5", "url2": "http://www.saga-niji.jp/", "内容": "虹の薬局　多久店【5:薬局】佐賀県多久市東多久町大字別府３２４５番地２３" }, "geometry": { "type": "Point", "coordinates": [ 130.150507, 33.282432 ] } },
{ "type": "Feature", "properties": { "ID": 4154100000373, "正式名称": "株式会社　愛敬薬局　高木瀬支店", "機関区分": 5, "都道府県コード": 41, "市区町村コード": 201, "所在地": "佐賀県佐賀市高木瀬西５丁目１５－２９", "緯度": 33.287722, "経度": 130.288468, "url": "https://www.iryou.teikyouseido.mhlw.go.jp/znk-web/juminkanja/S2430/initialize?prefCd=41&kikanCd=4100000373&kikanKbn=5", "url2": "http://www.aikei93.co.jp/", "内容": "株式会社　愛敬薬局　高木瀬支店【5:薬局】佐賀県佐賀市高木瀬西５丁目１５－２９" }, "geometry": { "type": "Point", "coordinates": [ 130.288468, 33.287722 ] } },
{ "type": "Feature", "properties": { "ID": 4154100000374, "正式名称": "かりん薬局　伊万里店", "機関区分": 5, "都道府県コード": 41, "市区町村コード": 205, "所在地": "佐賀県伊万里市新天町６２０番地５", "緯度": 33.27155, "経度": 129.875831, "url": "https://www.iryou.teikyouseido.mhlw.go.jp/znk-web/juminkanja/S2430/initialize?prefCd=41&kikanCd=4100000374&kikanKbn=5", "url2": null, "内容": "かりん薬局　伊万里店【5:薬局】佐賀県伊万里市新天町６２０番地５" }, "geometry": { "type": "Point", "coordinates": [ 129.875831, 33.27155 ] } },
{ "type": "Feature", "properties": { "ID": 4154100000375, "正式名称": "大草野薬局", "機関区分": 5, "都道府県コード": 41, "市区町村コード": 209, "所在地": "佐賀県嬉野市嬉野町大字下野丙４５－１", "緯度": 33.127176, "経度": 130.003623, "url": "https://www.iryou.teikyouseido.mhlw.go.jp/znk-web/juminkanja/S2430/initialize?prefCd=41&kikanCd=4100000375&kikanKbn=5", "url2": "http://www.k-medipha.co.jp/", "内容": "大草野薬局【5:薬局】佐賀県嬉野市嬉野町大字下野丙４５－１" }, "geometry": { "type": "Point", "coordinates": [ 130.003623, 33.127176 ] } },
{ "type": "Feature", "properties": { "ID": 4154100000376, "正式名称": "株式会社　愛敬薬局　夢咲支店", "機関区分": 5, "都道府県コード": 41, "市区町村コード": 201, "所在地": "佐賀県佐賀市兵庫北２－３０－２１", "緯度": 33.272024, "経度": 130.307686, "url": "https://www.iryou.teikyouseido.mhlw.go.jp/znk-web/juminkanja/S2430/initialize?prefCd=41&kikanCd=4100000376&kikanKbn=5", "url2": "http://www.aikei93.co.jp/", "内容": "株式会社　愛敬薬局　夢咲支店【5:薬局】佐賀県佐賀市兵庫北２－３０－２１" }, "geometry": { "type": "Point", "coordinates": [ 130.307686, 33.272024 ] } },
{ "type": "Feature", "properties": { "ID": 4154100000377, "正式名称": "タイガー薬局", "機関区分": 5, "都道府県コード": 41, "市区町村コード": 201, "所在地": "佐賀県佐賀市北川副町光法１５９８－１", "緯度": 33.234346, "経度": 130.327235, "url": "https://www.iryou.teikyouseido.mhlw.go.jp/znk-web/juminkanja/S2430/initialize?prefCd=41&kikanCd=4100000377&kikanKbn=5", "url2": "https://pharmacy-group.jp/tiger/", "内容": "タイガー薬局【5:薬局】佐賀県佐賀市北川副町光法１５９８－１" }, "geometry": { "type": "Point", "coordinates": [ 130.327235, 33.234346 ] } },
{ "type": "Feature", "properties": { "ID": 4154100000378, "正式名称": "おおぞら薬局", "機関区分": 5, "都道府県コード": 41, "市区町村コード": 207, "所在地": "佐賀県鹿島市納富分甲４６番地", "緯度": 33.096865, "経度": 130.094699, "url": "https://www.iryou.teikyouseido.mhlw.go.jp/znk-web/juminkanja/S2430/initialize?prefCd=41&kikanCd=4100000378&kikanKbn=5", "url2": null, "内容": "おおぞら薬局【5:薬局】佐賀県鹿島市納富分甲４６番地" }, "geometry": { "type": "Point", "coordinates": [ 130.094699, 33.096865 ] } },
{ "type": "Feature", "properties": { "ID": 4154100000379, "正式名称": "タイヘイ薬局　メディカルモールおぎ店", "機関区分": 5, "都道府県コード": 41, "市区町村コード": 208, "所在地": "佐賀県小城市三日月町長神田２１７３番地１", "緯度": 33.277838, "経度": 130.217703, "url": "https://www.iryou.teikyouseido.mhlw.go.jp/znk-web/juminkanja/S2430/initialize?prefCd=41&kikanCd=4100000379&kikanKbn=5", "url2": "http://taihei-group.jp", "内容": "タイヘイ薬局　メディカルモールおぎ店【5:薬局】佐賀県小城市三日月町長神田２１７３番地１" }, "geometry": { "type": "Point", "coordinates": [ 130.217703, 33.277838 ] } },
{ "type": "Feature", "properties": { "ID": 4154100000380, "正式名称": "もみの木薬局", "機関区分": 5, "都道府県コード": 41, "市区町村コード": 203, "所在地": "佐賀県鳥栖市藤木町１４５０－５", "緯度": 33.363489, "経度": 130.524981, "url": "https://www.iryou.teikyouseido.mhlw.go.jp/znk-web/juminkanja/S2430/initialize?prefCd=41&kikanCd=4100000380&kikanKbn=5", "url2": null, "内容": "もみの木薬局【5:薬局】佐賀県鳥栖市藤木町１４５０－５" }, "geometry": { "type": "Point", "coordinates": [ 130.524981, 33.363489 ] } },
{ "type": "Feature", "properties": { "ID": 4154100000381, "正式名称": "シモセ薬局　武内店", "機関区分": 5, "都道府県コード": 41, "市区町村コード": 206, "所在地": "佐賀県武雄市武内町大字真手野２８１８０番地４", "緯度": 33.230003, "経度": 129.964206, "url": "https://www.iryou.teikyouseido.mhlw.go.jp/znk-web/juminkanja/S2430/initialize?prefCd=41&kikanCd=4100000381&kikanKbn=5", "url2": null, "内容": "シモセ薬局　武内店【5:薬局】佐賀県武雄市武内町大字真手野２８１８０番地４" }, "geometry": { "type": "Point", "coordinates": [ 129.964206, 33.230003 ] } },
{ "type": "Feature", "properties": { "ID": 4154100000382, "正式名称": "ドラッグイレブン薬局　千代田店", "機関区分": 5, "都道府県コード": 41, "市区町村コード": 210, "所在地": "佐賀県神埼市千代田町餘江１２１１－１", "緯度": 33.262631, "経度": 130.356738, "url": "https://www.iryou.teikyouseido.mhlw.go.jp/znk-web/juminkanja/S2430/initialize?prefCd=41&kikanCd=4100000382&kikanKbn=5", "url2": "http://dgmp.jp/index.html", "内容": "ドラッグイレブン薬局　千代田店【5:薬局】佐賀県神埼市千代田町餘江１２１１－１" }, "geometry": { "type": "Point", "coordinates": [ 130.356738, 33.262631 ] } },
{ "type": "Feature", "properties": { "ID": 4154100000383, "正式名称": "佐賀北薬局　２号店", "機関区分": 5, "都道府県コード": 41, "市区町村コード": 201, "所在地": "佐賀県佐賀市高木瀬町長瀬１２４６－２", "緯度": 33.294453, "経度": 130.2839, "url": "https://www.iryou.teikyouseido.mhlw.go.jp/znk-web/juminkanja/S2430/initialize?prefCd=41&kikanCd=4100000383&kikanKbn=5", "url2": "http://sagakita.com/", "内容": "佐賀北薬局　２号店【5:薬局】佐賀県佐賀市高木瀬町長瀬１２４６－２" }, "geometry": { "type": "Point", "coordinates": [ 130.2839, 33.294453 ] } },
{ "type": "Feature", "properties": { "ID": 4154100000384, "正式名称": "ペリカン薬局　川副店", "機関区分": 5, "都道府県コード": 41, "市区町村コード": 201, "所在地": "佐賀県佐賀市川副町小々森９６７－１８", "緯度": 33.197293, "経度": 130.297811, "url": "https://www.iryou.teikyouseido.mhlw.go.jp/znk-web/juminkanja/S2430/initialize?prefCd=41&kikanCd=4100000384&kikanKbn=5", "url2": "https://pelican14.co.jp", "内容": "ペリカン薬局　川副店【5:薬局】佐賀県佐賀市川副町小々森９６７－１８" }, "geometry": { "type": "Point", "coordinates": [ 130.297811, 33.197293 ] } },
{ "type": "Feature", "properties": { "ID": 4154100000385, "正式名称": "カールトン　よつ葉薬局", "機関区分": 5, "都道府県コード": 41, "市区町村コード": 424, "所在地": "佐賀県杵島郡江北町山口１２０６―４", "緯度": 33.214556, "経度": 130.160669, "url": "https://www.iryou.teikyouseido.mhlw.go.jp/znk-web/juminkanja/S2430/initialize?prefCd=41&kikanCd=4100000385&kikanKbn=5", "url2": null, "内容": "カールトン　よつ葉薬局【5:薬局】佐賀県杵島郡江北町山口１２０６―４" }, "geometry": { "type": "Point", "coordinates": [ 130.160669, 33.214556 ] } },
{ "type": "Feature", "properties": { "ID": 4154100000386, "正式名称": "アルナ薬局国立佐賀病院東側店", "機関区分": 5, "都道府県コード": 41, "市区町村コード": 201, "所在地": "佐賀県佐賀市日の出１－２－１", "緯度": 33.275386, "経度": 130.294881, "url": "https://www.iryou.teikyouseido.mhlw.go.jp/znk-web/juminkanja/S2430/initialize?prefCd=41&kikanCd=4100000386&kikanKbn=5", "url2": "http://www.aruna-ds.co.jp/", "内容": "アルナ薬局国立佐賀病院東側店【5:薬局】佐賀県佐賀市日の出１－２－１" }, "geometry": { "type": "Point", "coordinates": [ 130.294881, 33.275386 ] } },
{ "type": "Feature", "properties": { "ID": 4154100000388, "正式名称": "有限会社　片桐薬局", "機関区分": 5, "都道府県コード": 41, "市区町村コード": 204, "所在地": "佐賀県多久市北多久町小侍５９５１", "緯度": 33.288241, "経度": 130.097553, "url": "https://www.iryou.teikyouseido.mhlw.go.jp/znk-web/juminkanja/S2430/initialize?prefCd=41&kikanCd=4100000388&kikanKbn=5", "url2": null, "内容": "有限会社　片桐薬局【5:薬局】佐賀県多久市北多久町小侍５９５１" }, "geometry": { "type": "Point", "coordinates": [ 130.097553, 33.288241 ] } },
{ "type": "Feature", "properties": { "ID": 4154100000389, "正式名称": "さと薬局", "機関区分": 5, "都道府県コード": 41, "市区町村コード": 205, "所在地": "佐賀県伊万里市東山代町里１０４－３", "緯度": 33.285003, "経度": 129.835628, "url": "https://www.iryou.teikyouseido.mhlw.go.jp/znk-web/juminkanja/S2430/initialize?prefCd=41&kikanCd=4100000389&kikanKbn=5", "url2": null, "内容": "さと薬局【5:薬局】佐賀県伊万里市東山代町里１０４－３" }, "geometry": { "type": "Point", "coordinates": [ 129.835628, 33.285003 ] } },
{ "type": "Feature", "properties": { "ID": 4154100000390, "正式名称": "まごころ薬局", "機関区分": 5, "都道府県コード": 41, "市区町村コード": 424, "所在地": "佐賀県杵島郡江北町大字上小田１１４８－６", "緯度": 33.218145, "経度": 130.13745, "url": "https://www.iryou.teikyouseido.mhlw.go.jp/znk-web/juminkanja/S2430/initialize?prefCd=41&kikanCd=4100000390&kikanKbn=5", "url2": null, "内容": "まごころ薬局【5:薬局】佐賀県杵島郡江北町大字上小田１１４８－６" }, "geometry": { "type": "Point", "coordinates": [ 130.13745, 33.218145 ] } },
{ "type": "Feature", "properties": { "ID": 4154100000391, "正式名称": "諸富センター薬局", "機関区分": 5, "都道府県コード": 41, "市区町村コード": 201, "所在地": "佐賀県佐賀市諸富町為重５６５－６", "緯度": 33.223592, "経度": 130.351861, "url": "https://www.iryou.teikyouseido.mhlw.go.jp/znk-web/juminkanja/S2430/initialize?prefCd=41&kikanCd=4100000391&kikanKbn=5", "url2": null, "内容": "諸富センター薬局【5:薬局】佐賀県佐賀市諸富町為重５６５－６" }, "geometry": { "type": "Point", "coordinates": [ 130.351861, 33.223592 ] } },
{ "type": "Feature", "properties": { "ID": 4154100000392, "正式名称": "誠心堂薬局　あすなろ店", "機関区分": 5, "都道府県コード": 41, "市区町村コード": 205, "所在地": "佐賀県伊万里市大坪町甲２３５０番地８９", "緯度": 33.282173, "経度": 129.890134, "url": "https://www.iryou.teikyouseido.mhlw.go.jp/znk-web/juminkanja/S2430/initialize?prefCd=41&kikanCd=4100000392&kikanKbn=5", "url2": null, "内容": "誠心堂薬局　あすなろ店【5:薬局】佐賀県伊万里市大坪町甲２３５０番地８９" }, "geometry": { "type": "Point", "coordinates": [ 129.890134, 33.282173 ] } },
{ "type": "Feature", "properties": { "ID": 4154100000393, "正式名称": "誠心堂薬局　寿通り店", "機関区分": 5, "都道府県コード": 41, "市区町村コード": 205, "所在地": "佐賀県伊万里市新天町６０１番地３", "緯度": 33.27315, "経度": 129.877378, "url": "https://www.iryou.teikyouseido.mhlw.go.jp/znk-web/juminkanja/S2430/initialize?prefCd=41&kikanCd=4100000393&kikanKbn=5", "url2": null, "内容": "誠心堂薬局　寿通り店【5:薬局】佐賀県伊万里市新天町６０１番地３" }, "geometry": { "type": "Point", "coordinates": [ 129.877378, 33.27315 ] } },
{ "type": "Feature", "properties": { "ID": 4154100000395, "正式名称": "なのはな薬局", "機関区分": 5, "都道府県コード": 41, "市区町村コード": 424, "所在地": "佐賀県杵島郡江北町上小田１９７－１", "緯度": 33.226, "経度": 130.14515, "url": "https://www.iryou.teikyouseido.mhlw.go.jp/znk-web/juminkanja/S2430/initialize?prefCd=41&kikanCd=4100000395&kikanKbn=5", "url2": null, "内容": "なのはな薬局【5:薬局】佐賀県杵島郡江北町上小田１９７－１" }, "geometry": { "type": "Point", "coordinates": [ 130.14515, 33.226 ] } },
{ "type": "Feature", "properties": { "ID": 4154100000396, "正式名称": "あさひ薬局　市民グラウンド前店", "機関区分": 5, "都道府県コード": 41, "市区町村コード": 202, "所在地": "佐賀県唐津市和多田天満町１丁目４１２６", "緯度": 33.432377, "経度": 129.988349, "url": "https://www.iryou.teikyouseido.mhlw.go.jp/znk-web/juminkanja/S2430/initialize?prefCd=41&kikanCd=4100000396&kikanKbn=5", "url2": "https://asahi-karatsu.com", "内容": "あさひ薬局　市民グラウンド前店【5:薬局】佐賀県唐津市和多田天満町１丁目４１２６" }, "geometry": { "type": "Point", "coordinates": [ 129.988349, 33.432377 ] } },
{ "type": "Feature", "properties": { "ID": 4154100000397, "正式名称": "一光堂薬局", "機関区分": 5, "都道府県コード": 41, "市区町村コード": 203, "所在地": "佐賀県鳥栖市鎗田町２８８－１", "緯度": 33.381002, "経度": 130.512833, "url": "https://www.iryou.teikyouseido.mhlw.go.jp/znk-web/juminkanja/S2430/initialize?prefCd=41&kikanCd=4100000397&kikanKbn=5", "url2": "https://ikkodoph.com/", "内容": "一光堂薬局【5:薬局】佐賀県鳥栖市鎗田町２８８－１" }, "geometry": { "type": "Point", "coordinates": [ 130.512833, 33.381002 ] } },
{ "type": "Feature", "properties": { "ID": 4154100000398, "正式名称": "タイヘイ薬局　メディカルモールしろいし店", "機関区分": 5, "都道府県コード": 41, "市区町村コード": 425, "所在地": "佐賀県杵島郡白石町大字福吉１８３６", "緯度": 33.186188, "経度": 130.1471, "url": "https://www.iryou.teikyouseido.mhlw.go.jp/znk-web/juminkanja/S2430/initialize?prefCd=41&kikanCd=4100000398&kikanKbn=5", "url2": "http://www.taihei-group.jp/", "内容": "タイヘイ薬局　メディカルモールしろいし店【5:薬局】佐賀県杵島郡白石町大字福吉１８３６" }, "geometry": { "type": "Point", "coordinates": [ 130.1471, 33.186188 ] } },
{ "type": "Feature", "properties": { "ID": 4154100000399, "正式名称": "かわぞえ薬局", "機関区分": 5, "都道府県コード": 41, "市区町村コード": 202, "所在地": "佐賀県唐津市和多田本村２８５９ー２", "緯度": 33.435889, "経度": 129.978807, "url": "https://www.iryou.teikyouseido.mhlw.go.jp/znk-web/juminkanja/S2430/initialize?prefCd=41&kikanCd=4100000399&kikanKbn=5", "url2": "https://www.kusurinomadoguchi.com/saga/s114201", "内容": "かわぞえ薬局【5:薬局】佐賀県唐津市和多田本村２８５９ー２" }, "geometry": { "type": "Point", "coordinates": [ 129.978807, 33.435889 ] } },
{ "type": "Feature", "properties": { "ID": 4154100000400, "正式名称": "調剤薬局マリンランド", "機関区分": 5, "都道府県コード": 41, "市区町村コード": 346, "所在地": "佐賀県三養基郡みやき町原古賀１０６８－６", "緯度": 33.344426, "経度": 130.440549, "url": "https://www.iryou.teikyouseido.mhlw.go.jp/znk-web/juminkanja/S2430/initialize?prefCd=41&kikanCd=4100000400&kikanKbn=5", "url2": null, "内容": "調剤薬局マリンランド【5:薬局】佐賀県三養基郡みやき町原古賀１０６８－６" }, "geometry": { "type": "Point", "coordinates": [ 130.440549, 33.344426 ] } },
{ "type": "Feature", "properties": { "ID": 4154100000401, "正式名称": "株式会社　辻薬店　辻薬局市役所通り店", "機関区分": 5, "都道府県コード": 41, "市区町村コード": 202, "所在地": "佐賀県唐津市刀町１５３１－１", "緯度": 33.448654, "経度": 129.968249, "url": "https://www.iryou.teikyouseido.mhlw.go.jp/znk-web/juminkanja/S2430/initialize?prefCd=41&kikanCd=4100000401&kikanKbn=5", "url2": "http://www.tsuji-yakuten.jp/", "内容": "株式会社　辻薬店　辻薬局市役所通り店【5:薬局】佐賀県唐津市刀町１５３１－１" }, "geometry": { "type": "Point", "coordinates": [ 129.968249, 33.448654 ] } },
{ "type": "Feature", "properties": { "ID": 4154100000402, "正式名称": "アルナ薬局好生館前店", "機関区分": 5, "都道府県コード": 41, "市区町村コード": 201, "所在地": "佐賀県佐賀市嘉瀬町扇町２４７２－１", "緯度": 33.242705, "経度": 130.266127, "url": "https://www.iryou.teikyouseido.mhlw.go.jp/znk-web/juminkanja/S2430/initialize?prefCd=41&kikanCd=4100000402&kikanKbn=5", "url2": "http://www.aruna-ds.co.jp/", "内容": "アルナ薬局好生館前店【5:薬局】佐賀県佐賀市嘉瀬町扇町２４７２－１" }, "geometry": { "type": "Point", "coordinates": [ 130.266127, 33.242705 ] } },
{ "type": "Feature", "properties": { "ID": 4154100000403, "正式名称": "おの薬局みやき店", "機関区分": 5, "都道府県コード": 41, "市区町村コード": 346, "所在地": "佐賀県三養基郡みやき町大字市武１３３２－１", "緯度": 33.29605, "経度": 130.430447, "url": "https://www.iryou.teikyouseido.mhlw.go.jp/znk-web/juminkanja/S2430/initialize?prefCd=41&kikanCd=4100000403&kikanKbn=5", "url2": null, "内容": "おの薬局みやき店【5:薬局】佐賀県三養基郡みやき町大字市武１３３２－１" }, "geometry": { "type": "Point", "coordinates": [ 130.430447, 33.29605 ] } },
{ "type": "Feature", "properties": { "ID": 4154100000404, "正式名称": "いなみつ薬局　元町店", "機関区分": 5, "都道府県コード": 41, "市区町村コード": 203, "所在地": "佐賀県鳥栖市元町１３２８－５", "緯度": 33.373613, "経度": 130.508757, "url": "https://www.iryou.teikyouseido.mhlw.go.jp/znk-web/juminkanja/S2430/initialize?prefCd=41&kikanCd=4100000404&kikanKbn=5", "url2": "http://www.inamitsu-pharmacy.com/", "内容": "いなみつ薬局　元町店【5:薬局】佐賀県鳥栖市元町１３２８－５" }, "geometry": { "type": "Point", "coordinates": [ 130.508757, 33.373613 ] } },
{ "type": "Feature", "properties": { "ID": 4154100000405, "正式名称": "クローバー薬局", "機関区分": 5, "都道府県コード": 41, "市区町村コード": 202, "所在地": "佐賀県唐津市坊主町５１９－１", "緯度": 33.451681, "経度": 129.965555, "url": "https://www.iryou.teikyouseido.mhlw.go.jp/znk-web/juminkanja/S2430/initialize?prefCd=41&kikanCd=4100000405&kikanKbn=5", "url2": null, "内容": "クローバー薬局【5:薬局】佐賀県唐津市坊主町５１９－１" }, "geometry": { "type": "Point", "coordinates": [ 129.965555, 33.451681 ] } },
{ "type": "Feature", "properties": { "ID": 4154100000406, "正式名称": "こじま薬局", "機関区分": 5, "都道府県コード": 41, "市区町村コード": 205, "所在地": "佐賀県伊万里市立花町４５６－１", "緯度": 33.257096, "経度": 129.876873, "url": "https://www.iryou.teikyouseido.mhlw.go.jp/znk-web/juminkanja/S2430/initialize?prefCd=41&kikanCd=4100000406&kikanKbn=5", "url2": null, "内容": "こじま薬局【5:薬局】佐賀県伊万里市立花町４５６－１" }, "geometry": { "type": "Point", "coordinates": [ 129.876873, 33.257096 ] } },
{ "type": "Feature", "properties": { "ID": 4154100000407, "正式名称": "しらかべ薬局", "機関区分": 5, "都道府県コード": 41, "市区町村コード": 346, "所在地": "佐賀県三養基郡みやき町白壁字一本松２３２番２", "緯度": 33.326667, "経度": 130.464047, "url": "https://www.iryou.teikyouseido.mhlw.go.jp/znk-web/juminkanja/S2430/initialize?prefCd=41&kikanCd=4100000407&kikanKbn=5", "url2": null, "内容": "しらかべ薬局【5:薬局】佐賀県三養基郡みやき町白壁字一本松２３２番２" }, "geometry": { "type": "Point", "coordinates": [ 130.464047, 33.326667 ] } },
{ "type": "Feature", "properties": { "ID": 4154100000408, "正式名称": "宮崎薬局　鹿島店", "機関区分": 5, "都道府県コード": 41, "市区町村コード": 207, "所在地": "佐賀県鹿島市納富分甲５０", "緯度": 33.105106, "経度": 130.09853, "url": "https://www.iryou.teikyouseido.mhlw.go.jp/znk-web/juminkanja/S2430/initialize?prefCd=41&kikanCd=4100000408&kikanKbn=5", "url2": "https://miyazaki-y.jp/", "内容": "宮崎薬局　鹿島店【5:薬局】佐賀県鹿島市納富分甲５０" }, "geometry": { "type": "Point", "coordinates": [ 130.09853, 33.105106 ] } },
{ "type": "Feature", "properties": { "ID": 4154100000409, "正式名称": "モリ薬局　鳥栖蔵上店", "機関区分": 5, "都道府県コード": 41, "市区町村コード": 203, "所在地": "佐賀県鳥栖市蔵上３－１６２", "緯度": 33.373915, "経度": 130.49069, "url": "https://www.iryou.teikyouseido.mhlw.go.jp/znk-web/juminkanja/S2430/initialize?prefCd=41&kikanCd=4100000409&kikanKbn=5", "url2": "https://www.doramori.co.jp/tenant/", "内容": "モリ薬局　鳥栖蔵上店【5:薬局】佐賀県鳥栖市蔵上３－１６２" }, "geometry": { "type": "Point", "coordinates": [ 130.49069, 33.373915 ] } },
{ "type": "Feature", "properties": { "ID": 4154100000410, "正式名称": "福田平安堂薬局", "機関区分": 5, "都道府県コード": 41, "市区町村コード": 209, "所在地": "佐賀県嬉野市嬉野町下野丙１１６－１", "緯度": 33.126395, "経度": 130.003513, "url": "https://www.iryou.teikyouseido.mhlw.go.jp/znk-web/juminkanja/S2430/initialize?prefCd=41&kikanCd=4100000410&kikanKbn=5", "url2": null, "内容": "福田平安堂薬局【5:薬局】佐賀県嬉野市嬉野町下野丙１１６－１" }, "geometry": { "type": "Point", "coordinates": [ 130.003513, 33.126395 ] } },
{ "type": "Feature", "properties": { "ID": 4154100000411, "正式名称": "あさひ薬局　相知店", "機関区分": 5, "都道府県コード": 41, "市区町村コード": 202, "所在地": "佐賀県唐津市相知町相知３０５６番地１", "緯度": 33.353207, "経度": 130.004981, "url": "https://www.iryou.teikyouseido.mhlw.go.jp/znk-web/juminkanja/S2430/initialize?prefCd=41&kikanCd=4100000411&kikanKbn=5", "url2": "http://www.asahi-p-karatsu.com/", "内容": "あさひ薬局　相知店【5:薬局】佐賀県唐津市相知町相知３０５６番地１" }, "geometry": { "type": "Point", "coordinates": [ 130.004981, 33.353207 ] } },
{ "type": "Feature", "properties": { "ID": 4154100000412, "正式名称": "ほのぼの薬局兵庫南店", "機関区分": 5, "都道府県コード": 41, "市区町村コード": 201, "所在地": "佐賀県佐賀市兵庫南１丁目２０－２４", "緯度": 33.260697, "経度": 130.318372, "url": "https://www.iryou.teikyouseido.mhlw.go.jp/znk-web/juminkanja/S2430/initialize?prefCd=41&kikanCd=4100000412&kikanKbn=5", "url2": "http://honobono-pharmacy.net/", "内容": "ほのぼの薬局兵庫南店【5:薬局】佐賀県佐賀市兵庫南１丁目２０－２４" }, "geometry": { "type": "Point", "coordinates": [ 130.318372, 33.260697 ] } },
{ "type": "Feature", "properties": { "ID": 4154100000413, "正式名称": "スカイメディカルありた薬局", "機関区分": 5, "都道府県コード": 41, "市区町村コード": 401, "所在地": "佐賀県西松浦郡有田町戸杓丙６７３－１", "緯度": 33.183015, "経度": 129.875389, "url": "https://www.iryou.teikyouseido.mhlw.go.jp/znk-web/juminkanja/S2430/initialize?prefCd=41&kikanCd=4100000413&kikanKbn=5", "url2": "https://skymedical.jp/pharmacy/arita/", "内容": "スカイメディカルありた薬局【5:薬局】佐賀県西松浦郡有田町戸杓丙６７３－１" }, "geometry": { "type": "Point", "coordinates": [ 129.875389, 33.183015 ] } },
{ "type": "Feature", "properties": { "ID": 4154100000415, "正式名称": "うしづの薬局", "機関区分": 5, "都道府県コード": 41, "市区町村コード": 208, "所在地": "佐賀県小城市牛津町上砥川１２３４－３３", "緯度": 33.238578, "経度": 130.1827, "url": "https://www.iryou.teikyouseido.mhlw.go.jp/znk-web/juminkanja/S2430/initialize?prefCd=41&kikanCd=4100000415&kikanKbn=5", "url2": "https://www.kusurinomadoguchi.com/saga/s1000000759", "内容": "うしづの薬局【5:薬局】佐賀県小城市牛津町上砥川１２３４－３３" }, "geometry": { "type": "Point", "coordinates": [ 130.1827, 33.238578 ] } },
{ "type": "Feature", "properties": { "ID": 4154100000416, "正式名称": "ドラッグイレブン薬局　築城店", "機関区分": 5, "都道府県コード": 41, "市区町村コード": 209, "所在地": "佐賀県嬉野市嬉野町下宿甲４７１３－５", "緯度": 33.103498, "経度": 129.995776, "url": "https://www.iryou.teikyouseido.mhlw.go.jp/znk-web/juminkanja/S2430/initialize?prefCd=41&kikanCd=4100000416&kikanKbn=5", "url2": null, "内容": "ドラッグイレブン薬局　築城店【5:薬局】佐賀県嬉野市嬉野町下宿甲４７１３－５" }, "geometry": { "type": "Point", "coordinates": [ 129.995776, 33.103498 ] } },
{ "type": "Feature", "properties": { "ID": 4154100000417, "正式名称": "株式会社愛敬薬局嘉瀬町支店", "機関区分": 5, "都道府県コード": 41, "市区町村コード": 201, "所在地": "佐賀県佐賀市嘉瀬町扇町２４７７－１０", "緯度": 33.243995, "経度": 130.265644, "url": "https://www.iryou.teikyouseido.mhlw.go.jp/znk-web/juminkanja/S2430/initialize?prefCd=41&kikanCd=4100000417&kikanKbn=5", "url2": "http;//www.aikei.93.co.jp", "内容": "株式会社愛敬薬局嘉瀬町支店【5:薬局】佐賀県佐賀市嘉瀬町扇町２４７７－１０" }, "geometry": { "type": "Point", "coordinates": [ 130.265644, 33.243995 ] } },
{ "type": "Feature", "properties": { "ID": 4154100000418, "正式名称": "昭和薬局", "機関区分": 5, "都道府県コード": 41, "市区町村コード": 206, "所在地": "佐賀県武雄市武雄町昭和７８", "緯度": 33.193706, "経度": 130.025319, "url": "https://www.iryou.teikyouseido.mhlw.go.jp/znk-web/juminkanja/S2430/initialize?prefCd=41&kikanCd=4100000418&kikanKbn=5", "url2": "http://www.k-medipha.co.jp/", "内容": "昭和薬局【5:薬局】佐賀県武雄市武雄町昭和７８" }, "geometry": { "type": "Point", "coordinates": [ 130.025319, 33.193706 ] } },
{ "type": "Feature", "properties": { "ID": 4154100000419, "正式名称": "あさひ薬局　内町店", "機関区分": 5, "都道府県コード": 41, "市区町村コード": 206, "所在地": "佐賀県武雄市武雄町富岡７４６２－２", "緯度": 33.198077, "経度": 130.015674, "url": "https://www.iryou.teikyouseido.mhlw.go.jp/znk-web/juminkanja/S2430/initialize?prefCd=41&kikanCd=4100000419&kikanKbn=5", "url2": null, "内容": "あさひ薬局　内町店【5:薬局】佐賀県武雄市武雄町富岡７４６２－２" }, "geometry": { "type": "Point", "coordinates": [ 130.015674, 33.198077 ] } },
{ "type": "Feature", "properties": { "ID": 4154100000420, "正式名称": "本鳥栖薬局", "機関区分": 5, "都道府県コード": 41, "市区町村コード": 203, "所在地": "佐賀県鳥栖市本鳥栖町６３３番地４５", "緯度": 33.376777, "経度": 130.519845, "url": "https://www.iryou.teikyouseido.mhlw.go.jp/znk-web/juminkanja/S2430/initialize?prefCd=41&kikanCd=4100000420&kikanKbn=5", "url2": "https://www.die10good.com", "内容": "本鳥栖薬局【5:薬局】佐賀県鳥栖市本鳥栖町６３３番地４５" }, "geometry": { "type": "Point", "coordinates": [ 130.519845, 33.376777 ] } },
{ "type": "Feature", "properties": { "ID": 4154100000421, "正式名称": "おもてなし薬局　若木店", "機関区分": 5, "都道府県コード": 41, "市区町村コード": 206, "所在地": "佐賀県武雄市若木町川古７４６０－１", "緯度": 33.255569, "経度": 129.989769, "url": "https://www.iryou.teikyouseido.mhlw.go.jp/znk-web/juminkanja/S2430/initialize?prefCd=41&kikanCd=4100000421&kikanKbn=5", "url2": null, "内容": "おもてなし薬局　若木店【5:薬局】佐賀県武雄市若木町川古７４６０－１" }, "geometry": { "type": "Point", "coordinates": [ 129.989769, 33.255569 ] } },
{ "type": "Feature", "properties": { "ID": 4154100000422, "正式名称": "山下薬局　松島店", "機関区分": 5, "都道府県コード": 41, "市区町村コード": 205, "所在地": "佐賀県伊万里市松島町２６２番地", "緯度": 33.277015, "経度": 129.876464, "url": "https://www.iryou.teikyouseido.mhlw.go.jp/znk-web/juminkanja/S2430/initialize?prefCd=41&kikanCd=4100000422&kikanKbn=5", "url2": "http://www.ph-yamashita.jp/", "内容": "山下薬局　松島店【5:薬局】佐賀県伊万里市松島町２６２番地" }, "geometry": { "type": "Point", "coordinates": [ 129.876464, 33.277015 ] } },
{ "type": "Feature", "properties": { "ID": 4154100000423, "正式名称": "さかい薬局　鹿島店", "機関区分": 5, "都道府県コード": 41, "市区町村コード": 207, "所在地": "佐賀県鹿島市中村１１９－１", "緯度": 33.117074, "経度": 130.095759, "url": "https://www.iryou.teikyouseido.mhlw.go.jp/znk-web/juminkanja/S2430/initialize?prefCd=41&kikanCd=4100000423&kikanKbn=5", "url2": "http://www.sakai-yakkyoku.co.jp/", "内容": "さかい薬局　鹿島店【5:薬局】佐賀県鹿島市中村１１９－１" }, "geometry": { "type": "Point", "coordinates": [ 130.095759, 33.117074 ] } },
{ "type": "Feature", "properties": { "ID": 4154100000424, "正式名称": "あさひ薬局　キャロット浜玉店", "機関区分": 5, "都道府県コード": 41, "市区町村コード": 202, "所在地": "佐賀県唐津市浜玉町浜崎２２４", "緯度": 33.449026, "経度": 130.044324, "url": "https://www.iryou.teikyouseido.mhlw.go.jp/znk-web/juminkanja/S2430/initialize?prefCd=41&kikanCd=4100000424&kikanKbn=5", "url2": "http://www.asahi-p-karatsu.com/index.html", "内容": "あさひ薬局　キャロット浜玉店【5:薬局】佐賀県唐津市浜玉町浜崎２２４" }, "geometry": { "type": "Point", "coordinates": [ 130.044324, 33.449026 ] } },
{ "type": "Feature", "properties": { "ID": 4154100000425, "正式名称": "スカイメディカル昭和薬局", "機関区分": 5, "都道府県コード": 41, "市区町村コード": 206, "所在地": "佐賀県武雄市武雄町昭和１０６", "緯度": 33.192072, "経度": 130.024941, "url": "https://www.iryou.teikyouseido.mhlw.go.jp/znk-web/juminkanja/S2430/initialize?prefCd=41&kikanCd=4100000425&kikanKbn=5", "url2": "https://skymedical.jp/pharmacy/showa/", "内容": "スカイメディカル昭和薬局【5:薬局】佐賀県武雄市武雄町昭和１０６" }, "geometry": { "type": "Point", "coordinates": [ 130.024941, 33.192072 ] } },
{ "type": "Feature", "properties": { "ID": 4154100000426, "正式名称": "スカイメディカルたけお薬局", "機関区分": 5, "都道府県コード": 41, "市区町村コード": 206, "所在地": "佐賀県武雄市武雄町武雄３８５－２", "緯度": 33.185508, "経度": 129.997535, "url": "https://www.iryou.teikyouseido.mhlw.go.jp/znk-web/juminkanja/S2430/initialize?prefCd=41&kikanCd=4100000426&kikanKbn=5", "url2": "https://www.skymedical.jp", "内容": "スカイメディカルたけお薬局【5:薬局】佐賀県武雄市武雄町武雄３８５－２" }, "geometry": { "type": "Point", "coordinates": [ 129.997535, 33.185508 ] } },
{ "type": "Feature", "properties": { "ID": 4154100000427, "正式名称": "神代薬局　八田店", "機関区分": 5, "都道府県コード": 41, "市区町村コード": 201, "所在地": "佐賀県佐賀市北川副町新郷７３２－１", "緯度": 33.238304, "経度": 130.311795, "url": "https://www.iryou.teikyouseido.mhlw.go.jp/znk-web/juminkanja/S2430/initialize?prefCd=41&kikanCd=4100000427&kikanKbn=5", "url2": "http://www.kumashiro-p.co.jp", "内容": "神代薬局　八田店【5:薬局】佐賀県佐賀市北川副町新郷７３２－１" }, "geometry": { "type": "Point", "coordinates": [ 130.311795, 33.238304 ] } },
{ "type": "Feature", "properties": { "ID": 4154100000428, "正式名称": "アサヒ薬局", "機関区分": 5, "都道府県コード": 41, "市区町村コード": 201, "所在地": "佐賀県佐賀市金立町金立２２１２－２７", "緯度": 33.315011, "経度": 130.301345, "url": "https://www.iryou.teikyouseido.mhlw.go.jp/znk-web/juminkanja/S2430/initialize?prefCd=41&kikanCd=4100000428&kikanKbn=5", "url2": "https://www.asahisaga.com/", "内容": "アサヒ薬局【5:薬局】佐賀県佐賀市金立町金立２２１２－２７" }, "geometry": { "type": "Point", "coordinates": [ 130.301345, 33.315011 ] } },
{ "type": "Feature", "properties": { "ID": 4154100000429, "正式名称": "おもてなし薬局　南波多店", "機関区分": 5, "都道府県コード": 41, "市区町村コード": 205, "所在地": "佐賀県伊万里市南波多町井手野２４６４－１", "緯度": 33.310467, "経度": 129.928136, "url": "https://www.iryou.teikyouseido.mhlw.go.jp/znk-web/juminkanja/S2430/initialize?prefCd=41&kikanCd=4100000429&kikanKbn=5", "url2": null, "内容": "おもてなし薬局　南波多店【5:薬局】佐賀県伊万里市南波多町井手野２４６４－１" }, "geometry": { "type": "Point", "coordinates": [ 129.928136, 33.310467 ] } },
{ "type": "Feature", "properties": { "ID": 4154100000430, "正式名称": "有限会社まつばら薬局中央店", "機関区分": 5, "都道府県コード": 41, "市区町村コード": 202, "所在地": "佐賀県唐津市西城内５番１４－２号", "緯度": 33.450964, "経度": 129.967564, "url": "https://www.iryou.teikyouseido.mhlw.go.jp/znk-web/juminkanja/S2430/initialize?prefCd=41&kikanCd=4100000430&kikanKbn=5", "url2": "https://matsubara-pharmacy.com", "内容": "有限会社まつばら薬局中央店【5:薬局】佐賀県唐津市西城内５番１４－２号" }, "geometry": { "type": "Point", "coordinates": [ 129.967564, 33.450964 ] } },
{ "type": "Feature", "properties": { "ID": 4154100000432, "正式名称": "溝上薬局　さが北警察南店", "機関区分": 5, "都道府県コード": 41, "市区町村コード": 201, "所在地": "佐賀県佐賀市高木瀬町東高木２３１－１４", "緯度": 33.273811, "経度": 130.300572, "url": "https://www.iryou.teikyouseido.mhlw.go.jp/znk-web/juminkanja/S2430/initialize?prefCd=41&kikanCd=4100000432&kikanKbn=5", "url2": "http://www.miz-pharmacy.co.jp", "内容": "溝上薬局　さが北警察南店【5:薬局】佐賀県佐賀市高木瀬町東高木２３１－１４" }, "geometry": { "type": "Point", "coordinates": [ 130.300572, 33.273811 ] } },
{ "type": "Feature", "properties": { "ID": 4154100000433, "正式名称": "今泉薬局　本町店", "機関区分": 5, "都道府県コード": 41, "市区町村コード": 208, "所在地": "佐賀県小城市小城町２８０－６", "緯度": 33.292202, "経度": 130.199326, "url": "https://www.iryou.teikyouseido.mhlw.go.jp/znk-web/juminkanja/S2430/initialize?prefCd=41&kikanCd=4100000433&kikanKbn=5", "url2": null, "内容": "今泉薬局　本町店【5:薬局】佐賀県小城市小城町２８０－６" }, "geometry": { "type": "Point", "coordinates": [ 130.199326, 33.292202 ] } },
{ "type": "Feature", "properties": { "ID": 4154100000434, "正式名称": "山下至誠堂薬局　肥前店", "機関区分": 5, "都道府県コード": 41, "市区町村コード": 202, "所在地": "佐賀県唐津市肥前町入野甲１９６１－１８", "緯度": 33.44173, "経度": 129.816027, "url": "https://www.iryou.teikyouseido.mhlw.go.jp/znk-web/juminkanja/S2430/initialize?prefCd=41&kikanCd=4100000434&kikanKbn=5", "url2": "https://www.y-siseido.jp/", "内容": "山下至誠堂薬局　肥前店【5:薬局】佐賀県唐津市肥前町入野甲１９６１－１８" }, "geometry": { "type": "Point", "coordinates": [ 129.816027, 33.44173 ] } },
{ "type": "Feature", "properties": { "ID": 4154100000435, "正式名称": "基山薬局", "機関区分": 5, "都道府県コード": 41, "市区町村コード": 341, "所在地": "佐賀県三養基郡基山町宮浦１８６－６５", "緯度": 33.421703, "経度": 130.530469, "url": "https://www.iryou.teikyouseido.mhlw.go.jp/znk-web/juminkanja/S2430/initialize?prefCd=41&kikanCd=4100000435&kikanKbn=5", "url2": null, "内容": "基山薬局【5:薬局】佐賀県三養基郡基山町宮浦１８６－６５" }, "geometry": { "type": "Point", "coordinates": [ 130.530469, 33.421703 ] } },
{ "type": "Feature", "properties": { "ID": 4154100000436, "正式名称": "サンドラッグ弥生が丘薬局", "機関区分": 5, "都道府県コード": 41, "市区町村コード": 203, "所在地": "佐賀県鳥栖市弥生が丘１－３２", "緯度": 33.403347, "経度": 130.525917, "url": "https://www.iryou.teikyouseido.mhlw.go.jp/znk-web/juminkanja/S2430/initialize?prefCd=41&kikanCd=4100000436&kikanKbn=5", "url2": "https://sundrug-online.com/blogs/search-store/2903", "内容": "サンドラッグ弥生が丘薬局【5:薬局】佐賀県鳥栖市弥生が丘１－３２" }, "geometry": { "type": "Point", "coordinates": [ 130.525917, 33.403347 ] } },
{ "type": "Feature", "properties": { "ID": 4154100000438, "正式名称": "ひえこば薬局", "機関区分": 5, "都道府県コード": 41, "市区町村コード": 401, "所在地": "佐賀県西松浦郡有田町稗古場２ー１０ー９", "緯度": 33.187111, "経度": 129.894106, "url": "https://www.iryou.teikyouseido.mhlw.go.jp/znk-web/juminkanja/S2430/initialize?prefCd=41&kikanCd=4100000438&kikanKbn=5", "url2": null, "内容": "ひえこば薬局【5:薬局】佐賀県西松浦郡有田町稗古場２ー１０ー９" }, "geometry": { "type": "Point", "coordinates": [ 129.894106, 33.187111 ] } },
{ "type": "Feature", "properties": { "ID": 4154100000439, "正式名称": "おおの薬局", "機関区分": 5, "都道府県コード": 41, "市区町村コード": 206, "所在地": "佐賀県武雄市山内町大野６５７５－１０", "緯度": 33.21104, "経度": 129.938208, "url": "https://www.iryou.teikyouseido.mhlw.go.jp/znk-web/juminkanja/S2430/initialize?prefCd=41&kikanCd=4100000439&kikanKbn=5", "url2": "https://www.taishinph.co.jp/", "内容": "おおの薬局【5:薬局】佐賀県武雄市山内町大野６５７５－１０" }, "geometry": { "type": "Point", "coordinates": [ 129.938208, 33.21104 ] } },
{ "type": "Feature", "properties": { "ID": 4154100000440, "正式名称": "シモセ薬局　　花島店", "機関区分": 5, "都道府県コード": 41, "市区町村コード": 206, "所在地": "佐賀県武雄市武雄町永島１３２２５－１", "緯度": 33.178257, "経度": 130.03412, "url": "https://www.iryou.teikyouseido.mhlw.go.jp/znk-web/juminkanja/S2430/initialize?prefCd=41&kikanCd=4100000440&kikanKbn=5", "url2": null, "内容": "シモセ薬局　　花島店【5:薬局】佐賀県武雄市武雄町永島１３２２５－１" }, "geometry": { "type": "Point", "coordinates": [ 130.03412, 33.178257 ] } },
{ "type": "Feature", "properties": { "ID": 4154100000441, "正式名称": "日新薬局", "機関区分": 5, "都道府県コード": 41, "市区町村コード": 201, "所在地": "佐賀県佐賀市本庄町本庄１２６６－１０", "緯度": 33.245652, "経度": 130.2843, "url": "https://www.iryou.teikyouseido.mhlw.go.jp/znk-web/juminkanja/S2430/initialize?prefCd=41&kikanCd=4100000441&kikanKbn=5", "url2": "http://alsace-net.jp/", "内容": "日新薬局【5:薬局】佐賀県佐賀市本庄町本庄１２６６－１０" }, "geometry": { "type": "Point", "coordinates": [ 130.2843, 33.245652 ] } },
{ "type": "Feature", "properties": { "ID": 4154100000442, "正式名称": "かこば薬局", "機関区分": 5, "都道府県コード": 41, "市区町村コード": 401, "所在地": "佐賀県西松浦郡有田町黒川丙６２７－２０", "緯度": 33.195843, "経度": 129.851944, "url": "https://www.iryou.teikyouseido.mhlw.go.jp/znk-web/juminkanja/S2430/initialize?prefCd=41&kikanCd=4100000442&kikanKbn=5", "url2": "http://www.k-medipha.co.jp/", "内容": "かこば薬局【5:薬局】佐賀県西松浦郡有田町黒川丙６２７－２０" }, "geometry": { "type": "Point", "coordinates": [ 129.851944, 33.195843 ] } },
{ "type": "Feature", "properties": { "ID": 4154100000443, "正式名称": "山吹薬局", "機関区分": 5, "都道府県コード": 41, "市区町村コード": 207, "所在地": "佐賀県鹿島市納富分３１０７番地１", "緯度": 33.10008, "経度": 130.102093, "url": "https://www.iryou.teikyouseido.mhlw.go.jp/znk-web/juminkanja/S2430/initialize?prefCd=41&kikanCd=4100000443&kikanKbn=5", "url2": null, "内容": "山吹薬局【5:薬局】佐賀県鹿島市納富分３１０７番地１" }, "geometry": { "type": "Point", "coordinates": [ 130.102093, 33.10008 ] } },
{ "type": "Feature", "properties": { "ID": 4154100000444, "正式名称": "めぐり薬局", "機関区分": 5, "都道府県コード": 41, "市区町村コード": 425, "所在地": "佐賀県杵島郡白石町牛屋３２４６番地", "緯度": 33.151154, "経度": 130.138374, "url": "https://www.iryou.teikyouseido.mhlw.go.jp/znk-web/juminkanja/S2430/initialize?prefCd=41&kikanCd=4100000444&kikanKbn=5", "url2": "https://www.meguri-yakkyoku.com/", "内容": "めぐり薬局【5:薬局】佐賀県杵島郡白石町牛屋３２４６番地" }, "geometry": { "type": "Point", "coordinates": [ 130.138374, 33.151154 ] } },
{ "type": "Feature", "properties": { "ID": 4154100000445, "正式名称": "ほうらい薬局", "機関区分": 5, "都道府県コード": 41, "市区町村コード": 206, "所在地": "佐賀県武雄市武雄町富岡７７２５番地２", "緯度": 33.196311, "経度": 130.01907, "url": "https://www.iryou.teikyouseido.mhlw.go.jp/znk-web/juminkanja/S2430/initialize?prefCd=41&kikanCd=4100000445&kikanKbn=5", "url2": "https://horai-p.com/", "内容": "ほうらい薬局【5:薬局】佐賀県武雄市武雄町富岡７７２５番地２" }, "geometry": { "type": "Point", "coordinates": [ 130.01907, 33.196311 ] } },
{ "type": "Feature", "properties": { "ID": 4154100000446, "正式名称": "たかはし薬局", "機関区分": 5, "都道府県コード": 41, "市区町村コード": 202, "所在地": "佐賀県唐津市呼子町呼子４１８０－１", "緯度": 33.537095, "経度": 129.894171, "url": "https://www.iryou.teikyouseido.mhlw.go.jp/znk-web/juminkanja/S2430/initialize?prefCd=41&kikanCd=4100000446&kikanKbn=5", "url2": "https://www.takahashi-pharmacy.com/", "内容": "たかはし薬局【5:薬局】佐賀県唐津市呼子町呼子４１８０－１" }, "geometry": { "type": "Point", "coordinates": [ 129.894171, 33.537095 ] } },
{ "type": "Feature", "properties": { "ID": 4154100000447, "正式名称": "さんて薬局", "機関区分": 5, "都道府県コード": 41, "市区町村コード": 201, "所在地": "佐賀県佐賀市嘉瀬町扇町２５０１－４", "緯度": 33.245148, "経度": 130.27113, "url": "https://www.iryou.teikyouseido.mhlw.go.jp/znk-web/juminkanja/S2430/initialize?prefCd=41&kikanCd=4100000447&kikanKbn=5", "url2": "http://alsace-net.jp/html/about-test.html", "内容": "さんて薬局【5:薬局】佐賀県佐賀市嘉瀬町扇町２５０１－４" }, "geometry": { "type": "Point", "coordinates": [ 130.27113, 33.245148 ] } },
{ "type": "Feature", "properties": { "ID": 4154100000448, "正式名称": "溝上薬局　医大通り店", "機関区分": 5, "都道府県コード": 41, "市区町村コード": 201, "所在地": "佐賀県佐賀市鍋島１丁目４－２６", "緯度": 33.275386, "経度": 130.270306, "url": "https://www.iryou.teikyouseido.mhlw.go.jp/znk-web/juminkanja/S2430/initialize?prefCd=41&kikanCd=4100000448&kikanKbn=5", "url2": "http://www.miz-pharmacy.co.jp", "内容": "溝上薬局　医大通り店【5:薬局】佐賀県佐賀市鍋島１丁目４－２６" }, "geometry": { "type": "Point", "coordinates": [ 130.270306, 33.275386 ] } },
{ "type": "Feature", "properties": { "ID": 4154100000450, "正式名称": "アルナ薬局　嬉野店", "機関区分": 5, "都道府県コード": 41, "市区町村コード": 209, "所在地": "佐賀県嬉野市嬉野町下宿甲４７２８－２８", "緯度": 33.103339, "経度": 129.997107, "url": "https://www.iryou.teikyouseido.mhlw.go.jp/znk-web/juminkanja/S2430/initialize?prefCd=41&kikanCd=4100000450&kikanKbn=5", "url2": "http://www.aruna-ds.co.jp/", "内容": "アルナ薬局　嬉野店【5:薬局】佐賀県嬉野市嬉野町下宿甲４７２８－２８" }, "geometry": { "type": "Point", "coordinates": [ 129.997107, 33.103339 ] } },
{ "type": "Feature", "properties": { "ID": 4154100000451, "正式名称": "信衆堂薬局築城店", "機関区分": 5, "都道府県コード": 41, "市区町村コード": 209, "所在地": "佐賀県嬉野市嬉野町下宿甲４７３０番地１１", "緯度": 33.114803, "経度": 130.001463, "url": "https://www.iryou.teikyouseido.mhlw.go.jp/znk-web/juminkanja/S2430/initialize?prefCd=41&kikanCd=4100000451&kikanKbn=5", "url2": "http://www.shinshudo.com/", "内容": "信衆堂薬局築城店【5:薬局】佐賀県嬉野市嬉野町下宿甲４７３０番地１１" }, "geometry": { "type": "Point", "coordinates": [ 130.001463, 33.114803 ] } },
{ "type": "Feature", "properties": { "ID": 4154100000452, "正式名称": "西牟田薬局", "機関区分": 5, "都道府県コード": 41, "市区町村コード": 207, "所在地": "佐賀県鹿島市高津原３６０９－１５", "緯度": 33.110276, "経度": 130.092196, "url": "https://www.iryou.teikyouseido.mhlw.go.jp/znk-web/juminkanja/S2430/initialize?prefCd=41&kikanCd=4100000452&kikanKbn=5", "url2": null, "内容": "西牟田薬局【5:薬局】佐賀県鹿島市高津原３６０９－１５" }, "geometry": { "type": "Point", "coordinates": [ 130.092196, 33.110276 ] } },
{ "type": "Feature", "properties": { "ID": 4154100000453, "正式名称": "さくら薬局", "機関区分": 5, "都道府県コード": 41, "市区町村コード": 205, "所在地": "佐賀県伊万里市南波多町大曲８２", "緯度": 33.332814, "経度": 129.93135, "url": "https://www.iryou.teikyouseido.mhlw.go.jp/znk-web/juminkanja/S2430/initialize?prefCd=41&kikanCd=4100000453&kikanKbn=5", "url2": null, "内容": "さくら薬局【5:薬局】佐賀県伊万里市南波多町大曲８２" }, "geometry": { "type": "Point", "coordinates": [ 129.93135, 33.332814 ] } },
{ "type": "Feature", "properties": { "ID": 4154100000454, "正式名称": "いけだ薬局西堀端店", "機関区分": 5, "都道府県コード": 41, "市区町村コード": 201, "所在地": "佐賀県佐賀市赤松町１－９", "緯度": 33.24771, "経度": 130.295432, "url": "https://www.iryou.teikyouseido.mhlw.go.jp/znk-web/juminkanja/S2430/initialize?prefCd=41&kikanCd=4100000454&kikanKbn=5", "url2": null, "内容": "いけだ薬局西堀端店【5:薬局】佐賀県佐賀市赤松町１－９" }, "geometry": { "type": "Point", "coordinates": [ 130.295432, 33.24771 ] } },
{ "type": "Feature", "properties": { "ID": 4154100000455, "正式名称": "いけだ薬局みなみ店", "機関区分": 5, "都道府県コード": 41, "市区町村コード": 201, "所在地": "佐賀県佐賀市東与賀町下古賀１１２４－１９", "緯度": 33.214858, "経度": 130.29174, "url": "https://www.iryou.teikyouseido.mhlw.go.jp/znk-web/juminkanja/S2430/initialize?prefCd=41&kikanCd=4100000455&kikanKbn=5", "url2": null, "内容": "いけだ薬局みなみ店【5:薬局】佐賀県佐賀市東与賀町下古賀１１２４－１９" }, "geometry": { "type": "Point", "coordinates": [ 130.29174, 33.214858 ] } },
{ "type": "Feature", "properties": { "ID": 4154100000456, "正式名称": "いけだ薬局北部店", "機関区分": 5, "都道府県コード": 41, "市区町村コード": 201, "所在地": "佐賀県佐賀市高木瀬町東高木２４３－２", "緯度": 33.27633, "経度": 130.299522, "url": "https://www.iryou.teikyouseido.mhlw.go.jp/znk-web/juminkanja/S2430/initialize?prefCd=41&kikanCd=4100000456&kikanKbn=5", "url2": null, "内容": "いけだ薬局北部店【5:薬局】佐賀県佐賀市高木瀬町東高木２４３－２" }, "geometry": { "type": "Point", "coordinates": [ 130.299522, 33.27633 ] } },
{ "type": "Feature", "properties": { "ID": 4154100000457, "正式名称": "ニコニコ薬局　黒崎店", "機関区分": 5, "都道府県コード": 41, "市区町村コード": 202, "所在地": "佐賀県唐津市浦５０６３－７", "緯度": 33.485052, "経度": 129.940817, "url": "https://www.iryou.teikyouseido.mhlw.go.jp/znk-web/juminkanja/S2430/initialize?prefCd=41&kikanCd=4100000457&kikanKbn=5", "url2": null, "内容": "ニコニコ薬局　黒崎店【5:薬局】佐賀県唐津市浦５０６３－７" }, "geometry": { "type": "Point", "coordinates": [ 129.940817, 33.485052 ] } },
{ "type": "Feature", "properties": { "ID": 4154100000458, "正式名称": "岩井手薬局", "機関区分": 5, "都道府県コード": 41, "市区町村コード": 206, "所在地": "佐賀県武雄市山内町鳥海９７８１－１", "緯度": 33.195797, "経度": 129.962724, "url": "https://www.iryou.teikyouseido.mhlw.go.jp/znk-web/juminkanja/S2430/initialize?prefCd=41&kikanCd=4100000458&kikanKbn=5", "url2": "http://www.k-medipha.co.jp/", "内容": "岩井手薬局【5:薬局】佐賀県武雄市山内町鳥海９７８１－１" }, "geometry": { "type": "Point", "coordinates": [ 129.962724, 33.195797 ] } },
{ "type": "Feature", "properties": { "ID": 4154100000459, "正式名称": "げんき堂薬局　みふね店", "機関区分": 5, "都道府県コード": 41, "市区町村コード": 206, "所在地": "佐賀県武雄市武雄町武雄３６６９－１", "緯度": 33.19525, "経度": 130.02017, "url": "https://www.iryou.teikyouseido.mhlw.go.jp/znk-web/juminkanja/S2430/initialize?prefCd=41&kikanCd=4100000459&kikanKbn=5", "url2": "http://genkido-ph.jp/", "内容": "げんき堂薬局　みふね店【5:薬局】佐賀県武雄市武雄町武雄３６６９－１" }, "geometry": { "type": "Point", "coordinates": [ 130.02017, 33.19525 ] } },
{ "type": "Feature", "properties": { "ID": 4154100000460, "正式名称": "温泉四区薬局", "機関区分": 5, "都道府県コード": 41, "市区町村コード": 209, "所在地": "佐賀県嬉野市嬉野町下宿乙２３６７－５", "緯度": 33.09867, "経度": 129.98491, "url": "https://www.iryou.teikyouseido.mhlw.go.jp/znk-web/juminkanja/S2430/initialize?prefCd=41&kikanCd=4100000460&kikanKbn=5", "url2": null, "内容": "温泉四区薬局【5:薬局】佐賀県嬉野市嬉野町下宿乙２３６７－５" }, "geometry": { "type": "Point", "coordinates": [ 129.98491, 33.09867 ] } },
{ "type": "Feature", "properties": { "ID": 4154100000461, "正式名称": "溝上薬局　本店", "機関区分": 5, "都道府県コード": 41, "市区町村コード": 201, "所在地": "佐賀県佐賀市水ケ江１丁目２－２２", "緯度": 33.255086, "経度": 130.299175, "url": "https://www.iryou.teikyouseido.mhlw.go.jp/znk-web/juminkanja/S2430/initialize?prefCd=41&kikanCd=4100000461&kikanKbn=5", "url2": "http://www.miz-pharmacy.co.jp", "内容": "溝上薬局　本店【5:薬局】佐賀県佐賀市水ケ江１丁目２－２２" }, "geometry": { "type": "Point", "coordinates": [ 130.299175, 33.255086 ] } },
{ "type": "Feature", "properties": { "ID": 4154100000462, "正式名称": "鳥栖ユーカリ薬局", "機関区分": 5, "都道府県コード": 41, "市区町村コード": 203, "所在地": "佐賀県鳥栖市真木町１９８８－８", "緯度": 33.360511, "経度": 130.506556, "url": "https://www.iryou.teikyouseido.mhlw.go.jp/znk-web/juminkanja/S2430/initialize?prefCd=41&kikanCd=4100000462&kikanKbn=5", "url2": null, "内容": "鳥栖ユーカリ薬局【5:薬局】佐賀県鳥栖市真木町１９８８－８" }, "geometry": { "type": "Point", "coordinates": [ 130.506556, 33.360511 ] } },
{ "type": "Feature", "properties": { "ID": 4154100000463, "正式名称": "溝上薬局　神辺町店", "機関区分": 5, "都道府県コード": 41, "市区町村コード": 203, "所在地": "佐賀県鳥栖市神辺町１５７２－４", "緯度": 33.37266, "経度": 130.495827, "url": "https://www.iryou.teikyouseido.mhlw.go.jp/znk-web/juminkanja/S2430/initialize?prefCd=41&kikanCd=4100000463&kikanKbn=5", "url2": "http://www.miz-pharmacy.co.jp", "内容": "溝上薬局　神辺町店【5:薬局】佐賀県鳥栖市神辺町１５７２－４" }, "geometry": { "type": "Point", "coordinates": [ 130.495827, 33.37266 ] } },
{ "type": "Feature", "properties": { "ID": 4154100000464, "正式名称": "さかい薬局　神埼店", "機関区分": 5, "都道府県コード": 41, "市区町村コード": 210, "所在地": "佐賀県神埼市神埼町枝ヶ里７６－１", "緯度": 33.305789, "経度": 130.371692, "url": "https://www.iryou.teikyouseido.mhlw.go.jp/znk-web/juminkanja/S2430/initialize?prefCd=41&kikanCd=4100000464&kikanKbn=5", "url2": null, "内容": "さかい薬局　神埼店【5:薬局】佐賀県神埼市神埼町枝ヶ里７６－１" }, "geometry": { "type": "Point", "coordinates": [ 130.371692, 33.305789 ] } },
{ "type": "Feature", "properties": { "ID": 4154100000465, "正式名称": "辻薬局　栄町店", "機関区分": 5, "都道府県コード": 41, "市区町村コード": 202, "所在地": "佐賀県唐津市船宮町２５８８番地１３", "緯度": 33.445588, "経度": 129.980486, "url": "https://www.iryou.teikyouseido.mhlw.go.jp/znk-web/juminkanja/S2430/initialize?prefCd=41&kikanCd=4100000465&kikanKbn=5", "url2": "http://www.tsuji-yakuten.jp/", "内容": "辻薬局　栄町店【5:薬局】佐賀県唐津市船宮町２５８８番地１３" }, "geometry": { "type": "Point", "coordinates": [ 129.980486, 33.445588 ] } },
{ "type": "Feature", "properties": { "ID": 4154100000466, "正式名称": "回生薬局くすきの杜", "機関区分": 5, "都道府県コード": 41, "市区町村コード": 205, "所在地": "佐賀県伊万里市立花町３５２０番地６", "緯度": 33.270144, "経度": 129.879967, "url": "https://www.iryou.teikyouseido.mhlw.go.jp/znk-web/juminkanja/S2430/initialize?prefCd=41&kikanCd=4100000466&kikanKbn=5", "url2": "https://www.kaisei-drug.co.jp/", "内容": "回生薬局くすきの杜【5:薬局】佐賀県伊万里市立花町３５２０番地６" }, "geometry": { "type": "Point", "coordinates": [ 129.879967, 33.270144 ] } },
{ "type": "Feature", "properties": { "ID": 4154100000467, "正式名称": "一般社団法人唐津東松浦薬剤師会薬局七山店", "機関区分": 5, "都道府県コード": 41, "市区町村コード": 202, "所在地": "佐賀県唐津市七山滝川１２５４番地　七山市民センター地内", "緯度": 33.440947, "経度": 130.115903, "url": "https://www.iryou.teikyouseido.mhlw.go.jp/znk-web/juminkanja/S2430/initialize?prefCd=41&kikanCd=4100000467&kikanKbn=5", "url2": "http://karayaku.org/", "内容": "一般社団法人唐津東松浦薬剤師会薬局七山店【5:薬局】佐賀県唐津市七山滝川１２５４番地　七山市民センター地内" }, "geometry": { "type": "Point", "coordinates": [ 130.115903, 33.440947 ] } },
{ "type": "Feature", "properties": { "ID": 4154100000468, "正式名称": "溝上薬局　コムボックス佐賀駅前店", "機関区分": 5, "都道府県コード": 41, "市区町村コード": 201, "所在地": "佐賀県佐賀市駅前中央１－４－１７ＣＯＭＢＯＸ佐賀駅前", "緯度": 33.263761, "経度": 130.29836, "url": "https://www.iryou.teikyouseido.mhlw.go.jp/znk-web/juminkanja/S2430/initialize?prefCd=41&kikanCd=4100000468&kikanKbn=5", "url2": "https://www.miz-pharmacy.co.jp/", "内容": "溝上薬局　コムボックス佐賀駅前店【5:薬局】佐賀県佐賀市駅前中央１－４－１７ＣＯＭＢＯＸ佐賀駅前" }, "geometry": { "type": "Point", "coordinates": [ 130.29836, 33.263761 ] } },
{ "type": "Feature", "properties": { "ID": 4154100000469, "正式名称": "メロディー薬局", "機関区分": 5, "都道府県コード": 41, "市区町村コード": 203, "所在地": "佐賀県鳥栖市蔵上４丁目１５３番地", "緯度": 33.371815, "経度": 130.498501, "url": "https://www.iryou.teikyouseido.mhlw.go.jp/znk-web/juminkanja/S2430/initialize?prefCd=41&kikanCd=4100000469&kikanKbn=5", "url2": null, "内容": "メロディー薬局【5:薬局】佐賀県鳥栖市蔵上４丁目１５３番地" }, "geometry": { "type": "Point", "coordinates": [ 130.498501, 33.371815 ] } },
{ "type": "Feature", "properties": { "ID": 4154100000471, "正式名称": "薬局　ぞうさんのくすり箱", "機関区分": 5, "都道府県コード": 41, "市区町村コード": 203, "所在地": "佐賀県鳥栖市下野町３０９７－３", "緯度": 33.3297, "経度": 130.490522, "url": "https://www.iryou.teikyouseido.mhlw.go.jp/znk-web/juminkanja/S2430/initialize?prefCd=41&kikanCd=4100000471&kikanKbn=5", "url2": null, "内容": "薬局　ぞうさんのくすり箱【5:薬局】佐賀県鳥栖市下野町３０９７－３" }, "geometry": { "type": "Point", "coordinates": [ 130.490522, 33.3297 ] } },
{ "type": "Feature", "properties": { "ID": 4154100000472, "正式名称": "カイドー薬局　大和店", "機関区分": 5, "都道府県コード": 41, "市区町村コード": 201, "所在地": "佐賀県佐賀市大和町尼寺２７５４ー６", "緯度": 33.302956, "経度": 130.27924, "url": "https://www.iryou.teikyouseido.mhlw.go.jp/znk-web/juminkanja/S2430/initialize?prefCd=41&kikanCd=4100000472&kikanKbn=5", "url2": "http://ko-so-kaido-pharmacy.com/campany.php", "内容": "カイドー薬局　大和店【5:薬局】佐賀県佐賀市大和町尼寺２７５４ー６" }, "geometry": { "type": "Point", "coordinates": [ 130.27924, 33.302956 ] } },
{ "type": "Feature", "properties": { "ID": 4154100000473, "正式名称": "カイドー薬局　好生堂店", "機関区分": 5, "都道府県コード": 41, "市区町村コード": 201, "所在地": "佐賀県佐賀市川副町犬井道６２５－２", "緯度": 33.186657, "経度": 130.31969, "url": "https://www.iryou.teikyouseido.mhlw.go.jp/znk-web/juminkanja/S2430/initialize?prefCd=41&kikanCd=4100000473&kikanKbn=5", "url2": "http://ko-so-kaido-pharmacy.com/campany.php", "内容": "カイドー薬局　好生堂店【5:薬局】佐賀県佐賀市川副町犬井道６２５－２" }, "geometry": { "type": "Point", "coordinates": [ 130.31969, 33.186657 ] } },
{ "type": "Feature", "properties": { "ID": 4154100000474, "正式名称": "アイ薬局　鳥栖店", "機関区分": 5, "都道府県コード": 41, "市区町村コード": 203, "所在地": "佐賀県鳥栖市古賀町３４３番地", "緯度": 33.387413, "経度": 130.500441, "url": "https://www.iryou.teikyouseido.mhlw.go.jp/znk-web/juminkanja/S2430/initialize?prefCd=41&kikanCd=4100000474&kikanKbn=5", "url2": "https://ai-pharmacy.info/", "内容": "アイ薬局　鳥栖店【5:薬局】佐賀県鳥栖市古賀町３４３番地" }, "geometry": { "type": "Point", "coordinates": [ 130.500441, 33.387413 ] } },
{ "type": "Feature", "properties": { "ID": 4154100000475, "正式名称": "なごみ薬局", "機関区分": 5, "都道府県コード": 41, "市区町村コード": 207, "所在地": "佐賀県鹿島市高津原１８６７－４", "緯度": 33.106948, "経度": 130.091865, "url": "https://www.iryou.teikyouseido.mhlw.go.jp/znk-web/juminkanja/S2430/initialize?prefCd=41&kikanCd=4100000475&kikanKbn=5", "url2": "https://www.nagomi-pharmacy.jp/", "内容": "なごみ薬局【5:薬局】佐賀県鹿島市高津原１８６７－４" }, "geometry": { "type": "Point", "coordinates": [ 130.091865, 33.106948 ] } },
{ "type": "Feature", "properties": { "ID": 4154100000476, "正式名称": "フルール薬局", "機関区分": 5, "都道府県コード": 41, "市区町村コード": 203, "所在地": "佐賀県鳥栖市東町１－１０２２－１", "緯度": 33.370731, "経度": 130.516119, "url": "https://www.iryou.teikyouseido.mhlw.go.jp/znk-web/juminkanja/S2430/initialize?prefCd=41&kikanCd=4100000476&kikanKbn=5", "url2": null, "内容": "フルール薬局【5:薬局】佐賀県鳥栖市東町１－１０２２－１" }, "geometry": { "type": "Point", "coordinates": [ 130.516119, 33.370731 ] } },
{ "type": "Feature", "properties": { "ID": 4154100000477, "正式名称": "宇都宮薬局　中ノ橋小路店", "機関区分": 5, "都道府県コード": 41, "市区町村コード": 201, "所在地": "佐賀県佐賀市水ケ江２－６－２３", "緯度": 33.260989, "経度": 130.312033, "url": "https://www.iryou.teikyouseido.mhlw.go.jp/znk-web/juminkanja/S2430/initialize?prefCd=41&kikanCd=4100000477&kikanKbn=5", "url2": null, "内容": "宇都宮薬局　中ノ橋小路店【5:薬局】佐賀県佐賀市水ケ江２－６－２３" }, "geometry": { "type": "Point", "coordinates": [ 130.312033, 33.260989 ] } },
{ "type": "Feature", "properties": { "ID": 4154100000478, "正式名称": "大信薬局久保田店", "機関区分": 5, "都道府県コード": 41, "市区町村コード": 201, "所在地": "佐賀県佐賀市久保田町新田１４６８", "緯度": 33.224824, "経度": 130.2413, "url": "https://www.iryou.teikyouseido.mhlw.go.jp/znk-web/juminkanja/S2430/initialize?prefCd=41&kikanCd=4100000478&kikanKbn=5", "url2": "https://www.taishinph.co.jp/", "内容": "大信薬局久保田店【5:薬局】佐賀県佐賀市久保田町新田１４６８" }, "geometry": { "type": "Point", "coordinates": [ 130.2413, 33.224824 ] } },
{ "type": "Feature", "properties": { "ID": 4154100000479, "正式名称": "溝上薬局　メディカルコミュニティみやき店", "機関区分": 5, "都道府県コード": 41, "市区町村コード": 346, "所在地": "佐賀県三養基郡みやき町白壁１０７４番地３メディカルコミュニティセンター１Ｆ", "緯度": 33.326264, "経度": 130.475392, "url": "https://www.iryou.teikyouseido.mhlw.go.jp/znk-web/juminkanja/S2430/initialize?prefCd=41&kikanCd=4100000479&kikanKbn=5", "url2": "http://www.miz-pharmacy.co.jp", "内容": "溝上薬局　メディカルコミュニティみやき店【5:薬局】佐賀県三養基郡みやき町白壁１０７４番地３メディカルコミュニティセンター１Ｆ" }, "geometry": { "type": "Point", "coordinates": [ 130.475392, 33.326264 ] } },
{ "type": "Feature", "properties": { "ID": 4154100000480, "正式名称": "すずな薬局　神野店", "機関区分": 5, "都道府県コード": 41, "市区町村コード": 201, "所在地": "佐賀県佐賀市神野東２－５－３", "緯度": 33.265725, "経度": 130.294322, "url": "https://www.iryou.teikyouseido.mhlw.go.jp/znk-web/juminkanja/S2430/initialize?prefCd=41&kikanCd=4100000480&kikanKbn=5", "url2": "https://www.suzuna-pharmacy.com/", "内容": "すずな薬局　神野店【5:薬局】佐賀県佐賀市神野東２－５－３" }, "geometry": { "type": "Point", "coordinates": [ 130.294322, 33.265725 ] } },
{ "type": "Feature", "properties": { "ID": 4154100000481, "正式名称": "諸富薬局", "機関区分": 5, "都道府県コード": 41, "市区町村コード": 201, "所在地": "佐賀県佐賀市諸富町諸富津２２９－３", "緯度": 33.222346, "経度": 130.361665, "url": "https://www.iryou.teikyouseido.mhlw.go.jp/znk-web/juminkanja/S2430/initialize?prefCd=41&kikanCd=4100000481&kikanKbn=5", "url2": null, "内容": "諸富薬局【5:薬局】佐賀県佐賀市諸富町諸富津２２９－３" }, "geometry": { "type": "Point", "coordinates": [ 130.361665, 33.222346 ] } },
{ "type": "Feature", "properties": { "ID": 4154100000482, "正式名称": "コスモス調剤薬局　開成店", "機関区分": 5, "都道府県コード": 41, "市区町村コード": 201, "所在地": "佐賀県佐賀市開成６ー７－２", "緯度": 33.269919, "経度": 130.274962, "url": "https://www.iryou.teikyouseido.mhlw.go.jp/znk-web/juminkanja/S2430/initialize?prefCd=41&kikanCd=4100000482&kikanKbn=5", "url2": "https://www.cosmospc.co.jp/", "内容": "コスモス調剤薬局　開成店【5:薬局】佐賀県佐賀市開成６ー７－２" }, "geometry": { "type": "Point", "coordinates": [ 130.274962, 33.269919 ] } },
{ "type": "Feature", "properties": { "ID": 4154100000483, "正式名称": "ひので薬局　かすが店", "機関区分": 5, "都道府県コード": 41, "市区町村コード": 201, "所在地": "佐賀県佐賀市大和町尼寺２５６８－１", "緯度": 33.310128, "経度": 130.281855, "url": "https://www.iryou.teikyouseido.mhlw.go.jp/znk-web/juminkanja/S2430/initialize?prefCd=41&kikanCd=4100000483&kikanKbn=5", "url2": "http://www.sunrise-company.jp/main/", "内容": "ひので薬局　かすが店【5:薬局】佐賀県佐賀市大和町尼寺２５６８－１" }, "geometry": { "type": "Point", "coordinates": [ 130.281855, 33.310128 ] } },
{ "type": "Feature", "properties": { "ID": 4154100000486, "正式名称": "のぞみ薬局", "機関区分": 5, "都道府県コード": 41, "市区町村コード": 204, "所在地": "佐賀県多久市東多久町別府４１６２番５", "緯度": 33.281112, "経度": 130.144057, "url": "https://www.iryou.teikyouseido.mhlw.go.jp/znk-web/juminkanja/S2430/initialize?prefCd=41&kikanCd=4100000486&kikanKbn=5", "url2": null, "内容": "のぞみ薬局【5:薬局】佐賀県多久市東多久町別府４１６２番５" }, "geometry": { "type": "Point", "coordinates": [ 130.144057, 33.281112 ] } },
{ "type": "Feature", "properties": { "ID": 4154100000487, "正式名称": "ひよこ薬局", "機関区分": 5, "都道府県コード": 41, "市区町村コード": 201, "所在地": "佐賀県佐賀市川副町大字福富８６６－３", "緯度": 33.212999, "経度": 130.32255, "url": "https://www.iryou.teikyouseido.mhlw.go.jp/znk-web/juminkanja/S2430/initialize?prefCd=41&kikanCd=4100000487&kikanKbn=5", "url2": "https://page.line.me/169svjbf", "内容": "ひよこ薬局【5:薬局】佐賀県佐賀市川副町大字福富８６６－３" }, "geometry": { "type": "Point", "coordinates": [ 130.32255, 33.212999 ] } },
{ "type": "Feature", "properties": { "ID": 4154100000488, "正式名称": "アルナ薬局　温泉駅前店", "機関区分": 5, "都道府県コード": 41, "市区町村コード": 209, "所在地": "佐賀県嬉野市嬉野町下宿甲３６５０－１", "緯度": 33.10678, "経度": 129.996487, "url": "https://www.iryou.teikyouseido.mhlw.go.jp/znk-web/juminkanja/S2430/initialize?prefCd=41&kikanCd=4100000488&kikanKbn=5", "url2": "http://www.aruna-ds.co.jp", "内容": "アルナ薬局　温泉駅前店【5:薬局】佐賀県嬉野市嬉野町下宿甲３６５０－１" }, "geometry": { "type": "Point", "coordinates": [ 129.996487, 33.10678 ] } },
{ "type": "Feature", "properties": { "ID": 4154100000489, "正式名称": "本田薬局", "機関区分": 5, "都道府県コード": 41, "市区町村コード": 201, "所在地": "佐賀県佐賀市本庄町本庄１２４０－１０", "緯度": 33.24467, "経度": 130.289322, "url": "https://www.iryou.teikyouseido.mhlw.go.jp/znk-web/juminkanja/S2430/initialize?prefCd=41&kikanCd=4100000489&kikanKbn=5", "url2": null, "内容": "本田薬局【5:薬局】佐賀県佐賀市本庄町本庄１２４０－１０" }, "geometry": { "type": "Point", "coordinates": [ 130.289322, 33.24467 ] } },
{ "type": "Feature", "properties": { "ID": 4154100000490, "正式名称": "神代薬局　末次店", "機関区分": 5, "都道府県コード": 41, "市区町村コード": 201, "所在地": "佐賀県佐賀市本庄町末次２９－２２", "緯度": 33.235545, "経度": 130.302062, "url": "https://www.iryou.teikyouseido.mhlw.go.jp/znk-web/juminkanja/S2430/initialize?prefCd=41&kikanCd=4100000490&kikanKbn=5", "url2": "https://www.kumashiro-p.co.jp/", "内容": "神代薬局　末次店【5:薬局】佐賀県佐賀市本庄町末次２９－２２" }, "geometry": { "type": "Point", "coordinates": [ 130.302062, 33.235545 ] } },
{ "type": "Feature", "properties": { "ID": 4154100000491, "正式名称": "みふね薬局", "機関区分": 5, "都道府県コード": 41, "市区町村コード": 206, "所在地": "佐賀県武雄市武雄町武雄５６９８－２", "緯度": 33.190637, "経度": 130.013781, "url": "https://www.iryou.teikyouseido.mhlw.go.jp/znk-web/juminkanja/S2430/initialize?prefCd=41&kikanCd=4100000491&kikanKbn=5", "url2": null, "内容": "みふね薬局【5:薬局】佐賀県武雄市武雄町武雄５６９８－２" }, "geometry": { "type": "Point", "coordinates": [ 130.013781, 33.190637 ] } },
{ "type": "Feature", "properties": { "ID": 4154100000492, "正式名称": "きんぎょ薬局", "機関区分": 5, "都道府県コード": 41, "市区町村コード": 206, "所在地": "佐賀県武雄市武雄町昭和１５９", "緯度": 33.191061, "経度": 130.026231, "url": "https://www.iryou.teikyouseido.mhlw.go.jp/znk-web/juminkanja/S2430/initialize?prefCd=41&kikanCd=4100000492&kikanKbn=5", "url2": null, "内容": "きんぎょ薬局【5:薬局】佐賀県武雄市武雄町昭和１５９" }, "geometry": { "type": "Point", "coordinates": [ 130.026231, 33.191061 ] } },
{ "type": "Feature", "properties": { "ID": 4154100000494, "正式名称": "調剤薬局　サイラー", "機関区分": 5, "都道府県コード": 41, "市区町村コード": 401, "所在地": "佐賀県西松浦郡有田町本町丙７８５番地７", "緯度": 33.185909, "経度": 129.874489, "url": "https://www.iryou.teikyouseido.mhlw.go.jp/znk-web/juminkanja/S2430/initialize?prefCd=41&kikanCd=4100000494&kikanKbn=5", "url2": null, "内容": "調剤薬局　サイラー【5:薬局】佐賀県西松浦郡有田町本町丙７８５番地７" }, "geometry": { "type": "Point", "coordinates": [ 129.874489, 33.185909 ] } },
{ "type": "Feature", "properties": { "ID": 4154100000495, "正式名称": "調剤薬局ツルハドラッグ開成店", "機関区分": 5, "都道府県コード": 41, "市区町村コード": 201, "所在地": "佐賀県佐賀市開成５丁目９番３２号", "緯度": 33.264826, "経度": 130.273707, "url": "https://www.iryou.teikyouseido.mhlw.go.jp/znk-web/juminkanja/S2430/initialize?prefCd=41&kikanCd=4100000495&kikanKbn=5", "url2": "https://www.tsuruha.co.jp/shop/?cm=v&id=11666", "内容": "調剤薬局ツルハドラッグ開成店【5:薬局】佐賀県佐賀市開成５丁目９番３２号" }, "geometry": { "type": "Point", "coordinates": [ 130.273707, 33.264826 ] } },
{ "type": "Feature", "properties": { "ID": 4154100000496, "正式名称": "ほーむ薬局", "機関区分": 5, "都道府県コード": 41, "市区町村コード": 201, "所在地": "佐賀県佐賀市長瀬町３－１８", "緯度": 33.248037, "経度": 130.282061, "url": "https://www.iryou.teikyouseido.mhlw.go.jp/znk-web/juminkanja/S2430/initialize?prefCd=41&kikanCd=4100000496&kikanKbn=5", "url2": null, "内容": "ほーむ薬局【5:薬局】佐賀県佐賀市長瀬町３－１８" }, "geometry": { "type": "Point", "coordinates": [ 130.282061, 33.248037 ] } },
{ "type": "Feature", "properties": { "ID": 4154100000497, "正式名称": "大和漢方水堂", "機関区分": 5, "都道府県コード": 41, "市区町村コード": 201, "所在地": "佐賀県佐賀市大和町大字尼寺３０４２－６", "緯度": 33.299114, "経度": 130.277492, "url": "https://www.iryou.teikyouseido.mhlw.go.jp/znk-web/juminkanja/S2430/initialize?prefCd=41&kikanCd=4100000497&kikanKbn=5", "url2": "http://www.miz-pharmacy.co.jp", "内容": "大和漢方水堂【5:薬局】佐賀県佐賀市大和町大字尼寺３０４２－６" }, "geometry": { "type": "Point", "coordinates": [ 130.277492, 33.299114 ] } },
{ "type": "Feature", "properties": { "ID": 4154100000498, "正式名称": "溝上薬局　ゆめさき店", "機関区分": 5, "都道府県コード": 41, "市区町村コード": 201, "所在地": "佐賀県佐賀市兵庫北５丁目８番７－１号", "緯度": 33.273051, "経度": 130.308245, "url": "https://www.iryou.teikyouseido.mhlw.go.jp/znk-web/juminkanja/S2430/initialize?prefCd=41&kikanCd=4100000498&kikanKbn=5", "url2": "www.miz-pharmacy.co.jp/store/150.html", "内容": "溝上薬局　ゆめさき店【5:薬局】佐賀県佐賀市兵庫北５丁目８番７－１号" }, "geometry": { "type": "Point", "coordinates": [ 130.308245, 33.273051 ] } },
{ "type": "Feature", "properties": { "ID": 4154100000499, "正式名称": "神代薬局　白山店", "機関区分": 5, "都道府県コード": 41, "市区町村コード": 201, "所在地": "佐賀県佐賀市白山２－５－１７", "緯度": 33.255789, "経度": 130.301681, "url": "https://www.iryou.teikyouseido.mhlw.go.jp/znk-web/juminkanja/S2430/initialize?prefCd=41&kikanCd=4100000499&kikanKbn=5", "url2": "https://www.kumashiro-p.co.jp/", "内容": "神代薬局　白山店【5:薬局】佐賀県佐賀市白山２－５－１７" }, "geometry": { "type": "Point", "coordinates": [ 130.301681, 33.255789 ] } },
{ "type": "Feature", "properties": { "ID": 4154100000500, "正式名称": "大正町薬局もこ", "機関区分": 5, "都道府県コード": 41, "市区町村コード": 203, "所在地": "佐賀県鳥栖市大正町東浦畑７６９－１", "緯度": 33.375546, "経度": 130.51515, "url": "https://www.iryou.teikyouseido.mhlw.go.jp/znk-web/juminkanja/S2430/initialize?prefCd=41&kikanCd=4100000500&kikanKbn=5", "url2": "https://www.moco-kusuri.jp/", "内容": "大正町薬局もこ【5:薬局】佐賀県鳥栖市大正町東浦畑７６９－１" }, "geometry": { "type": "Point", "coordinates": [ 130.51515, 33.375546 ] } },
{ "type": "Feature", "properties": { "ID": 4154100000501, "正式名称": "ユウアイ薬局　大町店", "機関区分": 5, "都道府県コード": 41, "市区町村コード": 423, "所在地": "佐賀県杵島郡大町町大字福母６９５－４", "緯度": 33.209174, "経度": 130.103752, "url": "https://www.iryou.teikyouseido.mhlw.go.jp/znk-web/juminkanja/S2430/initialize?prefCd=41&kikanCd=4100000501&kikanKbn=5", "url2": null, "内容": "ユウアイ薬局　大町店【5:薬局】佐賀県杵島郡大町町大字福母６９５－４" }, "geometry": { "type": "Point", "coordinates": [ 130.103752, 33.209174 ] } },
{ "type": "Feature", "properties": { "ID": 4154100000502, "正式名称": "アルナ薬局大和店", "機関区分": 5, "都道府県コード": 41, "市区町村コード": 201, "所在地": "佐賀県佐賀市大和町尼寺３２８６－１", "緯度": 33.302494, "経度": 130.277112, "url": "https://www.iryou.teikyouseido.mhlw.go.jp/znk-web/juminkanja/S2430/initialize?prefCd=41&kikanCd=4100000502&kikanKbn=5", "url2": "http://www.aruna-ds.co.jp", "内容": "アルナ薬局大和店【5:薬局】佐賀県佐賀市大和町尼寺３２８６－１" }, "geometry": { "type": "Point", "coordinates": [ 130.277112, 33.302494 ] } },
{ "type": "Feature", "properties": { "ID": 4154100000503, "正式名称": "やまぐち薬局　久保田店", "機関区分": 5, "都道府県コード": 41, "市区町村コード": 201, "所在地": "佐賀県佐賀市久保田町徳万２７８－３", "緯度": 33.247159, "経度": 130.240841, "url": "https://www.iryou.teikyouseido.mhlw.go.jp/znk-web/juminkanja/S2430/initialize?prefCd=41&kikanCd=4100000503&kikanKbn=5", "url2": "https://yamaguchi-pharmacy.com/", "内容": "やまぐち薬局　久保田店【5:薬局】佐賀県佐賀市久保田町徳万２７８－３" }, "geometry": { "type": "Point", "coordinates": [ 130.240841, 33.247159 ] } },
{ "type": "Feature", "properties": { "ID": 4154100000504, "正式名称": "第一薬局", "機関区分": 5, "都道府県コード": 41, "市区町村コード": 206, "所在地": "佐賀県武雄市武雄町昭和１５５", "緯度": 33.19101, "経度": 130.026043, "url": "https://www.iryou.teikyouseido.mhlw.go.jp/znk-web/juminkanja/S2430/initialize?prefCd=41&kikanCd=4100000504&kikanKbn=5", "url2": null, "内容": "第一薬局【5:薬局】佐賀県武雄市武雄町昭和１５５" }, "geometry": { "type": "Point", "coordinates": [ 130.026043, 33.19101 ] } },
{ "type": "Feature", "properties": { "ID": 4154100000505, "正式名称": "とみおか薬局　唐津店", "機関区分": 5, "都道府県コード": 41, "市区町村コード": 202, "所在地": "佐賀県唐津市和多田西山８－１", "緯度": 33.430102, "経度": 129.981633, "url": "https://www.iryou.teikyouseido.mhlw.go.jp/znk-web/juminkanja/S2430/initialize?prefCd=41&kikanCd=4100000505&kikanKbn=5", "url2": "https://tomiokapharmacy.com/", "内容": "とみおか薬局　唐津店【5:薬局】佐賀県唐津市和多田西山８－１" }, "geometry": { "type": "Point", "coordinates": [ 129.981633, 33.430102 ] } },
{ "type": "Feature", "properties": { "ID": 4154100000506, "正式名称": "高橋薬局", "機関区分": 5, "都道府県コード": 41, "市区町村コード": 206, "所在地": "佐賀県武雄市朝日町中野１０６２８－２", "緯度": 33.221102, "経度": 130.027669, "url": "https://www.iryou.teikyouseido.mhlw.go.jp/znk-web/juminkanja/S2430/initialize?prefCd=41&kikanCd=4100000506&kikanKbn=5", "url2": null, "内容": "高橋薬局【5:薬局】佐賀県武雄市朝日町中野１０６２８－２" }, "geometry": { "type": "Point", "coordinates": [ 130.027669, 33.221102 ] } },
{ "type": "Feature", "properties": { "ID": 4154100000507, "正式名称": "あんず薬局　在宅支援センター店", "機関区分": 5, "都道府県コード": 41, "市区町村コード": 208, "所在地": "佐賀県小城市小城町８３３番地", "緯度": 33.300083, "経度": 130.205536, "url": "https://www.iryou.teikyouseido.mhlw.go.jp/znk-web/juminkanja/S2430/initialize?prefCd=41&kikanCd=4100000507&kikanKbn=5", "url2": "https://www.anzu-pharmacy.co.jp/zaitaku-shien/", "内容": "あんず薬局　在宅支援センター店【5:薬局】佐賀県小城市小城町８３３番地" }, "geometry": { "type": "Point", "coordinates": [ 130.205536, 33.300083 ] } },
{ "type": "Feature", "properties": { "ID": 4154100000508, "正式名称": "カールトン　ふくろう薬局", "機関区分": 5, "都道府県コード": 41, "市区町村コード": 208, "所在地": "佐賀県小城市三日月町堀江５４－３", "緯度": 33.269056, "経度": 130.232144, "url": "https://www.iryou.teikyouseido.mhlw.go.jp/znk-web/juminkanja/S2430/initialize?prefCd=41&kikanCd=4100000508&kikanKbn=5", "url2": null, "内容": "カールトン　ふくろう薬局【5:薬局】佐賀県小城市三日月町堀江５４－３" }, "geometry": { "type": "Point", "coordinates": [ 130.232144, 33.269056 ] } },
{ "type": "Feature", "properties": { "ID": 4154100000510, "正式名称": "みらいワークス中ノ小路薬局", "機関区分": 5, "都道府県コード": 41, "市区町村コード": 201, "所在地": "佐賀県佐賀市中の小路７－２８", "緯度": 33.252661, "経度": 130.293684, "url": "https://www.iryou.teikyouseido.mhlw.go.jp/znk-web/juminkanja/S2430/initialize?prefCd=41&kikanCd=4100000510&kikanKbn=5", "url2": null, "内容": "みらいワークス中ノ小路薬局【5:薬局】佐賀県佐賀市中の小路７－２８" }, "geometry": { "type": "Point", "coordinates": [ 130.293684, 33.252661 ] } },
{ "type": "Feature", "properties": { "ID": 4154100000511, "正式名称": "もくば薬局上峰店", "機関区分": 5, "都道府県コード": 41, "市区町村コード": 345, "所在地": "佐賀県三養基郡上峰町坊所１５７０－２１７", "緯度": 33.328394, "経度": 130.418571, "url": "https://www.iryou.teikyouseido.mhlw.go.jp/znk-web/juminkanja/S2430/initialize?prefCd=41&kikanCd=4100000511&kikanKbn=5", "url2": null, "内容": "もくば薬局上峰店【5:薬局】佐賀県三養基郡上峰町坊所１５７０－２１７" }, "geometry": { "type": "Point", "coordinates": [ 130.418571, 33.328394 ] } },
{ "type": "Feature", "properties": { "ID": 4154100000513, "正式名称": "巨勢公園薬局", "機関区分": 5, "都道府県コード": 41, "市区町村コード": 201, "所在地": "佐賀県佐賀市巨勢町高尾３２４－４８", "緯度": 33.255634, "経度": 130.326793, "url": "https://www.iryou.teikyouseido.mhlw.go.jp/znk-web/juminkanja/S2430/initialize?prefCd=41&kikanCd=4100000513&kikanKbn=5", "url2": null, "内容": "巨勢公園薬局【5:薬局】佐賀県佐賀市巨勢町高尾３２４－４８" }, "geometry": { "type": "Point", "coordinates": [ 130.326793, 33.255634 ] } },
{ "type": "Feature", "properties": { "ID": 4154100000514, "正式名称": "日の出薬局", "機関区分": 5, "都道府県コード": 41, "市区町村コード": 201, "所在地": "佐賀県佐賀市高木瀬東５丁目２－８", "緯度": 33.285098, "経度": 130.290962, "url": "https://www.iryou.teikyouseido.mhlw.go.jp/znk-web/juminkanja/S2430/initialize?prefCd=41&kikanCd=4100000514&kikanKbn=5", "url2": "http://sunrise-company.jp", "内容": "日の出薬局【5:薬局】佐賀県佐賀市高木瀬東５丁目２－８" }, "geometry": { "type": "Point", "coordinates": [ 130.290962, 33.285098 ] } },
{ "type": "Feature", "properties": { "ID": 4154100000515, "正式名称": "佐賀北薬局　高木瀬東店", "機関区分": 5, "都道府県コード": 41, "市区町村コード": 201, "所在地": "佐賀県佐賀市高木瀬東５－１７－１８", "緯度": 33.28567, "経度": 130.297635, "url": "https://www.iryou.teikyouseido.mhlw.go.jp/znk-web/juminkanja/S2430/initialize?prefCd=41&kikanCd=4100000515&kikanKbn=5", "url2": "http://sagakita.com", "内容": "佐賀北薬局　高木瀬東店【5:薬局】佐賀県佐賀市高木瀬東５－１７－１８" }, "geometry": { "type": "Point", "coordinates": [ 130.297635, 33.28567 ] } },
{ "type": "Feature", "properties": { "ID": 4154100000516, "正式名称": "佐賀北薬局若楠店", "機関区分": 5, "都道府県コード": 41, "市区町村コード": 201, "所在地": "佐賀県佐賀市若楠２－４－１", "緯度": 33.278641, "経度": 130.285519, "url": "https://www.iryou.teikyouseido.mhlw.go.jp/znk-web/juminkanja/S2430/initialize?prefCd=41&kikanCd=4100000516&kikanKbn=5", "url2": "https://sagakita.com/store/", "内容": "佐賀北薬局若楠店【5:薬局】佐賀県佐賀市若楠２－４－１" }, "geometry": { "type": "Point", "coordinates": [ 130.285519, 33.278641 ] } },
{ "type": "Feature", "properties": { "ID": 4154100000517, "正式名称": "佐賀北薬局　富士大和温泉病院前店", "機関区分": 5, "都道府県コード": 41, "市区町村コード": 201, "所在地": "佐賀県佐賀市富士町下熊川６４－１", "緯度": 33.356172, "経度": 130.248576, "url": "https://www.iryou.teikyouseido.mhlw.go.jp/znk-web/juminkanja/S2430/initialize?prefCd=41&kikanCd=4100000517&kikanKbn=5", "url2": "http://sagakita.com", "内容": "佐賀北薬局　富士大和温泉病院前店【5:薬局】佐賀県佐賀市富士町下熊川６４－１" }, "geometry": { "type": "Point", "coordinates": [ 130.248576, 33.356172 ] } },
{ "type": "Feature", "properties": { "ID": 4154100000518, "正式名称": "あいらんど　鍋島薬局", "機関区分": 5, "都道府県コード": 41, "市区町村コード": 201, "所在地": "佐賀県佐賀市鍋島町森田４１６－７", "緯度": 33.269263, "経度": 130.261332, "url": "https://www.iryou.teikyouseido.mhlw.go.jp/znk-web/juminkanja/S2430/initialize?prefCd=41&kikanCd=4100000518&kikanKbn=5", "url2": null, "内容": "あいらんど　鍋島薬局【5:薬局】佐賀県佐賀市鍋島町森田４１６－７" }, "geometry": { "type": "Point", "coordinates": [ 130.261332, 33.269263 ] } },
{ "type": "Feature", "properties": { "ID": 4154100000519, "正式名称": "エイト薬局　駅北店", "機関区分": 5, "都道府県コード": 41, "市区町村コード": 210, "所在地": "佐賀県神埼市神埼町鶴３１９４－９", "緯度": 33.318402, "経度": 130.370507, "url": "https://www.iryou.teikyouseido.mhlw.go.jp/znk-web/juminkanja/S2430/initialize?prefCd=41&kikanCd=4100000519&kikanKbn=5", "url2": null, "内容": "エイト薬局　駅北店【5:薬局】佐賀県神埼市神埼町鶴３１９４－９" }, "geometry": { "type": "Point", "coordinates": [ 130.370507, 33.318402 ] } },
{ "type": "Feature", "properties": { "ID": 4154100000520, "正式名称": "ひかり薬局　大和店", "機関区分": 5, "都道府県コード": 41, "市区町村コード": 201, "所在地": "佐賀県佐賀市大和町尼寺３４９９－１１", "緯度": 33.302752, "経度": 130.282465, "url": "https://www.iryou.teikyouseido.mhlw.go.jp/znk-web/juminkanja/S2430/initialize?prefCd=41&kikanCd=4100000520&kikanKbn=5", "url2": "https://u-associate.com", "内容": "ひかり薬局　大和店【5:薬局】佐賀県佐賀市大和町尼寺３４９９－１１" }, "geometry": { "type": "Point", "coordinates": [ 130.282465, 33.302752 ] } },
{ "type": "Feature", "properties": { "ID": 4154100000521, "正式名称": "日本調剤佐大鍋島薬局", "機関区分": 5, "都道府県コード": 41, "市区町村コード": 201, "所在地": "佐賀県佐賀市鍋島５－１－１", "緯度": 33.282468, "経度": 130.266468, "url": "https://www.iryou.teikyouseido.mhlw.go.jp/znk-web/juminkanja/S2430/initialize?prefCd=41&kikanCd=4100000521&kikanKbn=5", "url2": "https://www.nicho.co.jp/tenpo/sadainabeshima/", "内容": "日本調剤佐大鍋島薬局【5:薬局】佐賀県佐賀市鍋島５－１－１" }, "geometry": { "type": "Point", "coordinates": [ 130.266468, 33.282468 ] } },
{ "type": "Feature", "properties": { "ID": 4154100000522, "正式名称": "むらたの薬局", "機関区分": 5, "都道府県コード": 41, "市区町村コード": 203, "所在地": "佐賀県鳥栖市村田町３０５", "緯度": 33.355833, "経度": 130.483448, "url": "https://www.iryou.teikyouseido.mhlw.go.jp/znk-web/juminkanja/S2430/initialize?prefCd=41&kikanCd=4100000522&kikanKbn=5", "url2": "https://www.kusurinomadoguchi.com/saga/s1000126277", "内容": "むらたの薬局【5:薬局】佐賀県鳥栖市村田町３０５" }, "geometry": { "type": "Point", "coordinates": [ 130.483448, 33.355833 ] } },
{ "type": "Feature", "properties": { "ID": 4154100000523, "正式名称": "わか葉薬局", "機関区分": 5, "都道府県コード": 41, "市区町村コード": 210, "所在地": "佐賀県神埼市神埼町神埼３１８－１", "緯度": 33.306732, "経度": 130.374335, "url": "https://www.iryou.teikyouseido.mhlw.go.jp/znk-web/juminkanja/S2430/initialize?prefCd=41&kikanCd=4100000523&kikanKbn=5", "url2": null, "内容": "わか葉薬局【5:薬局】佐賀県神埼市神埼町神埼３１８－１" }, "geometry": { "type": "Point", "coordinates": [ 130.374335, 33.306732 ] } },
{ "type": "Feature", "properties": { "ID": 4154100000525, "正式名称": "サンドラッグ佐賀医大通り薬局", "機関区分": 5, "都道府県コード": 41, "市区町村コード": 201, "所在地": "佐賀県佐賀市鍋島一丁目７番４号", "緯度": 33.276858, "経度": 130.271223, "url": "https://www.iryou.teikyouseido.mhlw.go.jp/znk-web/juminkanja/S2430/initialize?prefCd=41&kikanCd=4100000525&kikanKbn=5", "url2": "https://sundrug-online.com/blogs/search-store/2904", "内容": "サンドラッグ佐賀医大通り薬局【5:薬局】佐賀県佐賀市鍋島一丁目７番４号" }, "geometry": { "type": "Point", "coordinates": [ 130.271223, 33.276858 ] } },
{ "type": "Feature", "properties": { "ID": 4154100000526, "正式名称": "リアン薬局", "機関区分": 5, "都道府県コード": 41, "市区町村コード": 203, "所在地": "佐賀県鳥栖市元町１２４７番地７サンロイヤルマンション壱番館　１Ｆ", "緯度": 33.373464, "経度": 130.509944, "url": "https://www.iryou.teikyouseido.mhlw.go.jp/znk-web/juminkanja/S2430/initialize?prefCd=41&kikanCd=4100000526&kikanKbn=5", "url2": null, "内容": "リアン薬局【5:薬局】佐賀県鳥栖市元町１２４７番地７サンロイヤルマンション壱番館　１Ｆ" }, "geometry": { "type": "Point", "coordinates": [ 130.509944, 33.373464 ] } },
{ "type": "Feature", "properties": { "ID": 4154100000527, "正式名称": "アルナ薬局兵庫店", "機関区分": 5, "都道府県コード": 41, "市区町村コード": 201, "所在地": "佐賀県佐賀市兵庫町瓦町９６８－２", "緯度": 33.271518, "経度": 130.332937, "url": "https://www.iryou.teikyouseido.mhlw.go.jp/znk-web/juminkanja/S2430/initialize?prefCd=41&kikanCd=4100000527&kikanKbn=5", "url2": "http://www.aruna-ds.co.jp/", "内容": "アルナ薬局兵庫店【5:薬局】佐賀県佐賀市兵庫町瓦町９６８－２" }, "geometry": { "type": "Point", "coordinates": [ 130.332937, 33.271518 ] } },
{ "type": "Feature", "properties": { "ID": 4154100000528, "正式名称": "ゴトウ薬局", "機関区分": 5, "都道府県コード": 41, "市区町村コード": 202, "所在地": "佐賀県唐津市船宮町２５８７－２４", "緯度": 33.445203, "経度": 129.97968, "url": "https://www.iryou.teikyouseido.mhlw.go.jp/znk-web/juminkanja/S2430/initialize?prefCd=41&kikanCd=4100000528&kikanKbn=5", "url2": null, "内容": "ゴトウ薬局【5:薬局】佐賀県唐津市船宮町２５８７－２４" }, "geometry": { "type": "Point", "coordinates": [ 129.97968, 33.445203 ] } },
{ "type": "Feature", "properties": { "ID": 4154100000529, "正式名称": "木寺調剤薬局", "機関区分": 5, "都道府県コード": 41, "市区町村コード": 425, "所在地": "佐賀県杵島郡白石町築切８４１－２４", "緯度": 33.166399, "経度": 130.145003, "url": "https://www.iryou.teikyouseido.mhlw.go.jp/znk-web/juminkanja/S2430/initialize?prefCd=41&kikanCd=4100000529&kikanKbn=5", "url2": "https://kiderams.com/", "内容": "木寺調剤薬局【5:薬局】佐賀県杵島郡白石町築切８４１－２４" }, "geometry": { "type": "Point", "coordinates": [ 130.145003, 33.166399 ] } },
{ "type": "Feature", "properties": { "ID": 4154100000530, "正式名称": "ならざき薬局", "機関区分": 5, "都道府県コード": 41, "市区町村コード": 202, "所在地": "佐賀県唐津市原１０４３番地６", "緯度": 33.422547, "経度": 130.0004, "url": "https://www.iryou.teikyouseido.mhlw.go.jp/znk-web/juminkanja/S2430/initialize?prefCd=41&kikanCd=4100000530&kikanKbn=5", "url2": null, "内容": "ならざき薬局【5:薬局】佐賀県唐津市原１０４３番地６" }, "geometry": { "type": "Point", "coordinates": [ 130.0004, 33.422547 ] } },
{ "type": "Feature", "properties": { "ID": 4154100000531, "正式名称": "グリーン薬局", "機関区分": 5, "都道府県コード": 41, "市区町村コード": 203, "所在地": "佐賀県鳥栖市立石町２１６０－１", "緯度": 33.364983, "経度": 130.466868, "url": "https://www.iryou.teikyouseido.mhlw.go.jp/znk-web/juminkanja/S2430/initialize?prefCd=41&kikanCd=4100000531&kikanKbn=5", "url2": null, "内容": "グリーン薬局【5:薬局】佐賀県鳥栖市立石町２１６０－１" }, "geometry": { "type": "Point", "coordinates": [ 130.466868, 33.364983 ] } },
{ "type": "Feature", "properties": { "ID": 4154100000532, "正式名称": "とみおか薬局和多田西山店", "機関区分": 5, "都道府県コード": 41, "市区町村コード": 202, "所在地": "佐賀県唐津市和多田西山３－３４", "緯度": 33.429358, "経度": 129.984036, "url": "https://www.iryou.teikyouseido.mhlw.go.jp/znk-web/juminkanja/S2430/initialize?prefCd=41&kikanCd=4100000532&kikanKbn=5", "url2": "https://tomiokapharmacy.com/", "内容": "とみおか薬局和多田西山店【5:薬局】佐賀県唐津市和多田西山３－３４" }, "geometry": { "type": "Point", "coordinates": [ 129.984036, 33.429358 ] } },
{ "type": "Feature", "properties": { "ID": 4154100000533, "正式名称": "よしおか薬局　寺井店", "機関区分": 5, "都道府県コード": 41, "市区町村コード": 201, "所在地": "佐賀県佐賀市諸富町為重１２１", "緯度": 33.213337, "経度": 130.350376, "url": "https://www.iryou.teikyouseido.mhlw.go.jp/znk-web/juminkanja/S2430/initialize?prefCd=41&kikanCd=4100000533&kikanKbn=5", "url2": null, "内容": "よしおか薬局　寺井店【5:薬局】佐賀県佐賀市諸富町為重１２１" }, "geometry": { "type": "Point", "coordinates": [ 130.350376, 33.213337 ] } },
{ "type": "Feature", "properties": { "ID": 4154100000534, "正式名称": "北山薬局", "機関区分": 5, "都道府県コード": 41, "市区町村コード": 201, "所在地": "佐賀県佐賀市富士町大野１０６０－１５", "緯度": 33.429554, "経度": 130.202207, "url": "https://www.iryou.teikyouseido.mhlw.go.jp/znk-web/juminkanja/S2430/initialize?prefCd=41&kikanCd=4100000534&kikanKbn=5", "url2": null, "内容": "北山薬局【5:薬局】佐賀県佐賀市富士町大野１０６０－１５" }, "geometry": { "type": "Point", "coordinates": [ 130.202207, 33.429554 ] } },
{ "type": "Feature", "properties": { "ID": 4154100000535, "正式名称": "よしおか薬局早津江店", "機関区分": 5, "都道府県コード": 41, "市区町村コード": 201, "所在地": "佐賀県佐賀市川副町早津江２６９－４", "緯度": 33.204378, "経度": 130.336136, "url": "https://www.iryou.teikyouseido.mhlw.go.jp/znk-web/juminkanja/S2430/initialize?prefCd=41&kikanCd=4100000535&kikanKbn=5", "url2": null, "内容": "よしおか薬局早津江店【5:薬局】佐賀県佐賀市川副町早津江２６９－４" }, "geometry": { "type": "Point", "coordinates": [ 130.336136, 33.204378 ] } },
{ "type": "Feature", "properties": { "ID": 4154100000536, "正式名称": "ウエルシアプラス薬局鳥栖蔵上店", "機関区分": 5, "都道府県コード": 41, "市区町村コード": 203, "所在地": "佐賀県鳥栖市蔵上４丁目３－３", "緯度": 33.373292, "経度": 130.492281, "url": "https://www.iryou.teikyouseido.mhlw.go.jp/znk-web/juminkanja/S2430/initialize?prefCd=41&kikanCd=4100000536&kikanKbn=5", "url2": "http://aeon-kyushu.info/lp/aeon-welcia-kyushu/", "内容": "ウエルシアプラス薬局鳥栖蔵上店【5:薬局】佐賀県鳥栖市蔵上４丁目３－３" }, "geometry": { "type": "Point", "coordinates": [ 130.492281, 33.373292 ] } },
{ "type": "Feature", "properties": { "ID": 4154100000537, "正式名称": "よしおか薬局　尼寺店", "機関区分": 5, "都道府県コード": 41, "市区町村コード": 201, "所在地": "佐賀県佐賀市大和町尼寺２５２８－２", "緯度": 33.309233, "経度": 130.280411, "url": "https://www.iryou.teikyouseido.mhlw.go.jp/znk-web/juminkanja/S2430/initialize?prefCd=41&kikanCd=4100000537&kikanKbn=5", "url2": null, "内容": "よしおか薬局　尼寺店【5:薬局】佐賀県佐賀市大和町尼寺２５２８－２" }, "geometry": { "type": "Point", "coordinates": [ 130.280411, 33.309233 ] } },
{ "type": "Feature", "properties": { "ID": 4154100000538, "正式名称": "よしおか薬局　太田店", "機関区分": 5, "都道府県コード": 41, "市区町村コード": 201, "所在地": "佐賀県佐賀市諸富町大堂９１１－３", "緯度": 33.237866, "経度": 130.355317, "url": "https://www.iryou.teikyouseido.mhlw.go.jp/znk-web/juminkanja/S2430/initialize?prefCd=41&kikanCd=4100000538&kikanKbn=5", "url2": null, "内容": "よしおか薬局　太田店【5:薬局】佐賀県佐賀市諸富町大堂９１１－３" }, "geometry": { "type": "Point", "coordinates": [ 130.355317, 33.237866 ] } },
{ "type": "Feature", "properties": { "ID": 4154100000539, "正式名称": "ウエルシアプラス薬局鳥栖店", "機関区分": 5, "都道府県コード": 41, "市区町村コード": 203, "所在地": "佐賀県鳥栖市宿町字野添１１５６－１", "緯度": 33.379005, "経度": 130.504028, "url": "https://www.iryou.teikyouseido.mhlw.go.jp/znk-web/juminkanja/S2430/initialize?prefCd=41&kikanCd=4100000539&kikanKbn=5", "url2": null, "内容": "ウエルシアプラス薬局鳥栖店【5:薬局】佐賀県鳥栖市宿町字野添１１５６－１" }, "geometry": { "type": "Point", "coordinates": [ 130.504028, 33.379005 ] } },
{ "type": "Feature", "properties": { "ID": 4154100000540, "正式名称": "さかなし薬局西与賀店", "機関区分": 5, "都道府県コード": 41, "市区町村コード": 201, "所在地": "佐賀県佐賀市西与賀町高太郎１２０番５", "緯度": 33.22327, "経度": 130.26784, "url": "https://www.iryou.teikyouseido.mhlw.go.jp/znk-web/juminkanja/S2430/initialize?prefCd=41&kikanCd=4100000540&kikanKbn=5", "url2": "https://sakanashi.net/", "内容": "さかなし薬局西与賀店【5:薬局】佐賀県佐賀市西与賀町高太郎１２０番５" }, "geometry": { "type": "Point", "coordinates": [ 130.26784, 33.22327 ] } },
{ "type": "Feature", "properties": { "ID": 4154100000541, "正式名称": "大信薬局　大和店", "機関区分": 5, "都道府県コード": 41, "市区町村コード": 201, "所在地": "佐賀県佐賀市大和町尼寺２６６９－１", "緯度": 33.302956, "経度": 130.27924, "url": "https://www.iryou.teikyouseido.mhlw.go.jp/znk-web/juminkanja/S2430/initialize?prefCd=41&kikanCd=4100000541&kikanKbn=5", "url2": null, "内容": "大信薬局　大和店【5:薬局】佐賀県佐賀市大和町尼寺２６６９－１" }, "geometry": { "type": "Point", "coordinates": [ 130.27924, 33.302956 ] } },
{ "type": "Feature", "properties": { "ID": 4154100000542, "正式名称": "いなみつ薬局　旭店", "機関区分": 5, "都道府県コード": 41, "市区町村コード": 203, "所在地": "佐賀県鳥栖市村田町１３１－４", "緯度": 33.351438, "経度": 130.487369, "url": "https://www.iryou.teikyouseido.mhlw.go.jp/znk-web/juminkanja/S2430/initialize?prefCd=41&kikanCd=4100000542&kikanKbn=5", "url2": "http://www.instagram.com/asahi_ph6637?igsh=NGZ0cjdta29hMmY1", "内容": "いなみつ薬局　旭店【5:薬局】佐賀県鳥栖市村田町１３１－４" }, "geometry": { "type": "Point", "coordinates": [ 130.487369, 33.351438 ] } },
{ "type": "Feature", "properties": { "ID": 4154100000543, "正式名称": "アルナ薬局神野西店", "機関区分": 5, "都道府県コード": 41, "市区町村コード": 201, "所在地": "佐賀県佐賀市神野西１－５－１５", "緯度": 33.263518, "経度": 130.289175, "url": "https://www.iryou.teikyouseido.mhlw.go.jp/znk-web/juminkanja/S2430/initialize?prefCd=41&kikanCd=4100000543&kikanKbn=5", "url2": "http://www.aruna-ds.co.jp", "内容": "アルナ薬局神野西店【5:薬局】佐賀県佐賀市神野西１－５－１５" }, "geometry": { "type": "Point", "coordinates": [ 130.289175, 33.263518 ] } },
{ "type": "Feature", "properties": { "ID": 4154100000544, "正式名称": "三日月薬局", "機関区分": 5, "都道府県コード": 41, "市区町村コード": 208, "所在地": "佐賀県小城市三日月町金田１１７８－７", "緯度": 33.259485, "経度": 130.228926, "url": "https://www.iryou.teikyouseido.mhlw.go.jp/znk-web/juminkanja/S2430/initialize?prefCd=41&kikanCd=4100000544&kikanKbn=5", "url2": "https://www.agape21.jp/publics/index/76/", "内容": "三日月薬局【5:薬局】佐賀県小城市三日月町金田１１７８－７" }, "geometry": { "type": "Point", "coordinates": [ 130.228926, 33.259485 ] } },
{ "type": "Feature", "properties": { "ID": 4154100000545, "正式名称": "エイト薬局　久保田店", "機関区分": 5, "都道府県コード": 41, "市区町村コード": 201, "所在地": "佐賀県佐賀市久保田町徳万２０５２－３", "緯度": 33.250822, "経度": 130.23505, "url": "https://www.iryou.teikyouseido.mhlw.go.jp/znk-web/juminkanja/S2430/initialize?prefCd=41&kikanCd=4100000545&kikanKbn=5", "url2": "https://eito888.jp", "内容": "エイト薬局　久保田店【5:薬局】佐賀県佐賀市久保田町徳万２０５２－３" }, "geometry": { "type": "Point", "coordinates": [ 130.23505, 33.250822 ] } },
{ "type": "Feature", "properties": { "ID": 4154100000546, "正式名称": "こぐま薬局", "機関区分": 5, "都道府県コード": 41, "市区町村コード": 203, "所在地": "佐賀県鳥栖市村田町１４１－１０", "緯度": 33.355235, "経度": 130.48466, "url": "https://www.iryou.teikyouseido.mhlw.go.jp/znk-web/juminkanja/S2430/initialize?prefCd=41&kikanCd=4100000546&kikanKbn=5", "url2": null, "内容": "こぐま薬局【5:薬局】佐賀県鳥栖市村田町１４１－１０" }, "geometry": { "type": "Point", "coordinates": [ 130.48466, 33.355235 ] } },
{ "type": "Feature", "properties": { "ID": 4154100000547, "正式名称": "スカイメディカル桜町薬局", "機関区分": 5, "都道府県コード": 41, "市区町村コード": 203, "所在地": "佐賀県鳥栖市桜町１４６７－６", "緯度": 33.384611, "経度": 130.522792, "url": "https://www.iryou.teikyouseido.mhlw.go.jp/znk-web/juminkanja/S2430/initialize?prefCd=41&kikanCd=4100000547&kikanKbn=5", "url2": "https://skymedical.jp", "内容": "スカイメディカル桜町薬局【5:薬局】佐賀県鳥栖市桜町１４６７－６" }, "geometry": { "type": "Point", "coordinates": [ 130.522792, 33.384611 ] } },
{ "type": "Feature", "properties": { "ID": 4154100000548, "正式名称": "けやき薬局", "機関区分": 5, "都道府県コード": 41, "市区町村コード": 203, "所在地": "佐賀県鳥栖市古賀町３６０－２", "緯度": 33.385103, "経度": 130.501354, "url": "https://www.iryou.teikyouseido.mhlw.go.jp/znk-web/juminkanja/S2430/initialize?prefCd=41&kikanCd=4100000548&kikanKbn=5", "url2": null, "内容": "けやき薬局【5:薬局】佐賀県鳥栖市古賀町３６０－２" }, "geometry": { "type": "Point", "coordinates": [ 130.501354, 33.385103 ] } },
{ "type": "Feature", "properties": { "ID": 4154100000549, "正式名称": "高木瀬薬局", "機関区分": 5, "都道府県コード": 41, "市区町村コード": 201, "所在地": "佐賀県佐賀市高木瀬町長瀬９６９－７", "緯度": 33.292708, "経度": 130.286128, "url": "https://www.iryou.teikyouseido.mhlw.go.jp/znk-web/juminkanja/S2430/initialize?prefCd=41&kikanCd=4100000549&kikanKbn=5", "url2": null, "内容": "高木瀬薬局【5:薬局】佐賀県佐賀市高木瀬町長瀬９６９－７" }, "geometry": { "type": "Point", "coordinates": [ 130.286128, 33.292708 ] } },
{ "type": "Feature", "properties": { "ID": 4154100000550, "正式名称": "あんず薬局　多久店", "機関区分": 5, "都道府県コード": 41, "市区町村コード": 204, "所在地": "佐賀県多久市東多久町別府３６６６番３あんず薬局　多久店", "緯度": 33.277972, "経度": 130.144216, "url": "https://www.iryou.teikyouseido.mhlw.go.jp/znk-web/juminkanja/S2430/initialize?prefCd=41&kikanCd=4100000550&kikanKbn=5", "url2": "https://www.anzu-pharmacy.co.jp/taku/", "内容": "あんず薬局　多久店【5:薬局】佐賀県多久市東多久町別府３６６６番３あんず薬局　多久店" }, "geometry": { "type": "Point", "coordinates": [ 130.144216, 33.277972 ] } },
{ "type": "Feature", "properties": { "ID": 4154100000551, "正式名称": "アルナ薬局東多久店", "機関区分": 5, "都道府県コード": 41, "市区町村コード": 204, "所在地": "佐賀県多久市東多久町別府４１６３－１", "緯度": 33.283985, "経度": 130.143413, "url": "https://www.iryou.teikyouseido.mhlw.go.jp/znk-web/juminkanja/S2430/initialize?prefCd=41&kikanCd=4100000551&kikanKbn=5", "url2": null, "内容": "アルナ薬局東多久店【5:薬局】佐賀県多久市東多久町別府４１６３－１" }, "geometry": { "type": "Point", "coordinates": [ 130.143413, 33.283985 ] } },
{ "type": "Feature", "properties": { "ID": 4154100000552, "正式名称": "アルナ薬局嘉瀬店", "機関区分": 5, "都道府県コード": 41, "市区町村コード": 201, "所在地": "佐賀県佐賀市嘉瀬町扇町２３４４－３４", "緯度": 33.245148, "経度": 130.27113, "url": "https://www.iryou.teikyouseido.mhlw.go.jp/znk-web/juminkanja/S2430/initialize?prefCd=41&kikanCd=4100000552&kikanKbn=5", "url2": null, "内容": "アルナ薬局嘉瀬店【5:薬局】佐賀県佐賀市嘉瀬町扇町２３４４－３４" }, "geometry": { "type": "Point", "coordinates": [ 130.27113, 33.245148 ] } },
{ "type": "Feature", "properties": { "ID": 4154100000553, "正式名称": "とまと薬局", "機関区分": 5, "都道府県コード": 41, "市区町村コード": 201, "所在地": "佐賀県佐賀市大和町尼寺２５３３番地１", "緯度": 33.308958, "経度": 130.280924, "url": "https://www.iryou.teikyouseido.mhlw.go.jp/znk-web/juminkanja/S2430/initialize?prefCd=41&kikanCd=4100000553&kikanKbn=5", "url2": null, "内容": "とまと薬局【5:薬局】佐賀県佐賀市大和町尼寺２５３３番地１" }, "geometry": { "type": "Point", "coordinates": [ 130.280924, 33.308958 ] } },
{ "type": "Feature", "properties": { "ID": 4154100000554, "正式名称": "いなほ薬局", "機関区分": 5, "都道府県コード": 41, "市区町村コード": 208, "所在地": "佐賀県小城市牛津町乙柳１０９６−３", "緯度": 33.26206, "経度": 130.20328, "url": "https://www.iryou.teikyouseido.mhlw.go.jp/znk-web/juminkanja/S2430/initialize?prefCd=41&kikanCd=4100000554&kikanKbn=5", "url2": null, "内容": "いなほ薬局【5:薬局】佐賀県小城市牛津町乙柳１０９６−３" }, "geometry": { "type": "Point", "coordinates": [ 130.20328, 33.26206 ] } },
{ "type": "Feature", "properties": { "ID": 4154100000555, "正式名称": "ショーエイ薬局　福富店", "機関区分": 5, "都道府県コード": 41, "市区町村コード": 425, "所在地": "佐賀県杵島郡白石町福富１６２９－９", "緯度": 33.183617, "経度": 130.184641, "url": "https://www.iryou.teikyouseido.mhlw.go.jp/znk-web/juminkanja/S2430/initialize?prefCd=41&kikanCd=4100000555&kikanKbn=5", "url2": null, "内容": "ショーエイ薬局　福富店【5:薬局】佐賀県杵島郡白石町福富１６２９－９" }, "geometry": { "type": "Point", "coordinates": [ 130.184641, 33.183617 ] } },
{ "type": "Feature", "properties": { "ID": 4154100000556, "正式名称": "平成堂薬局みやき店", "機関区分": 5, "都道府県コード": 41, "市区町村コード": 345, "所在地": "佐賀県三養基郡上峰町坊所２７４１－３", "緯度": 33.320185, "経度": 130.417901, "url": "https://www.iryou.teikyouseido.mhlw.go.jp/znk-web/juminkanja/S2430/initialize?prefCd=41&kikanCd=4100000556&kikanKbn=5", "url2": "https://enburesu.com/stores/#s-12", "内容": "平成堂薬局みやき店【5:薬局】佐賀県三養基郡上峰町坊所２７４１－３" }, "geometry": { "type": "Point", "coordinates": [ 130.417901, 33.320185 ] } },
{ "type": "Feature", "properties": { "ID": 4154100000557, "正式名称": "きらり薬局　伊万里店", "機関区分": 5, "都道府県コード": 41, "市区町村コード": 205, "所在地": "佐賀県伊万里市立花町２７４９－４", "緯度": 33.266211, "経度": 129.890319, "url": "https://www.iryou.teikyouseido.mhlw.go.jp/znk-web/juminkanja/S2430/initialize?prefCd=41&kikanCd=4100000557&kikanKbn=5", "url2": "https://kirari3.com", "内容": "きらり薬局　伊万里店【5:薬局】佐賀県伊万里市立花町２７４９－４" }, "geometry": { "type": "Point", "coordinates": [ 129.890319, 33.266211 ] } },
{ "type": "Feature", "properties": { "ID": 4154100000558, "正式名称": "まつもと薬局　古野店", "機関区分": 5, "都道府県コード": 41, "市区町村コード": 203, "所在地": "佐賀県鳥栖市古野町１７６番地５", "緯度": 33.378337, "経度": 130.513182, "url": "https://www.iryou.teikyouseido.mhlw.go.jp/znk-web/juminkanja/S2430/initialize?prefCd=41&kikanCd=4100000558&kikanKbn=5", "url2": "https://matsumoto-ph.net/", "内容": "まつもと薬局　古野店【5:薬局】佐賀県鳥栖市古野町１７６番地５" }, "geometry": { "type": "Point", "coordinates": [ 130.513182, 33.378337 ] } },
{ "type": "Feature", "properties": { "ID": 4154100000559, "正式名称": "はる町薬局", "機関区分": 5, "都道府県コード": 41, "市区町村コード": 203, "所在地": "佐賀県鳥栖市原町１０６９ー７", "緯度": 33.388448, "経度": 130.528673, "url": "https://www.iryou.teikyouseido.mhlw.go.jp/znk-web/juminkanja/S2430/initialize?prefCd=41&kikanCd=4100000559&kikanKbn=5", "url2": "https://www.misebancho.com/lcmphm/SssContactThread#", "内容": "はる町薬局【5:薬局】佐賀県鳥栖市原町１０６９ー７" }, "geometry": { "type": "Point", "coordinates": [ 130.528673, 33.388448 ] } },
{ "type": "Feature", "properties": { "ID": 4154100000560, "正式名称": "くくる薬局", "機関区分": 5, "都道府県コード": 41, "市区町村コード": 327, "所在地": "佐賀県神埼郡吉野ヶ里町吉田１７８５－５", "緯度": 33.329668, "経度": 130.401285, "url": "https://www.iryou.teikyouseido.mhlw.go.jp/znk-web/juminkanja/S2430/initialize?prefCd=41&kikanCd=4100000560&kikanKbn=5", "url2": "https://ryuseido-ph.com", "内容": "くくる薬局【5:薬局】佐賀県神埼郡吉野ヶ里町吉田１７８５－５" }, "geometry": { "type": "Point", "coordinates": [ 130.401285, 33.329668 ] } },
{ "type": "Feature", "properties": { "ID": 4154100000561, "正式名称": "溝上薬局下田町店", "機関区分": 5, "都道府県コード": 41, "市区町村コード": 201, "所在地": "佐賀県佐賀市下田町３番２７－１号", "緯度": 33.243617, "経度": 130.276308, "url": "https://www.iryou.teikyouseido.mhlw.go.jp/znk-web/juminkanja/S2430/initialize?prefCd=41&kikanCd=4100000561&kikanKbn=5", "url2": "https://www.miz-pharmacy.co.jp/", "内容": "溝上薬局下田町店【5:薬局】佐賀県佐賀市下田町３番２７－１号" }, "geometry": { "type": "Point", "coordinates": [ 130.276308, 33.243617 ] } },
{ "type": "Feature", "properties": { "ID": 4154100000562, "正式名称": "あおぞら薬局　太良店", "機関区分": 5, "都道府県コード": 41, "市区町村コード": 441, "所在地": "佐賀県藤津郡太良町多良１５４７", "緯度": 33.027055, "経度": 130.178223, "url": "https://www.iryou.teikyouseido.mhlw.go.jp/znk-web/juminkanja/S2430/initialize?prefCd=41&kikanCd=4100000562&kikanKbn=5", "url2": "https://www.uims.co.jp", "内容": "あおぞら薬局　太良店【5:薬局】佐賀県藤津郡太良町多良１５４７" }, "geometry": { "type": "Point", "coordinates": [ 130.178223, 33.027055 ] } },
{ "type": "Feature", "properties": { "ID": 4154100000564, "正式名称": "かも薬局　伊万里店", "機関区分": 5, "都道府県コード": 41, "市区町村コード": 205, "所在地": "佐賀県伊万里市二里町八谷搦１０６１番地", "緯度": 33.275012, "経度": 129.868136, "url": "https://www.iryou.teikyouseido.mhlw.go.jp/znk-web/juminkanja/S2430/initialize?prefCd=41&kikanCd=4100000564&kikanKbn=5", "url2": "https://kamo-ph.com/", "内容": "かも薬局　伊万里店【5:薬局】佐賀県伊万里市二里町八谷搦１０６１番地" }, "geometry": { "type": "Point", "coordinates": [ 129.868136, 33.275012 ] } }
]
}
