{
"type": "FeatureCollection",
"name": "geo_41_3",
"crs": { "type": "name", "properties": { "name": "urn:ogc:def:crs:OGC:1.3:CRS84" } },
"features": [
{ "type": "Feature", "properties": { "ID": 4133411911280, "正式名称": "松原入れ歯クリニック", "機関区分": 3, "都道府県コード": 41, "市区町村コード": 201, "所在地": "佐賀県佐賀市松原４－６－７", "緯度": 33.253022, "経度": 130.305985, "url": "https://www.iryou.teikyouseido.mhlw.go.jp/znk-web/juminkanja/S2430/initialize?prefCd=41&kikanCd=3411911280&kikanKbn=3", "url2": null, "内容": "松原入れ歯クリニック【3:歯科】佐賀県佐賀市松原４－６－７" }, "geometry": { "type": "Point", "coordinates": [ 130.305985, 33.253022 ] } },
{ "type": "Feature", "properties": { "ID": 4133415100130, "正式名称": "今村歯科医院", "機関区分": 3, "都道府県コード": 41, "市区町村コード": 201, "所在地": "佐賀県佐賀市堀川町２ー１１", "緯度": 33.250494, "経度": 130.295902, "url": "https://www.iryou.teikyouseido.mhlw.go.jp/znk-web/juminkanja/S2430/initialize?prefCd=41&kikanCd=3415100130&kikanKbn=3", "url2": null, "内容": "今村歯科医院【3:歯科】佐賀県佐賀市堀川町２ー１１" }, "geometry": { "type": "Point", "coordinates": [ 130.295902, 33.250494 ] } },
{ "type": "Feature", "properties": { "ID": 4133415100390, "正式名称": "井内歯科医院", "機関区分": 3, "都道府県コード": 41, "市区町村コード": 201, "所在地": "佐賀県佐賀市松原４－５－１３", "緯度": 33.252689, "経度": 130.308262, "url": "https://www.iryou.teikyouseido.mhlw.go.jp/znk-web/juminkanja/S2430/initialize?prefCd=41&kikanCd=3415100390&kikanKbn=3", "url2": null, "内容": "井内歯科医院【3:歯科】佐賀県佐賀市松原４－５－１３" }, "geometry": { "type": "Point", "coordinates": [ 130.308262, 33.252689 ] } },
{ "type": "Feature", "properties": { "ID": 4133415100970, "正式名称": "北村歯科医院", "機関区分": 3, "都道府県コード": 41, "市区町村コード": 201, "所在地": "佐賀県佐賀市神野東２丁目５－２６", "緯度": 33.266465, "経度": 130.294235, "url": "https://www.iryou.teikyouseido.mhlw.go.jp/znk-web/juminkanja/S2430/initialize?prefCd=41&kikanCd=3415100970&kikanKbn=3", "url2": null, "内容": "北村歯科医院【3:歯科】佐賀県佐賀市神野東２丁目５－２６" }, "geometry": { "type": "Point", "coordinates": [ 130.294235, 33.266465 ] } },
{ "type": "Feature", "properties": { "ID": 4133415101270, "正式名称": "佐野歯科医院", "機関区分": 3, "都道府県コード": 41, "市区町村コード": 201, "所在地": "佐賀県佐賀市水ケ江２丁目５番３５号", "緯度": 33.250244, "経度": 130.306818, "url": "https://www.iryou.teikyouseido.mhlw.go.jp/znk-web/juminkanja/S2430/initialize?prefCd=41&kikanCd=3415101270&kikanKbn=3", "url2": null, "内容": "佐野歯科医院【3:歯科】佐賀県佐賀市水ケ江２丁目５番３５号" }, "geometry": { "type": "Point", "coordinates": [ 130.306818, 33.250244 ] } },
{ "type": "Feature", "properties": { "ID": 4133415102310, "正式名称": "服部歯科医院", "機関区分": 3, "都道府県コード": 41, "市区町村コード": 201, "所在地": "佐賀県佐賀市多布施１－５－３９", "緯度": 33.256021, "経度": 130.29268, "url": "https://www.iryou.teikyouseido.mhlw.go.jp/znk-web/juminkanja/S2430/initialize?prefCd=41&kikanCd=3415102310&kikanKbn=3", "url2": null, "内容": "服部歯科医院【3:歯科】佐賀県佐賀市多布施１－５－３９" }, "geometry": { "type": "Point", "coordinates": [ 130.29268, 33.256021 ] } },
{ "type": "Feature", "properties": { "ID": 4133415102990, "正式名称": "松尾歯科医院", "機関区分": 3, "都道府県コード": 41, "市区町村コード": 201, "所在地": "佐賀県佐賀市成章２－２２", "緯度": 33.257632, "経度": 130.297596, "url": "https://www.iryou.teikyouseido.mhlw.go.jp/znk-web/juminkanja/S2430/initialize?prefCd=41&kikanCd=3415102990&kikanKbn=3", "url2": null, "内容": "松尾歯科医院【3:歯科】佐賀県佐賀市成章２－２２" }, "geometry": { "type": "Point", "coordinates": [ 130.297596, 33.257632 ] } },
{ "type": "Feature", "properties": { "ID": 4133415103320, "正式名称": "栗林歯科医院", "機関区分": 3, "都道府県コード": 41, "市区町村コード": 201, "所在地": "佐賀県佐賀市緑小路１ー２", "緯度": 33.256604, "経度": 130.287153, "url": "https://www.iryou.teikyouseido.mhlw.go.jp/znk-web/juminkanja/S2430/initialize?prefCd=41&kikanCd=3415103320&kikanKbn=3", "url2": null, "内容": "栗林歯科医院【3:歯科】佐賀県佐賀市緑小路１ー２" }, "geometry": { "type": "Point", "coordinates": [ 130.287153, 33.256604 ] } },
{ "type": "Feature", "properties": { "ID": 4133415103610, "正式名称": "中尾歯科医院", "機関区分": 3, "都道府県コード": 41, "市区町村コード": 201, "所在地": "佐賀県佐賀市神園二丁目７－５１", "緯度": 33.26327, "経度": 130.285764, "url": "https://www.iryou.teikyouseido.mhlw.go.jp/znk-web/juminkanja/S2430/initialize?prefCd=41&kikanCd=3415103610&kikanKbn=3", "url2": "http://dentalnakao.hp.peraichi.com/?_ga=2.18514297.1987736768.1639975986-1381931094.1634634880&_gac=1.15437380.1639812235.CjwKCAiAh_GNBhAHEiwAjOh3ZKkOvb3bmXtwjDhX8kQ2spivCpSEXz80bmVQ28HrlermSDpGCETnsxoCR98QAvD_BwE", "内容": "中尾歯科医院【3:歯科】佐賀県佐賀市神園二丁目７－５１" }, "geometry": { "type": "Point", "coordinates": [ 130.285764, 33.26327 ] } },
{ "type": "Feature", "properties": { "ID": 4133415104590, "正式名称": "（医）ＴＥＲＲＡ矯正歯科クリニック　（キュウ　寺谷歯科・矯正歯科クリニック）", "機関区分": 3, "都道府県コード": 41, "市区町村コード": 201, "所在地": "佐賀県佐賀市西与賀町厘外７３９－７", "緯度": 33.239606, "経度": 130.280959, "url": "https://www.iryou.teikyouseido.mhlw.go.jp/znk-web/juminkanja/S2430/initialize?prefCd=41&kikanCd=3415104590&kikanKbn=3", "url2": null, "内容": "（医）ＴＥＲＲＡ矯正歯科クリニック　（キュウ　寺谷歯科・矯正歯科クリニック）【3:歯科】佐賀県佐賀市西与賀町厘外７３９－７" }, "geometry": { "type": "Point", "coordinates": [ 130.280959, 33.239606 ] } },
{ "type": "Feature", "properties": { "ID": 4133415105760, "正式名称": "鳥巣歯科医院", "機関区分": 3, "都道府県コード": 41, "市区町村コード": 201, "所在地": "佐賀県佐賀市神野東４－１３－５", "緯度": 33.271353, "経度": 130.296152, "url": "https://www.iryou.teikyouseido.mhlw.go.jp/znk-web/juminkanja/S2430/initialize?prefCd=41&kikanCd=3415105760&kikanKbn=3", "url2": "http://torisu-dental.jimdo.com/", "内容": "鳥巣歯科医院【3:歯科】佐賀県佐賀市神野東４－１３－５" }, "geometry": { "type": "Point", "coordinates": [ 130.296152, 33.271353 ] } },
{ "type": "Feature", "properties": { "ID": 4133415106060, "正式名称": "医療法人　健歯会　諸岡歯科医院", "機関区分": 3, "都道府県コード": 41, "市区町村コード": 201, "所在地": "佐賀県佐賀市神野東", "緯度": 33.267715, "経度": 130.299901, "url": "https://www.iryou.teikyouseido.mhlw.go.jp/znk-web/juminkanja/S2430/initialize?prefCd=41&kikanCd=3415106060&kikanKbn=3", "url2": "http://m-morooka-shika.com", "内容": "医療法人　健歯会　諸岡歯科医院【3:歯科】佐賀県佐賀市神野東" }, "geometry": { "type": "Point", "coordinates": [ 130.299901, 33.267715 ] } },
{ "type": "Feature", "properties": { "ID": 4133415106190, "正式名称": "医療法人裕正会　佐賀駅前小川歯科", "機関区分": 3, "都道府県コード": 41, "市区町村コード": 201, "所在地": "佐賀県佐賀市駅前中央２ー１ー１", "緯度": 33.265048, "経度": 130.297846, "url": "https://www.iryou.teikyouseido.mhlw.go.jp/znk-web/juminkanja/S2430/initialize?prefCd=41&kikanCd=3415106190&kikanKbn=3", "url2": null, "内容": "医療法人裕正会　佐賀駅前小川歯科【3:歯科】佐賀県佐賀市駅前中央２ー１ー１" }, "geometry": { "type": "Point", "coordinates": [ 130.297846, 33.265048 ] } },
{ "type": "Feature", "properties": { "ID": 4133415106220, "正式名称": "おがさわら歯科・小児歯科", "機関区分": 3, "都道府県コード": 41, "市区町村コード": 201, "所在地": "佐賀県佐賀市神野西２－３－３１", "緯度": 33.266076, "経度": 130.291402, "url": "https://www.iryou.teikyouseido.mhlw.go.jp/znk-web/juminkanja/S2430/initialize?prefCd=41&kikanCd=3415106220&kikanKbn=3", "url2": null, "内容": "おがさわら歯科・小児歯科【3:歯科】佐賀県佐賀市神野西２－３－３１" }, "geometry": { "type": "Point", "coordinates": [ 130.291402, 33.266076 ] } },
{ "type": "Feature", "properties": { "ID": 4133415106480, "正式名称": "医療法人森永歯科クリニック", "機関区分": 3, "都道府県コード": 41, "市区町村コード": 201, "所在地": "佐賀県佐賀市高木瀬東５－８－２６", "緯度": 33.285086, "経度": 130.294676, "url": "https://www.iryou.teikyouseido.mhlw.go.jp/znk-web/juminkanja/S2430/initialize?prefCd=41&kikanCd=3415106480&kikanKbn=3", "url2": null, "内容": "医療法人森永歯科クリニック【3:歯科】佐賀県佐賀市高木瀬東５－８－２６" }, "geometry": { "type": "Point", "coordinates": [ 130.294676, 33.285086 ] } },
{ "type": "Feature", "properties": { "ID": 4133415106510, "正式名称": "千葉歯科医院", "機関区分": 3, "都道府県コード": 41, "市区町村コード": 201, "所在地": "佐賀県佐賀市開成５－３－３５", "緯度": 33.266048, "経度": 130.276209, "url": "https://www.iryou.teikyouseido.mhlw.go.jp/znk-web/juminkanja/S2430/initialize?prefCd=41&kikanCd=3415106510&kikanKbn=3", "url2": "http://chiba.dentalmall.jp/", "内容": "千葉歯科医院【3:歯科】佐賀県佐賀市開成５－３－３５" }, "geometry": { "type": "Point", "coordinates": [ 130.276209, 33.266048 ] } },
{ "type": "Feature", "properties": { "ID": 4133415106800, "正式名称": "北川歯科こども歯科医院", "機関区分": 3, "都道府県コード": 41, "市区町村コード": 201, "所在地": "佐賀県佐賀市開成６丁目８－１８", "緯度": 33.270547, "経度": 130.27532, "url": "https://www.iryou.teikyouseido.mhlw.go.jp/znk-web/juminkanja/S2430/initialize?prefCd=41&kikanCd=3415106800&kikanKbn=3", "url2": "https://www.kitagawa-dc.net/", "内容": "北川歯科こども歯科医院【3:歯科】佐賀県佐賀市開成６丁目８－１８" }, "geometry": { "type": "Point", "coordinates": [ 130.27532, 33.270547 ] } },
{ "type": "Feature", "properties": { "ID": 4133415107490, "正式名称": "上原歯科医院", "機関区分": 3, "都道府県コード": 41, "市区町村コード": 201, "所在地": "佐賀県佐賀市神園二丁目十番十八号", "緯度": 33.264326, "経度": 130.283625, "url": "https://www.iryou.teikyouseido.mhlw.go.jp/znk-web/juminkanja/S2430/initialize?prefCd=41&kikanCd=3415107490&kikanKbn=3", "url2": null, "内容": "上原歯科医院【3:歯科】佐賀県佐賀市神園二丁目十番十八号" }, "geometry": { "type": "Point", "coordinates": [ 130.283625, 33.264326 ] } },
{ "type": "Feature", "properties": { "ID": 4133415107520, "正式名称": "福成歯科医院", "機関区分": 3, "都道府県コード": 41, "市区町村コード": 201, "所在地": "佐賀県佐賀市木原", "緯度": 33.244912, "経度": 130.322761, "url": "https://www.iryou.teikyouseido.mhlw.go.jp/znk-web/juminkanja/S2430/initialize?prefCd=41&kikanCd=3415107520&kikanKbn=3", "url2": null, "内容": "福成歯科医院【3:歯科】佐賀県佐賀市木原" }, "geometry": { "type": "Point", "coordinates": [ 130.322761, 33.244912 ] } },
{ "type": "Feature", "properties": { "ID": 4133415107650, "正式名称": "坂井歯科医院", "機関区分": 3, "都道府県コード": 41, "市区町村コード": 201, "所在地": "佐賀県佐賀市末広１－１０－２", "緯度": 33.246355, "経度": 130.278182, "url": "https://www.iryou.teikyouseido.mhlw.go.jp/znk-web/juminkanja/S2430/initialize?prefCd=41&kikanCd=3415107650&kikanKbn=3", "url2": null, "内容": "坂井歯科医院【3:歯科】佐賀県佐賀市末広１－１０－２" }, "geometry": { "type": "Point", "coordinates": [ 130.278182, 33.246355 ] } },
{ "type": "Feature", "properties": { "ID": 4133415107780, "正式名称": "西村歯科医院", "機関区分": 3, "都道府県コード": 41, "市区町村コード": 201, "所在地": "佐賀県佐賀市本庄町本庄２８０－１８", "緯度": 33.233941, "経度": 130.29332, "url": "https://www.iryou.teikyouseido.mhlw.go.jp/znk-web/juminkanja/S2430/initialize?prefCd=41&kikanCd=3415107780&kikanKbn=3", "url2": "http://nisimura-dc.com", "内容": "西村歯科医院【3:歯科】佐賀県佐賀市本庄町本庄２８０－１８" }, "geometry": { "type": "Point", "coordinates": [ 130.29332, 33.233941 ] } },
{ "type": "Feature", "properties": { "ID": 4133415108080, "正式名称": "西村歯科医院", "機関区分": 3, "都道府県コード": 41, "市区町村コード": 201, "所在地": "佐賀県佐賀市諸富町諸富津１０４－１", "緯度": 33.223304, "経度": 130.358897, "url": "https://www.iryou.teikyouseido.mhlw.go.jp/znk-web/juminkanja/S2430/initialize?prefCd=41&kikanCd=3415108080&kikanKbn=3", "url2": "http://www.nishimura-shika.or.jp/", "内容": "西村歯科医院【3:歯科】佐賀県佐賀市諸富町諸富津１０４－１" }, "geometry": { "type": "Point", "coordinates": [ 130.358897, 33.223304 ] } },
{ "type": "Feature", "properties": { "ID": 4133415108820, "正式名称": "医療法人社団恵真会下平歯科医院久保田診療所", "機関区分": 3, "都道府県コード": 41, "市区町村コード": 201, "所在地": "佐賀県佐賀市久保田町久富３９２番地２", "緯度": 33.219516, "経度": 130.246691, "url": "https://www.iryou.teikyouseido.mhlw.go.jp/znk-web/juminkanja/S2430/initialize?prefCd=41&kikanCd=3415108820&kikanKbn=3", "url2": "http://www.shimohira-dc.jp/", "内容": "医療法人社団恵真会下平歯科医院久保田診療所【3:歯科】佐賀県佐賀市久保田町久富３９２番地２" }, "geometry": { "type": "Point", "coordinates": [ 130.246691, 33.219516 ] } },
{ "type": "Feature", "properties": { "ID": 4133415108950, "正式名称": "サノ歯科クリニック", "機関区分": 3, "都道府県コード": 41, "市区町村コード": 201, "所在地": "佐賀県佐賀市久保田町徳万１７３番１号", "緯度": 33.249188, "経度": 130.23838, "url": "https://www.iryou.teikyouseido.mhlw.go.jp/znk-web/juminkanja/S2430/initialize?prefCd=41&kikanCd=3415108950&kikanKbn=3", "url2": null, "内容": "サノ歯科クリニック【3:歯科】佐賀県佐賀市久保田町徳万１７３番１号" }, "geometry": { "type": "Point", "coordinates": [ 130.23838, 33.249188 ] } },
{ "type": "Feature", "properties": { "ID": 4133415109250, "正式名称": "今泉歯科医院", "機関区分": 3, "都道府県コード": 41, "市区町村コード": 201, "所在地": "佐賀県佐賀市大和町尼寺１３８１－６", "緯度": 33.313209, "経度": 130.284179, "url": "https://www.iryou.teikyouseido.mhlw.go.jp/znk-web/juminkanja/S2430/initialize?prefCd=41&kikanCd=3415109250&kikanKbn=3", "url2": "http://imaizumishika.com/", "内容": "今泉歯科医院【3:歯科】佐賀県佐賀市大和町尼寺１３８１－６" }, "geometry": { "type": "Point", "coordinates": [ 130.284179, 33.313209 ] } },
{ "type": "Feature", "properties": { "ID": 4133415109410, "正式名称": "医療法人　古宇田歯科医院", "機関区分": 3, "都道府県コード": 41, "市区町村コード": 201, "所在地": "佐賀県佐賀市高木瀬町長瀬９２０－３", "緯度": 33.28924, "経度": 130.288346, "url": "https://www.iryou.teikyouseido.mhlw.go.jp/znk-web/juminkanja/S2430/initialize?prefCd=41&kikanCd=3415109410&kikanKbn=3", "url2": null, "内容": "医療法人　古宇田歯科医院【3:歯科】佐賀県佐賀市高木瀬町長瀬９２０－３" }, "geometry": { "type": "Point", "coordinates": [ 130.288346, 33.28924 ] } },
{ "type": "Feature", "properties": { "ID": 4133415109540, "正式名称": "医療法人　小松歯科", "機関区分": 3, "都道府県コード": 41, "市区町村コード": 201, "所在地": "佐賀県佐賀市天祐２丁目３番１２号", "緯度": 33.256493, "経度": 130.279376, "url": "https://www.iryou.teikyouseido.mhlw.go.jp/znk-web/juminkanja/S2430/initialize?prefCd=41&kikanCd=3415109540&kikanKbn=3", "url2": null, "内容": "医療法人　小松歯科【3:歯科】佐賀県佐賀市天祐２丁目３番１２号" }, "geometry": { "type": "Point", "coordinates": [ 130.279376, 33.256493 ] } },
{ "type": "Feature", "properties": { "ID": 4133415109700, "正式名称": "副島歯科医院", "機関区分": 3, "都道府県コード": 41, "市区町村コード": 201, "所在地": "佐賀県佐賀市大財２ー１ー１８", "緯度": 33.257855, "経度": 130.304846, "url": "https://www.iryou.teikyouseido.mhlw.go.jp/znk-web/juminkanja/S2430/initialize?prefCd=41&kikanCd=3415109700&kikanKbn=3", "url2": null, "内容": "副島歯科医院【3:歯科】佐賀県佐賀市大財２ー１ー１８" }, "geometry": { "type": "Point", "coordinates": [ 130.304846, 33.257855 ] } },
{ "type": "Feature", "properties": { "ID": 4133415110100, "正式名称": "徳島歯科医院", "機関区分": 3, "都道府県コード": 41, "市区町村コード": 201, "所在地": "佐賀県佐賀市日の出１－２７２－１４", "緯度": 33.276269, "経度": 130.29879, "url": "https://www.iryou.teikyouseido.mhlw.go.jp/znk-web/juminkanja/S2430/initialize?prefCd=41&kikanCd=3415110100&kikanKbn=3", "url2": null, "内容": "徳島歯科医院【3:歯科】佐賀県佐賀市日の出１－２７２－１４" }, "geometry": { "type": "Point", "coordinates": [ 130.29879, 33.276269 ] } },
{ "type": "Feature", "properties": { "ID": 4133415110360, "正式名称": "清水歯科", "機関区分": 3, "都道府県コード": 41, "市区町村コード": 201, "所在地": "佐賀県佐賀市東与賀町大字田中５４９－３", "緯度": 33.202583, "経度": 130.28646, "url": "https://www.iryou.teikyouseido.mhlw.go.jp/znk-web/juminkanja/S2430/initialize?prefCd=41&kikanCd=3415110360&kikanKbn=3", "url2": null, "内容": "清水歯科【3:歯科】佐賀県佐賀市東与賀町大字田中５４９－３" }, "geometry": { "type": "Point", "coordinates": [ 130.28646, 33.202583 ] } },
{ "type": "Feature", "properties": { "ID": 4133415110490, "正式名称": "武富歯科医院", "機関区分": 3, "都道府県コード": 41, "市区町村コード": 201, "所在地": "佐賀県佐賀市金立町千布３１４７番地", "緯度": 33.310876, "経度": 130.300706, "url": "https://www.iryou.teikyouseido.mhlw.go.jp/znk-web/juminkanja/S2430/initialize?prefCd=41&kikanCd=3415110490&kikanKbn=3", "url2": null, "内容": "武富歯科医院【3:歯科】佐賀県佐賀市金立町千布３１４７番地" }, "geometry": { "type": "Point", "coordinates": [ 130.300706, 33.310876 ] } },
{ "type": "Feature", "properties": { "ID": 4133415110520, "正式名称": "宮崎歯科医院", "機関区分": 3, "都道府県コード": 41, "市区町村コード": 201, "所在地": "佐賀県佐賀市水ケ江１－４－５３", "緯度": 33.249161, "経度": 130.304763, "url": "https://www.iryou.teikyouseido.mhlw.go.jp/znk-web/juminkanja/S2430/initialize?prefCd=41&kikanCd=3415110520&kikanKbn=3", "url2": null, "内容": "宮崎歯科医院【3:歯科】佐賀県佐賀市水ケ江１－４－５３" }, "geometry": { "type": "Point", "coordinates": [ 130.304763, 33.249161 ] } },
{ "type": "Feature", "properties": { "ID": 4133415110940, "正式名称": "駒井歯科医院", "機関区分": 3, "都道府県コード": 41, "市区町村コード": 201, "所在地": "佐賀県佐賀市多布施４－１－１８", "緯度": 33.258854, "経度": 130.287708, "url": "https://www.iryou.teikyouseido.mhlw.go.jp/znk-web/juminkanja/S2430/initialize?prefCd=41&kikanCd=3415110940&kikanKbn=3", "url2": "komai-dc.com", "内容": "駒井歯科医院【3:歯科】佐賀県佐賀市多布施４－１－１８" }, "geometry": { "type": "Point", "coordinates": [ 130.287708, 33.258854 ] } },
{ "type": "Feature", "properties": { "ID": 4133415111530, "正式名称": "西村正信歯科医院", "機関区分": 3, "都道府県コード": 41, "市区町村コード": 201, "所在地": "佐賀県佐賀市高木瀬町東高木１１６３－３", "緯度": 33.287518, "経度": 130.298123, "url": "https://www.iryou.teikyouseido.mhlw.go.jp/znk-web/juminkanja/S2430/initialize?prefCd=41&kikanCd=3415111530&kikanKbn=3", "url2": null, "内容": "西村正信歯科医院【3:歯科】佐賀県佐賀市高木瀬町東高木１１６３－３" }, "geometry": { "type": "Point", "coordinates": [ 130.298123, 33.287518 ] } },
{ "type": "Feature", "properties": { "ID": 4133415111660, "正式名称": "小副川歯科医院", "機関区分": 3, "都道府県コード": 41, "市区町村コード": 201, "所在地": "佐賀県佐賀市与賀町１７４", "緯度": 33.248855, "経度": 130.293014, "url": "https://www.iryou.teikyouseido.mhlw.go.jp/znk-web/juminkanja/S2430/initialize?prefCd=41&kikanCd=3415111660&kikanKbn=3", "url2": null, "内容": "小副川歯科医院【3:歯科】佐賀県佐賀市与賀町１７４" }, "geometry": { "type": "Point", "coordinates": [ 130.293014, 33.248855 ] } },
{ "type": "Feature", "properties": { "ID": 4133415111820, "正式名称": "たなか歯科", "機関区分": 3, "都道府県コード": 41, "市区町村コード": 201, "所在地": "佐賀県佐賀市本庄町本庄１２２５－２", "緯度": 33.243995, "経度": 130.284792, "url": "https://www.iryou.teikyouseido.mhlw.go.jp/znk-web/juminkanja/S2430/initialize?prefCd=41&kikanCd=3415111820&kikanKbn=3", "url2": null, "内容": "たなか歯科【3:歯科】佐賀県佐賀市本庄町本庄１２２５－２" }, "geometry": { "type": "Point", "coordinates": [ 130.284792, 33.243995 ] } },
{ "type": "Feature", "properties": { "ID": 4133415112090, "正式名称": "陣内歯科医院", "機関区分": 3, "都道府県コード": 41, "市区町村コード": 201, "所在地": "佐賀県佐賀市白山２丁目８－２２", "緯度": 33.256188, "経度": 130.303207, "url": "https://www.iryou.teikyouseido.mhlw.go.jp/znk-web/juminkanja/S2430/initialize?prefCd=41&kikanCd=3415112090&kikanKbn=3", "url2": "http://jinnouchi-dc.com/", "内容": "陣内歯科医院【3:歯科】佐賀県佐賀市白山２丁目８－２２" }, "geometry": { "type": "Point", "coordinates": [ 130.303207, 33.256188 ] } },
{ "type": "Feature", "properties": { "ID": 4133415112120, "正式名称": "はら歯科医院", "機関区分": 3, "都道府県コード": 41, "市区町村コード": 201, "所在地": "佐賀県佐賀市嘉瀬町中原１９６８番地５", "緯度": 33.242856, "経度": 130.25785, "url": "https://www.iryou.teikyouseido.mhlw.go.jp/znk-web/juminkanja/S2430/initialize?prefCd=41&kikanCd=3415112120&kikanKbn=3", "url2": null, "内容": "はら歯科医院【3:歯科】佐賀県佐賀市嘉瀬町中原１９６８番地５" }, "geometry": { "type": "Point", "coordinates": [ 130.25785, 33.242856 ] } },
{ "type": "Feature", "properties": { "ID": 4133415112250, "正式名称": "医療法人　池田歯科医院", "機関区分": 3, "都道府県コード": 41, "市区町村コード": 201, "所在地": "佐賀県佐賀市新栄西１丁目２番４５号", "緯度": 33.249911, "経度": 130.27471, "url": "https://www.iryou.teikyouseido.mhlw.go.jp/znk-web/juminkanja/S2430/initialize?prefCd=41&kikanCd=3415112250&kikanKbn=3", "url2": null, "内容": "医療法人　池田歯科医院【3:歯科】佐賀県佐賀市新栄西１丁目２番４５号" }, "geometry": { "type": "Point", "coordinates": [ 130.27471, 33.249911 ] } },
{ "type": "Feature", "properties": { "ID": 4133415112540, "正式名称": "医療法人清仁会　山田歯科医院", "機関区分": 3, "都道府県コード": 41, "市区町村コード": 201, "所在地": "佐賀県佐賀市若楠３ー２ー２２", "緯度": 33.278519, "経度": 130.284819, "url": "https://www.iryou.teikyouseido.mhlw.go.jp/znk-web/juminkanja/S2430/initialize?prefCd=41&kikanCd=3415112540&kikanKbn=3", "url2": "http://shikayamada.com", "内容": "医療法人清仁会　山田歯科医院【3:歯科】佐賀県佐賀市若楠３ー２ー２２" }, "geometry": { "type": "Point", "coordinates": [ 130.284819, 33.278519 ] } },
{ "type": "Feature", "properties": { "ID": 4133415112700, "正式名称": "やまぐち歯科医院", "機関区分": 3, "都道府県コード": 41, "市区町村コード": 201, "所在地": "佐賀県佐賀市大和町久池井９３１－８", "緯度": 33.317903, "経度": 130.290484, "url": "https://www.iryou.teikyouseido.mhlw.go.jp/znk-web/juminkanja/S2430/initialize?prefCd=41&kikanCd=3415112700&kikanKbn=3", "url2": "http://www.dentalsherlock.com/saga/yamaguchi/yamaguchi.html", "内容": "やまぐち歯科医院【3:歯科】佐賀県佐賀市大和町久池井９３１－８" }, "geometry": { "type": "Point", "coordinates": [ 130.290484, 33.317903 ] } },
{ "type": "Feature", "properties": { "ID": 4133415112830, "正式名称": "あびる歯科", "機関区分": 3, "都道府県コード": 41, "市区町村コード": 201, "所在地": "佐賀県佐賀市大和町尼寺７８９－１", "緯度": 33.311043, "経度": 130.287346, "url": "https://www.iryou.teikyouseido.mhlw.go.jp/znk-web/juminkanja/S2430/initialize?prefCd=41&kikanCd=3415112830&kikanKbn=3", "url2": "http://websp01.com/abiru/info.html", "内容": "あびる歯科【3:歯科】佐賀県佐賀市大和町尼寺７８９－１" }, "geometry": { "type": "Point", "coordinates": [ 130.287346, 33.311043 ] } },
{ "type": "Feature", "properties": { "ID": 4133415112960, "正式名称": "日浦歯科医院", "機関区分": 3, "都道府県コード": 41, "市区町村コード": 201, "所在地": "佐賀県佐賀市鍋島町八戸溝２３７－１", "緯度": 33.274991, "経度": 130.274709, "url": "https://www.iryou.teikyouseido.mhlw.go.jp/znk-web/juminkanja/S2430/initialize?prefCd=41&kikanCd=3415112960&kikanKbn=3", "url2": null, "内容": "日浦歯科医院【3:歯科】佐賀県佐賀市鍋島町八戸溝２３７－１" }, "geometry": { "type": "Point", "coordinates": [ 130.274709, 33.274991 ] } },
{ "type": "Feature", "properties": { "ID": 4133415113130, "正式名称": "福成歯科医院", "機関区分": 3, "都道府県コード": 41, "市区町村コード": 201, "所在地": "佐賀県佐賀市鍋島町八戸溝１２５０－４", "緯度": 33.260909, "経度": 130.269238, "url": "https://www.iryou.teikyouseido.mhlw.go.jp/znk-web/juminkanja/S2430/initialize?prefCd=41&kikanCd=3415113130&kikanKbn=3", "url2": null, "内容": "福成歯科医院【3:歯科】佐賀県佐賀市鍋島町八戸溝１２５０－４" }, "geometry": { "type": "Point", "coordinates": [ 130.269238, 33.260909 ] } },
{ "type": "Feature", "properties": { "ID": 4133415113390, "正式名称": "江頭歯科医院", "機関区分": 3, "都道府県コード": 41, "市区町村コード": 201, "所在地": "佐賀県佐賀市北川副町光法１４７７－１３", "緯度": 33.231553, "経度": 130.332177, "url": "https://www.iryou.teikyouseido.mhlw.go.jp/znk-web/juminkanja/S2430/initialize?prefCd=41&kikanCd=3415113390&kikanKbn=3", "url2": null, "内容": "江頭歯科医院【3:歯科】佐賀県佐賀市北川副町光法１４７７－１３" }, "geometry": { "type": "Point", "coordinates": [ 130.332177, 33.231553 ] } },
{ "type": "Feature", "properties": { "ID": 4133415113550, "正式名称": "ももたに歯科医院", "機関区分": 3, "都道府県コード": 41, "市区町村コード": 201, "所在地": "佐賀県佐賀市柳町６ー６", "緯度": 33.254189, "経度": 130.309068, "url": "https://www.iryou.teikyouseido.mhlw.go.jp/znk-web/juminkanja/S2430/initialize?prefCd=41&kikanCd=3415113550&kikanKbn=3", "url2": "https://momotani-dc.com/", "内容": "ももたに歯科医院【3:歯科】佐賀県佐賀市柳町６ー６" }, "geometry": { "type": "Point", "coordinates": [ 130.309068, 33.254189 ] } },
{ "type": "Feature", "properties": { "ID": 4133415113680, "正式名称": "東島歯科医院", "機関区分": 3, "都道府県コード": 41, "市区町村コード": 201, "所在地": "佐賀県佐賀市与賀町３番２号", "緯度": 33.2498, "経度": 130.293264, "url": "https://www.iryou.teikyouseido.mhlw.go.jp/znk-web/juminkanja/S2430/initialize?prefCd=41&kikanCd=3415113680&kikanKbn=3", "url2": "http://higashijimadc.nomoiki.jp/", "内容": "東島歯科医院【3:歯科】佐賀県佐賀市与賀町３番２号" }, "geometry": { "type": "Point", "coordinates": [ 130.293264, 33.2498 ] } },
{ "type": "Feature", "properties": { "ID": 4133415113710, "正式名称": "なかはら歯科医院", "機関区分": 3, "都道府県コード": 41, "市区町村コード": 201, "所在地": "佐賀県佐賀市諸富町山領８０９－１３", "緯度": 33.228748, "経度": 130.340232, "url": "https://www.iryou.teikyouseido.mhlw.go.jp/znk-web/juminkanja/S2430/initialize?prefCd=41&kikanCd=3415113710&kikanKbn=3", "url2": null, "内容": "なかはら歯科医院【3:歯科】佐賀県佐賀市諸富町山領８０９－１３" }, "geometry": { "type": "Point", "coordinates": [ 130.340232, 33.228748 ] } },
{ "type": "Feature", "properties": { "ID": 4133415113970, "正式名称": "医療法人祥和会はっとり歯科医院", "機関区分": 3, "都道府県コード": 41, "市区町村コード": 201, "所在地": "佐賀県佐賀市大和町尼寺２９００－１", "緯度": 33.303044, "経度": 130.284124, "url": "https://www.iryou.teikyouseido.mhlw.go.jp/znk-web/juminkanja/S2430/initialize?prefCd=41&kikanCd=3415113970&kikanKbn=3", "url2": null, "内容": "医療法人祥和会はっとり歯科医院【3:歯科】佐賀県佐賀市大和町尼寺２９００－１" }, "geometry": { "type": "Point", "coordinates": [ 130.284124, 33.303044 ] } },
{ "type": "Feature", "properties": { "ID": 4133415114010, "正式名称": "小川歯科医院", "機関区分": 3, "都道府県コード": 41, "市区町村コード": 201, "所在地": "佐賀県佐賀市大和町尼寺", "緯度": 33.309237, "経度": 130.279402, "url": "https://www.iryou.teikyouseido.mhlw.go.jp/znk-web/juminkanja/S2430/initialize?prefCd=41&kikanCd=3415114010&kikanKbn=3", "url2": null, "内容": "小川歯科医院【3:歯科】佐賀県佐賀市大和町尼寺" }, "geometry": { "type": "Point", "coordinates": [ 130.279402, 33.309237 ] } },
{ "type": "Feature", "properties": { "ID": 4133415114270, "正式名称": "しげまつ歯科医院", "機関区分": 3, "都道府県コード": 41, "市区町村コード": 201, "所在地": "佐賀県佐賀市巨勢町修理田１２０９－３", "緯度": 33.262827, "経度": 130.323899, "url": "https://www.iryou.teikyouseido.mhlw.go.jp/znk-web/juminkanja/S2430/initialize?prefCd=41&kikanCd=3415114270&kikanKbn=3", "url2": null, "内容": "しげまつ歯科医院【3:歯科】佐賀県佐賀市巨勢町修理田１２０９－３" }, "geometry": { "type": "Point", "coordinates": [ 130.323899, 33.262827 ] } },
{ "type": "Feature", "properties": { "ID": 4133415114430, "正式名称": "医療法人希会　緒方歯科医院", "機関区分": 3, "都道府県コード": 41, "市区町村コード": 201, "所在地": "佐賀県佐賀市川副町西古賀２４７－１０", "緯度": 33.210999, "経度": 130.31343, "url": "https://www.iryou.teikyouseido.mhlw.go.jp/znk-web/juminkanja/S2430/initialize?prefCd=41&kikanCd=3415114430&kikanKbn=3", "url2": "http://ogatashika.jp/", "内容": "医療法人希会　緒方歯科医院【3:歯科】佐賀県佐賀市川副町西古賀２４７－１０" }, "geometry": { "type": "Point", "coordinates": [ 130.31343, 33.210999 ] } },
{ "type": "Feature", "properties": { "ID": 4133415114560, "正式名称": "北島歯科医院", "機関区分": 3, "都道府県コード": 41, "市区町村コード": 201, "所在地": "佐賀県佐賀市長瀬町２－３２", "緯度": 33.25055, "経度": 130.28407, "url": "https://www.iryou.teikyouseido.mhlw.go.jp/znk-web/juminkanja/S2430/initialize?prefCd=41&kikanCd=3415114560&kikanKbn=3", "url2": "https://www.kitajima-shika.net/", "内容": "北島歯科医院【3:歯科】佐賀県佐賀市長瀬町２－３２" }, "geometry": { "type": "Point", "coordinates": [ 130.28407, 33.25055 ] } },
{ "type": "Feature", "properties": { "ID": 4133415114690, "正式名称": "野口歯科医院", "機関区分": 3, "都道府県コード": 41, "市区町村コード": 201, "所在地": "佐賀県佐賀市兵庫南１－４－２６", "緯度": 33.261521, "経度": 130.314484, "url": "https://www.iryou.teikyouseido.mhlw.go.jp/znk-web/juminkanja/S2430/initialize?prefCd=41&kikanCd=3415114690&kikanKbn=3", "url2": "http://www.noguchi-dc.jp/", "内容": "野口歯科医院【3:歯科】佐賀県佐賀市兵庫南１－４－２６" }, "geometry": { "type": "Point", "coordinates": [ 130.314484, 33.261521 ] } },
{ "type": "Feature", "properties": { "ID": 4133415114850, "正式名称": "田中栄一歯科・小児歯科医院", "機関区分": 3, "都道府県コード": 41, "市区町村コード": 201, "所在地": "佐賀県佐賀市鍋島町森田３９９－１", "緯度": 33.267214, "経度": 130.261794, "url": "https://www.iryou.teikyouseido.mhlw.go.jp/znk-web/juminkanja/S2430/initialize?prefCd=41&kikanCd=3415114850&kikanKbn=3", "url2": null, "内容": "田中栄一歯科・小児歯科医院【3:歯科】佐賀県佐賀市鍋島町森田３９９－１" }, "geometry": { "type": "Point", "coordinates": [ 130.261794, 33.267214 ] } },
{ "type": "Feature", "properties": { "ID": 4133415115020, "正式名称": "こいで歯科医院", "機関区分": 3, "都道府県コード": 41, "市区町村コード": 201, "所在地": "佐賀県佐賀市川副町福富８２９－５", "緯度": 33.211055, "経度": 130.32104, "url": "https://www.iryou.teikyouseido.mhlw.go.jp/znk-web/juminkanja/S2430/initialize?prefCd=41&kikanCd=3415115020&kikanKbn=3", "url2": null, "内容": "こいで歯科医院【3:歯科】佐賀県佐賀市川副町福富８２９－５" }, "geometry": { "type": "Point", "coordinates": [ 130.32104, 33.211055 ] } },
{ "type": "Feature", "properties": { "ID": 4133415115280, "正式名称": "すみ矯正歯科", "機関区分": 3, "都道府県コード": 41, "市区町村コード": 201, "所在地": "佐賀県佐賀市神園３丁目１４－５", "緯度": 33.26902, "経度": 130.283125, "url": "https://www.iryou.teikyouseido.mhlw.go.jp/znk-web/juminkanja/S2430/initialize?prefCd=41&kikanCd=3415115280&kikanKbn=3", "url2": "http://www.sumi-orthod.com", "内容": "すみ矯正歯科【3:歯科】佐賀県佐賀市神園３丁目１４－５" }, "geometry": { "type": "Point", "coordinates": [ 130.283125, 33.26902 ] } },
{ "type": "Feature", "properties": { "ID": 4133415115310, "正式名称": "秋山歯科医院", "機関区分": 3, "都道府県コード": 41, "市区町村コード": 201, "所在地": "佐賀県佐賀市高木瀬町長瀬１６９２－１", "緯度": 33.296239, "経度": 130.282847, "url": "https://www.iryou.teikyouseido.mhlw.go.jp/znk-web/juminkanja/S2430/initialize?prefCd=41&kikanCd=3415115310&kikanKbn=3", "url2": null, "内容": "秋山歯科医院【3:歯科】佐賀県佐賀市高木瀬町長瀬１６９２－１" }, "geometry": { "type": "Point", "coordinates": [ 130.282847, 33.296239 ] } },
{ "type": "Feature", "properties": { "ID": 4133415115440, "正式名称": "酒井歯科医院", "機関区分": 3, "都道府県コード": 41, "市区町村コード": 201, "所在地": "佐賀県佐賀市大財５丁目１１－３０", "緯度": 33.262465, "経度": 130.308929, "url": "https://www.iryou.teikyouseido.mhlw.go.jp/znk-web/juminkanja/S2430/initialize?prefCd=41&kikanCd=3415115440&kikanKbn=3", "url2": null, "内容": "酒井歯科医院【3:歯科】佐賀県佐賀市大財５丁目１１－３０" }, "geometry": { "type": "Point", "coordinates": [ 130.308929, 33.262465 ] } },
{ "type": "Feature", "properties": { "ID": 4133415115600, "正式名称": "医療法人きらめき　うえの歯科", "機関区分": 3, "都道府県コード": 41, "市区町村コード": 201, "所在地": "佐賀県佐賀市大和町東山田２８４４－３", "緯度": 33.309299, "経度": 130.265032, "url": "https://www.iryou.teikyouseido.mhlw.go.jp/znk-web/juminkanja/S2430/initialize?prefCd=41&kikanCd=3415115600&kikanKbn=3", "url2": null, "内容": "医療法人きらめき　うえの歯科【3:歯科】佐賀県佐賀市大和町東山田２８４４－３" }, "geometry": { "type": "Point", "coordinates": [ 130.265032, 33.309299 ] } },
{ "type": "Feature", "properties": { "ID": 4133415200160, "正式名称": "泉福歯科医院", "機関区分": 3, "都道府県コード": 41, "市区町村コード": 210, "所在地": "佐賀県神埼市神埼町田道ケ里", "緯度": 33.311044, "経度": 130.374588, "url": "https://www.iryou.teikyouseido.mhlw.go.jp/znk-web/juminkanja/S2430/initialize?prefCd=41&kikanCd=3415200160&kikanKbn=3", "url2": null, "内容": "泉福歯科医院【3:歯科】佐賀県神埼市神埼町田道ケ里" }, "geometry": { "type": "Point", "coordinates": [ 130.374588, 33.311044 ] } },
{ "type": "Feature", "properties": { "ID": 4133415200320, "正式名称": "永原歯科医院", "機関区分": 3, "都道府県コード": 41, "市区町村コード": 210, "所在地": "佐賀県神埼市神埼町神埼５９０", "緯度": 33.304628, "経度": 130.371005, "url": "https://www.iryou.teikyouseido.mhlw.go.jp/znk-web/juminkanja/S2430/initialize?prefCd=41&kikanCd=3415200320&kikanKbn=3", "url2": null, "内容": "永原歯科医院【3:歯科】佐賀県神埼市神埼町神埼５９０" }, "geometry": { "type": "Point", "coordinates": [ 130.371005, 33.304628 ] } },
{ "type": "Feature", "properties": { "ID": 4133415200610, "正式名称": "大櫛歯科　矯正歯科医院", "機関区分": 3, "都道府県コード": 41, "市区町村コード": 210, "所在地": "佐賀県神埼市千代田町姉２－１", "緯度": 33.272882, "経度": 130.363701, "url": "https://www.iryou.teikyouseido.mhlw.go.jp/znk-web/juminkanja/S2430/initialize?prefCd=41&kikanCd=3415200610&kikanKbn=3", "url2": "www.ohgushi-dental-office.com", "内容": "大櫛歯科　矯正歯科医院【3:歯科】佐賀県神埼市千代田町姉２－１" }, "geometry": { "type": "Point", "coordinates": [ 130.363701, 33.272882 ] } },
{ "type": "Feature", "properties": { "ID": 4133415200900, "正式名称": "医療法人優照会　目達原歯科医院", "機関区分": 3, "都道府県コード": 41, "市区町村コード": 327, "所在地": "佐賀県神埼郡吉野ヶ里町吉田２９８９－３", "緯度": 33.327626, "経度": 130.40864, "url": "https://www.iryou.teikyouseido.mhlw.go.jp/znk-web/juminkanja/S2430/initialize?prefCd=41&kikanCd=3415200900&kikanKbn=3", "url2": "http://www.metabarushika.jp/", "内容": "医療法人優照会　目達原歯科医院【3:歯科】佐賀県神埼郡吉野ヶ里町吉田２９８９－３" }, "geometry": { "type": "Point", "coordinates": [ 130.40864, 33.327626 ] } },
{ "type": "Feature", "properties": { "ID": 4133415201200, "正式名称": "古賀歯科医院", "機関区分": 3, "都道府県コード": 41, "市区町村コード": 210, "所在地": "佐賀県神埼市神埼町田道ケ里２２６８の８", "緯度": 33.312461, "経度": 130.374394, "url": "https://www.iryou.teikyouseido.mhlw.go.jp/znk-web/juminkanja/S2430/initialize?prefCd=41&kikanCd=3415201200&kikanKbn=3", "url2": null, "内容": "古賀歯科医院【3:歯科】佐賀県神埼市神埼町田道ケ里２２６８の８" }, "geometry": { "type": "Point", "coordinates": [ 130.374394, 33.312461 ] } },
{ "type": "Feature", "properties": { "ID": 4133415201330, "正式名称": "医療法人デンタルアソシエイツタナ力歯科・こども歯科", "機関区分": 3, "都道府県コード": 41, "市区町村コード": 327, "所在地": "佐賀県神埼郡吉野ヶ里町吉田８３９－２", "緯度": 33.32546, "経度": 130.403446, "url": "https://www.iryou.teikyouseido.mhlw.go.jp/znk-web/juminkanja/S2430/initialize?prefCd=41&kikanCd=3415201330&kikanKbn=3", "url2": "http://tanaka-kodomo-dc.com", "内容": "医療法人デンタルアソシエイツタナ力歯科・こども歯科【3:歯科】佐賀県神埼郡吉野ヶ里町吉田８３９－２" }, "geometry": { "type": "Point", "coordinates": [ 130.403446, 33.32546 ] } },
{ "type": "Feature", "properties": { "ID": 4133415201460, "正式名称": "中山歯科医院", "機関区分": 3, "都道府県コード": 41, "市区町村コード": 210, "所在地": "佐賀県神埼市千代田町詫田８２－１", "緯度": 33.27766, "経度": 130.389088, "url": "https://www.iryou.teikyouseido.mhlw.go.jp/znk-web/juminkanja/S2430/initialize?prefCd=41&kikanCd=3415201460&kikanKbn=3", "url2": null, "内容": "中山歯科医院【3:歯科】佐賀県神埼市千代田町詫田８２－１" }, "geometry": { "type": "Point", "coordinates": [ 130.389088, 33.27766 ] } },
{ "type": "Feature", "properties": { "ID": 4133415201590, "正式名称": "江頭歯科医院", "機関区分": 3, "都道府県コード": 41, "市区町村コード": 210, "所在地": "佐賀県神埼市千代田町下西７７６－６", "緯度": 33.260494, "経度": 130.345703, "url": "https://www.iryou.teikyouseido.mhlw.go.jp/znk-web/juminkanja/S2430/initialize?prefCd=41&kikanCd=3415201590&kikanKbn=3", "url2": null, "内容": "江頭歯科医院【3:歯科】佐賀県神埼市千代田町下西７７６－６" }, "geometry": { "type": "Point", "coordinates": [ 130.345703, 33.260494 ] } },
{ "type": "Feature", "properties": { "ID": 4133415201750, "正式名称": "中村歯科医院", "機関区分": 3, "都道府県コード": 41, "市区町村コード": 210, "所在地": "佐賀県神埼市千代田町餘江１４８９番地の３", "緯度": 33.262244, "経度": 130.351536, "url": "https://www.iryou.teikyouseido.mhlw.go.jp/znk-web/juminkanja/S2430/initialize?prefCd=41&kikanCd=3415201750&kikanKbn=3", "url2": "http://nakamura-418.com", "内容": "中村歯科医院【3:歯科】佐賀県神埼市千代田町餘江１４８９番地の３" }, "geometry": { "type": "Point", "coordinates": [ 130.351536, 33.262244 ] } },
{ "type": "Feature", "properties": { "ID": 4133415201910, "正式名称": "荒木歯科医院", "機関区分": 3, "都道府県コード": 41, "市区町村コード": 327, "所在地": "佐賀県神埼郡吉野ヶ里町吉田２９４６－６１", "緯度": 33.328404, "経度": 130.408918, "url": "https://www.iryou.teikyouseido.mhlw.go.jp/znk-web/juminkanja/S2430/initialize?prefCd=41&kikanCd=3415201910&kikanKbn=3", "url2": null, "内容": "荒木歯科医院【3:歯科】佐賀県神埼郡吉野ヶ里町吉田２９４６－６１" }, "geometry": { "type": "Point", "coordinates": [ 130.408918, 33.328404 ] } },
{ "type": "Feature", "properties": { "ID": 4133415300480, "正式名称": "古賀歯科医院", "機関区分": 3, "都道府県コード": 41, "市区町村コード": 203, "所在地": "佐賀県鳥栖市儀徳町２６７２－１", "緯度": 33.350598, "経度": 130.494076, "url": "https://www.iryou.teikyouseido.mhlw.go.jp/znk-web/juminkanja/S2430/initialize?prefCd=41&kikanCd=3415300480&kikanKbn=3", "url2": null, "内容": "古賀歯科医院【3:歯科】佐賀県鳥栖市儀徳町２６７２－１" }, "geometry": { "type": "Point", "coordinates": [ 130.494076, 33.350598 ] } },
{ "type": "Feature", "properties": { "ID": 4133415300510, "正式名称": "こが歯科", "機関区分": 3, "都道府県コード": 41, "市区町村コード": 203, "所在地": "佐賀県鳥栖市曽根崎町１４９０－６", "緯度": 33.379456, "経度": 130.527211, "url": "https://www.iryou.teikyouseido.mhlw.go.jp/znk-web/juminkanja/S2430/initialize?prefCd=41&kikanCd=3415300510&kikanKbn=3", "url2": null, "内容": "こが歯科【3:歯科】佐賀県鳥栖市曽根崎町１４９０－６" }, "geometry": { "type": "Point", "coordinates": [ 130.527211, 33.379456 ] } },
{ "type": "Feature", "properties": { "ID": 4133415300640, "正式名称": "医療法人権藤歯科", "機関区分": 3, "都道府県コード": 41, "市区町村コード": 203, "所在地": "佐賀県鳥栖市宿町１１０３－５", "緯度": 33.376484, "経度": 130.50463, "url": "https://www.iryou.teikyouseido.mhlw.go.jp/znk-web/juminkanja/S2430/initialize?prefCd=41&kikanCd=3415300640&kikanKbn=3", "url2": null, "内容": "医療法人権藤歯科【3:歯科】佐賀県鳥栖市宿町１１０３－５" }, "geometry": { "type": "Point", "coordinates": [ 130.50463, 33.376484 ] } },
{ "type": "Feature", "properties": { "ID": 4133415300800, "正式名称": "医療法人　健栄会　門司歯科医院", "機関区分": 3, "都道府県コード": 41, "市区町村コード": 203, "所在地": "佐賀県鳥栖市田代上町２２１", "緯度": 33.389983, "経度": 130.522295, "url": "https://www.iryou.teikyouseido.mhlw.go.jp/znk-web/juminkanja/S2430/initialize?prefCd=41&kikanCd=3415300800&kikanKbn=3", "url2": "http://www.monji-doc.or.jp/", "内容": "医療法人　健栄会　門司歯科医院【3:歯科】佐賀県鳥栖市田代上町２２１" }, "geometry": { "type": "Point", "coordinates": [ 130.522295, 33.389983 ] } },
{ "type": "Feature", "properties": { "ID": 4133415301100, "正式名称": "元町歯科診療所", "機関区分": 3, "都道府県コード": 41, "市区町村コード": 203, "所在地": "佐賀県鳥栖市元町１３００−１", "緯度": 33.37279, "経度": 130.506325, "url": "https://www.iryou.teikyouseido.mhlw.go.jp/znk-web/juminkanja/S2430/initialize?prefCd=41&kikanCd=3415301100&kikanKbn=3", "url2": "http://tosu-motomachishika.com/", "内容": "元町歯科診療所【3:歯科】佐賀県鳥栖市元町１３００−１" }, "geometry": { "type": "Point", "coordinates": [ 130.506325, 33.37279 ] } },
{ "type": "Feature", "properties": { "ID": 4133415301490, "正式名称": "藤戸歯科医院", "機関区分": 3, "都道府県コード": 41, "市区町村コード": 203, "所在地": "佐賀県鳥栖市今泉町２５３７－３", "緯度": 33.365874, "経度": 130.516879, "url": "https://www.iryou.teikyouseido.mhlw.go.jp/znk-web/juminkanja/S2430/initialize?prefCd=41&kikanCd=3415301490&kikanKbn=3", "url2": "http://www.fujito-dc.jp/", "内容": "藤戸歯科医院【3:歯科】佐賀県鳥栖市今泉町２５３７－３" }, "geometry": { "type": "Point", "coordinates": [ 130.516879, 33.365874 ] } },
{ "type": "Feature", "properties": { "ID": 4133415301940, "正式名称": "わきた歯科医院", "機関区分": 3, "都道府県コード": 41, "市区町村コード": 341, "所在地": "佐賀県三養基郡基山町宮浦４８７－１０", "緯度": 33.42434, "経度": 130.530071, "url": "https://www.iryou.teikyouseido.mhlw.go.jp/znk-web/juminkanja/S2430/initialize?prefCd=41&kikanCd=3415301940&kikanKbn=3", "url2": "http://nokitadental.jp/", "内容": "わきた歯科医院【3:歯科】佐賀県三養基郡基山町宮浦４８７－１０" }, "geometry": { "type": "Point", "coordinates": [ 130.530071, 33.42434 ] } },
{ "type": "Feature", "properties": { "ID": 4133415302080, "正式名称": "山口歯科医院", "機関区分": 3, "都道府県コード": 41, "市区町村コード": 346, "所在地": "佐賀県三養基郡みやき町原古賀１６３９", "緯度": 33.34743, "経度": 130.440942, "url": "https://www.iryou.teikyouseido.mhlw.go.jp/znk-web/juminkanja/S2430/initialize?prefCd=41&kikanCd=3415302080&kikanKbn=3", "url2": null, "内容": "山口歯科医院【3:歯科】佐賀県三養基郡みやき町原古賀１６３９" }, "geometry": { "type": "Point", "coordinates": [ 130.440942, 33.34743 ] } },
{ "type": "Feature", "properties": { "ID": 4133415302400, "正式名称": "秀島歯科医院", "機関区分": 3, "都道府県コード": 41, "市区町村コード": 346, "所在地": "佐賀県三養基郡みやき町大字西島１４８４－１", "緯度": 33.296908, "経度": 130.435055, "url": "https://www.iryou.teikyouseido.mhlw.go.jp/znk-web/juminkanja/S2430/initialize?prefCd=41&kikanCd=3415302400&kikanKbn=3", "url2": null, "内容": "秀島歯科医院【3:歯科】佐賀県三養基郡みやき町大字西島１４８４－１" }, "geometry": { "type": "Point", "coordinates": [ 130.435055, 33.296908 ] } },
{ "type": "Feature", "properties": { "ID": 4133415302660, "正式名称": "医療法人原歯科医院", "機関区分": 3, "都道府県コード": 41, "市区町村コード": 203, "所在地": "佐賀県鳥栖市宿町１３６２－１", "緯度": 33.380511, "経度": 130.504158, "url": "https://www.iryou.teikyouseido.mhlw.go.jp/znk-web/juminkanja/S2430/initialize?prefCd=41&kikanCd=3415302660&kikanKbn=3", "url2": null, "内容": "医療法人原歯科医院【3:歯科】佐賀県鳥栖市宿町１３６２－１" }, "geometry": { "type": "Point", "coordinates": [ 130.504158, 33.380511 ] } },
{ "type": "Feature", "properties": { "ID": 4133415303090, "正式名称": "中冨歯科医院", "機関区分": 3, "都道府県コード": 41, "市区町村コード": 203, "所在地": "佐賀県鳥栖市桜町１４６８－１", "緯度": 33.384705, "経度": 130.522434, "url": "https://www.iryou.teikyouseido.mhlw.go.jp/znk-web/juminkanja/S2430/initialize?prefCd=41&kikanCd=3415303090&kikanKbn=3", "url2": null, "内容": "中冨歯科医院【3:歯科】佐賀県鳥栖市桜町１４６８－１" }, "geometry": { "type": "Point", "coordinates": [ 130.522434, 33.384705 ] } },
{ "type": "Feature", "properties": { "ID": 4133415303250, "正式名称": "医療法人　健やか会　野口歯科医院", "機関区分": 3, "都道府県コード": 41, "市区町村コード": 203, "所在地": "佐賀県鳥栖市神辺町１５７８－８", "緯度": 33.383816, "経度": 130.510129, "url": "https://www.iryou.teikyouseido.mhlw.go.jp/znk-web/juminkanja/S2430/initialize?prefCd=41&kikanCd=3415303250&kikanKbn=3", "url2": "http://www.mikku.co.jp/noguchi/", "内容": "医療法人　健やか会　野口歯科医院【3:歯科】佐賀県鳥栖市神辺町１５７８－８" }, "geometry": { "type": "Point", "coordinates": [ 130.510129, 33.383816 ] } },
{ "type": "Feature", "properties": { "ID": 4133415303380, "正式名称": "照崎歯科医院", "機関区分": 3, "都道府県コード": 41, "市区町村コード": 203, "所在地": "佐賀県鳥栖市轟木町１５０１ー１０", "緯度": 33.369096, "経度": 130.506713, "url": "https://www.iryou.teikyouseido.mhlw.go.jp/znk-web/juminkanja/S2430/initialize?prefCd=41&kikanCd=3415303380&kikanKbn=3", "url2": "http://www.terusaki-dental.com", "内容": "照崎歯科医院【3:歯科】佐賀県鳥栖市轟木町１５０１ー１０" }, "geometry": { "type": "Point", "coordinates": [ 130.506713, 33.369096 ] } },
{ "type": "Feature", "properties": { "ID": 4133415303540, "正式名称": "真子歯科医院", "機関区分": 3, "都道府県コード": 41, "市区町村コード": 346, "所在地": "佐賀県三養基郡みやき町原古賀５９２－８", "緯度": 33.343681, "経度": 130.438887, "url": "https://www.iryou.teikyouseido.mhlw.go.jp/znk-web/juminkanja/S2430/initialize?prefCd=41&kikanCd=3415303540&kikanKbn=3", "url2": null, "内容": "真子歯科医院【3:歯科】佐賀県三養基郡みやき町原古賀５９２－８" }, "geometry": { "type": "Point", "coordinates": [ 130.438887, 33.343681 ] } },
{ "type": "Feature", "properties": { "ID": 4133415303960, "正式名称": "うえだ歯科・矯正歯科クリニック", "機関区分": 3, "都道府県コード": 41, "市区町村コード": 203, "所在地": "佐賀県鳥栖市村田町７－６", "緯度": 33.352403, "経度": 130.490465, "url": "https://www.iryou.teikyouseido.mhlw.go.jp/znk-web/juminkanja/S2430/initialize?prefCd=41&kikanCd=3415303960&kikanKbn=3", "url2": "http://ueda-dental.info", "内容": "うえだ歯科・矯正歯科クリニック【3:歯科】佐賀県鳥栖市村田町７－６" }, "geometry": { "type": "Point", "coordinates": [ 130.490465, 33.352403 ] } },
{ "type": "Feature", "properties": { "ID": 4133415304130, "正式名称": "重松歯科医院", "機関区分": 3, "都道府県コード": 41, "市区町村コード": 341, "所在地": "佐賀県三養基郡基山町宮浦９６４－１", "緯度": 33.41859, "経度": 130.525044, "url": "https://www.iryou.teikyouseido.mhlw.go.jp/znk-web/juminkanja/S2430/initialize?prefCd=41&kikanCd=3415304130&kikanKbn=3", "url2": "http://shigematsudental.jp/", "内容": "重松歯科医院【3:歯科】佐賀県三養基郡基山町宮浦９６４－１" }, "geometry": { "type": "Point", "coordinates": [ 130.525044, 33.41859 ] } },
{ "type": "Feature", "properties": { "ID": 4133415304260, "正式名称": "アルファ歯科・矯正歯科クリニック", "機関区分": 3, "都道府県コード": 41, "市区町村コード": 203, "所在地": "佐賀県鳥栖市大正町６９７－３", "緯度": 33.377401, "経度": 130.515407, "url": "https://www.iryou.teikyouseido.mhlw.go.jp/znk-web/juminkanja/S2430/initialize?prefCd=41&kikanCd=3415304260&kikanKbn=3", "url2": "http://www.alpha-dental-clinic.com", "内容": "アルファ歯科・矯正歯科クリニック【3:歯科】佐賀県鳥栖市大正町６９７－３" }, "geometry": { "type": "Point", "coordinates": [ 130.515407, 33.377401 ] } },
{ "type": "Feature", "properties": { "ID": 4133415304390, "正式名称": "熊谷歯科医院", "機関区分": 3, "都道府県コード": 41, "市区町村コード": 203, "所在地": "佐賀県鳥栖市山浦町１３８６－１", "緯度": 33.369401, "経度": 130.479466, "url": "https://www.iryou.teikyouseido.mhlw.go.jp/znk-web/juminkanja/S2430/initialize?prefCd=41&kikanCd=3415304390&kikanKbn=3", "url2": null, "内容": "熊谷歯科医院【3:歯科】佐賀県鳥栖市山浦町１３８６－１" }, "geometry": { "type": "Point", "coordinates": [ 130.479466, 33.369401 ] } },
{ "type": "Feature", "properties": { "ID": 4133415304970, "正式名称": "古賀歯科医院", "機関区分": 3, "都道府県コード": 41, "市区町村コード": 341, "所在地": "佐賀県三養基郡基山町小倉３９５－７", "緯度": 33.422451, "経度": 130.527821, "url": "https://www.iryou.teikyouseido.mhlw.go.jp/znk-web/juminkanja/S2430/initialize?prefCd=41&kikanCd=3415304970&kikanKbn=3", "url2": null, "内容": "古賀歯科医院【3:歯科】佐賀県三養基郡基山町小倉３９５－７" }, "geometry": { "type": "Point", "coordinates": [ 130.527821, 33.422451 ] } },
{ "type": "Feature", "properties": { "ID": 4133415305010, "正式名称": "原歯科医院", "機関区分": 3, "都道府県コード": 41, "市区町村コード": 341, "所在地": "佐賀県三養基郡基山町けやき台１－７－１", "緯度": 33.431975, "経度": 130.530011, "url": "https://www.iryou.teikyouseido.mhlw.go.jp/znk-web/juminkanja/S2430/initialize?prefCd=41&kikanCd=3415305010&kikanKbn=3", "url2": null, "内容": "原歯科医院【3:歯科】佐賀県三養基郡基山町けやき台１－７－１" }, "geometry": { "type": "Point", "coordinates": [ 130.530011, 33.431975 ] } },
{ "type": "Feature", "properties": { "ID": 4133415305140, "正式名称": "佐久間歯科医院", "機関区分": 3, "都道府県コード": 41, "市区町村コード": 346, "所在地": "佐賀県三養基郡みやき町簑原７４０－１", "緯度": 33.35779, "経度": 130.449997, "url": "https://www.iryou.teikyouseido.mhlw.go.jp/znk-web/juminkanja/S2430/initialize?prefCd=41&kikanCd=3415305140&kikanKbn=3", "url2": null, "内容": "佐久間歯科医院【3:歯科】佐賀県三養基郡みやき町簑原７４０－１" }, "geometry": { "type": "Point", "coordinates": [ 130.449997, 33.35779 ] } },
{ "type": "Feature", "properties": { "ID": 4133415305270, "正式名称": "古賀歯科医院", "機関区分": 3, "都道府県コード": 41, "市区町村コード": 345, "所在地": "佐賀県三養基郡上峰町大字堤１８８１", "緯度": 33.338542, "経度": 130.424416, "url": "https://www.iryou.teikyouseido.mhlw.go.jp/znk-web/juminkanja/S2430/initialize?prefCd=41&kikanCd=3415305270&kikanKbn=3", "url2": null, "内容": "古賀歯科医院【3:歯科】佐賀県三養基郡上峰町大字堤１８８１" }, "geometry": { "type": "Point", "coordinates": [ 130.424416, 33.338542 ] } },
{ "type": "Feature", "properties": { "ID": 4133415305300, "正式名称": "医療法人なりとみ歯科", "機関区分": 3, "都道府県コード": 41, "市区町村コード": 203, "所在地": "佐賀県鳥栖市神辺町３９７－１", "緯度": 33.393371, "経度": 130.508518, "url": "https://www.iryou.teikyouseido.mhlw.go.jp/znk-web/juminkanja/S2430/initialize?prefCd=41&kikanCd=3415305300&kikanKbn=3", "url2": null, "内容": "医療法人なりとみ歯科【3:歯科】佐賀県鳥栖市神辺町３９７－１" }, "geometry": { "type": "Point", "coordinates": [ 130.508518, 33.393371 ] } },
{ "type": "Feature", "properties": { "ID": 4133415305430, "正式名称": "酒井歯科医院", "機関区分": 3, "都道府県コード": 41, "市区町村コード": 203, "所在地": "佐賀県鳥栖市本町１丁目９２１－１番地", "緯度": 33.375234, "経度": 130.514074, "url": "https://www.iryou.teikyouseido.mhlw.go.jp/znk-web/juminkanja/S2430/initialize?prefCd=41&kikanCd=3415305430&kikanKbn=3", "url2": null, "内容": "酒井歯科医院【3:歯科】佐賀県鳥栖市本町１丁目９２１－１番地" }, "geometry": { "type": "Point", "coordinates": [ 130.514074, 33.375234 ] } },
{ "type": "Feature", "properties": { "ID": 4133415305720, "正式名称": "はっとり歯科医院", "機関区分": 3, "都道府県コード": 41, "市区町村コード": 345, "所在地": "佐賀県三養基郡上峰町坊所２８８－６", "緯度": 33.318461, "経度": 130.424556, "url": "https://www.iryou.teikyouseido.mhlw.go.jp/znk-web/juminkanja/S2430/initialize?prefCd=41&kikanCd=3415305720&kikanKbn=3", "url2": "http://www.hattori-dental.net/", "内容": "はっとり歯科医院【3:歯科】佐賀県三養基郡上峰町坊所２８８－６" }, "geometry": { "type": "Point", "coordinates": [ 130.424556, 33.318461 ] } },
{ "type": "Feature", "properties": { "ID": 4133415305850, "正式名称": "こばやし歯科医院", "機関区分": 3, "都道府県コード": 41, "市区町村コード": 203, "所在地": "佐賀県鳥栖市田代外町６５５－１", "緯度": 33.386566, "経度": 130.516101, "url": "https://www.iryou.teikyouseido.mhlw.go.jp/znk-web/juminkanja/S2430/initialize?prefCd=41&kikanCd=3415305850&kikanKbn=3", "url2": null, "内容": "こばやし歯科医院【3:歯科】佐賀県鳥栖市田代外町６５５－１" }, "geometry": { "type": "Point", "coordinates": [ 130.516101, 33.386566 ] } },
{ "type": "Feature", "properties": { "ID": 4133415306020, "正式名称": "医療法人くらのうえ市丸歯科", "機関区分": 3, "都道府県コード": 41, "市区町村コード": 203, "所在地": "佐賀県鳥栖市蔵上２－１８７", "緯度": 33.374734, "経度": 130.492326, "url": "https://www.iryou.teikyouseido.mhlw.go.jp/znk-web/juminkanja/S2430/initialize?prefCd=41&kikanCd=3415306020&kikanKbn=3", "url2": "http://www.10shika.jp/", "内容": "医療法人くらのうえ市丸歯科【3:歯科】佐賀県鳥栖市蔵上２－１８７" }, "geometry": { "type": "Point", "coordinates": [ 130.492326, 33.374734 ] } },
{ "type": "Feature", "properties": { "ID": 4133415306280, "正式名称": "あおやぎ歯科医院", "機関区分": 3, "都道府県コード": 41, "市区町村コード": 341, "所在地": "佐賀県三養基郡基山町宮浦４６９－１", "緯度": 33.425923, "経度": 130.524738, "url": "https://www.iryou.teikyouseido.mhlw.go.jp/znk-web/juminkanja/S2430/initialize?prefCd=41&kikanCd=3415306280&kikanKbn=3", "url2": null, "内容": "あおやぎ歯科医院【3:歯科】佐賀県三養基郡基山町宮浦４６９－１" }, "geometry": { "type": "Point", "coordinates": [ 130.524738, 33.425923 ] } },
{ "type": "Feature", "properties": { "ID": 4133415306310, "正式名称": "金子歯科", "機関区分": 3, "都道府県コード": 41, "市区町村コード": 345, "所在地": "佐賀県三養基郡上峰町坊所１５７０－１７６", "緯度": 33.331224, "経度": 130.418489, "url": "https://www.iryou.teikyouseido.mhlw.go.jp/znk-web/juminkanja/S2430/initialize?prefCd=41&kikanCd=3415306310&kikanKbn=3", "url2": null, "内容": "金子歯科【3:歯科】佐賀県三養基郡上峰町坊所１５７０－１７６" }, "geometry": { "type": "Point", "coordinates": [ 130.418489, 33.331224 ] } },
{ "type": "Feature", "properties": { "ID": 4133415306440, "正式名称": "佐賀新鳥栖デンタルクリニック", "機関区分": 3, "都道府県コード": 41, "市区町村コード": 203, "所在地": "佐賀県鳥栖市原古賀町８６１", "緯度": 33.374428, "経度": 130.483688, "url": "https://www.iryou.teikyouseido.mhlw.go.jp/znk-web/juminkanja/S2430/initialize?prefCd=41&kikanCd=3415306440&kikanKbn=3", "url2": null, "内容": "佐賀新鳥栖デンタルクリニック【3:歯科】佐賀県鳥栖市原古賀町８６１" }, "geometry": { "type": "Point", "coordinates": [ 130.483688, 33.374428 ] } },
{ "type": "Feature", "properties": { "ID": 4133415306570, "正式名称": "うえまつ歯科", "機関区分": 3, "都道府県コード": 41, "市区町村コード": 203, "所在地": "佐賀県鳥栖市弥生が丘２－９", "緯度": 33.402509, "経度": 130.527405, "url": "https://www.iryou.teikyouseido.mhlw.go.jp/znk-web/juminkanja/S2430/initialize?prefCd=41&kikanCd=3415306570&kikanKbn=3", "url2": null, "内容": "うえまつ歯科【3:歯科】佐賀県鳥栖市弥生が丘２－９" }, "geometry": { "type": "Point", "coordinates": [ 130.527405, 33.402509 ] } },
{ "type": "Feature", "properties": { "ID": 4133415306600, "正式名称": "医療法人皓徳会中川歯科医院", "機関区分": 3, "都道府県コード": 41, "市区町村コード": 203, "所在地": "佐賀県鳥栖市曽根崎町２３７７", "緯度": 33.377623, "経度": 130.523212, "url": "https://www.iryou.teikyouseido.mhlw.go.jp/znk-web/juminkanja/S2430/initialize?prefCd=41&kikanCd=3415306600&kikanKbn=3", "url2": "http://www.nakagawadental.jp/", "内容": "医療法人皓徳会中川歯科医院【3:歯科】佐賀県鳥栖市曽根崎町２３７７" }, "geometry": { "type": "Point", "coordinates": [ 130.523212, 33.377623 ] } },
{ "type": "Feature", "properties": { "ID": 4133415306730, "正式名称": "さとう歯科クリニック", "機関区分": 3, "都道府県コード": 41, "市区町村コード": 346, "所在地": "佐賀県三養基郡みやき町白壁２３３１－２", "緯度": 33.330266, "経度": 130.4788, "url": "https://www.iryou.teikyouseido.mhlw.go.jp/znk-web/juminkanja/S2430/initialize?prefCd=41&kikanCd=3415306730&kikanKbn=3", "url2": null, "内容": "さとう歯科クリニック【3:歯科】佐賀県三養基郡みやき町白壁２３３１－２" }, "geometry": { "type": "Point", "coordinates": [ 130.4788, 33.330266 ] } },
{ "type": "Feature", "properties": { "ID": 4133415306860, "正式名称": "なかた歯科医院", "機関区分": 3, "都道府県コード": 41, "市区町村コード": 203, "所在地": "佐賀県鳥栖市原古賀町７０７－１", "緯度": 33.371373, "経度": 130.487049, "url": "https://www.iryou.teikyouseido.mhlw.go.jp/znk-web/juminkanja/S2430/initialize?prefCd=41&kikanCd=3415306860&kikanKbn=3", "url2": null, "内容": "なかた歯科医院【3:歯科】佐賀県鳥栖市原古賀町７０７－１" }, "geometry": { "type": "Point", "coordinates": [ 130.487049, 33.371373 ] } },
{ "type": "Feature", "properties": { "ID": 4133415306990, "正式名称": "ふたば歯科医院", "機関区分": 3, "都道府県コード": 41, "市区町村コード": 203, "所在地": "佐賀県鳥栖市宿町１４２９－１", "緯度": 33.377095, "経度": 130.50138, "url": "https://www.iryou.teikyouseido.mhlw.go.jp/znk-web/juminkanja/S2430/initialize?prefCd=41&kikanCd=3415306990&kikanKbn=3", "url2": "http://www.futaba-dc.net/", "内容": "ふたば歯科医院【3:歯科】佐賀県鳥栖市宿町１４２９－１" }, "geometry": { "type": "Point", "coordinates": [ 130.50138, 33.377095 ] } },
{ "type": "Feature", "properties": { "ID": 4133415307030, "正式名称": "たにぐち歯科クリニック", "機関区分": 3, "都道府県コード": 41, "市区町村コード": 203, "所在地": "佐賀県鳥栖市宿町１１３１−２", "緯度": 33.37865, "経度": 130.505963, "url": "https://www.iryou.teikyouseido.mhlw.go.jp/znk-web/juminkanja/S2430/initialize?prefCd=41&kikanCd=3415307030&kikanKbn=3", "url2": "http://taniguchidental.sakura.ne.jp/", "内容": "たにぐち歯科クリニック【3:歯科】佐賀県鳥栖市宿町１１３１−２" }, "geometry": { "type": "Point", "coordinates": [ 130.505963, 33.37865 ] } },
{ "type": "Feature", "properties": { "ID": 4133415307160, "正式名称": "田中こども歯科医院", "機関区分": 3, "都道府県コード": 41, "市区町村コード": 203, "所在地": "佐賀県鳥栖市宿町１４７０−１３", "緯度": 33.3809, "経度": 130.501519, "url": "https://www.iryou.teikyouseido.mhlw.go.jp/znk-web/juminkanja/S2430/initialize?prefCd=41&kikanCd=3415307160&kikanKbn=3", "url2": "https://tanako-dental.com", "内容": "田中こども歯科医院【3:歯科】佐賀県鳥栖市宿町１４７０−１３" }, "geometry": { "type": "Point", "coordinates": [ 130.501519, 33.3809 ] } },
{ "type": "Feature", "properties": { "ID": 4133415307290, "正式名称": "隈本歯科医院", "機関区分": 3, "都道府県コード": 41, "市区町村コード": 203, "所在地": "佐賀県鳥栖市弥生が丘２－１２４", "緯度": 33.403037, "経度": 130.522017, "url": "https://www.iryou.teikyouseido.mhlw.go.jp/znk-web/juminkanja/S2430/initialize?prefCd=41&kikanCd=3415307290&kikanKbn=3", "url2": null, "内容": "隈本歯科医院【3:歯科】佐賀県鳥栖市弥生が丘２－１２４" }, "geometry": { "type": "Point", "coordinates": [ 130.522017, 33.403037 ] } },
{ "type": "Feature", "properties": { "ID": 4133415307320, "正式名称": "かねだ歯科クリニック", "機関区分": 3, "都道府県コード": 41, "市区町村コード": 346, "所在地": "佐賀県三養基郡みやき町市武１２９０－１", "緯度": 33.298352, "経度": 130.42975, "url": "https://www.iryou.teikyouseido.mhlw.go.jp/znk-web/juminkanja/S2430/initialize?prefCd=41&kikanCd=3415307320&kikanKbn=3", "url2": "https://kdc20050801.sakura.ne.jp/", "内容": "かねだ歯科クリニック【3:歯科】佐賀県三養基郡みやき町市武１２９０－１" }, "geometry": { "type": "Point", "coordinates": [ 130.42975, 33.298352 ] } },
{ "type": "Feature", "properties": { "ID": 4133415307450, "正式名称": "スマイル歯科医院", "機関区分": 3, "都道府県コード": 41, "市区町村コード": 346, "所在地": "佐賀県三養基郡みやき町原古賀７４５０−１１", "緯度": 33.336432, "経度": 130.443887, "url": "https://www.iryou.teikyouseido.mhlw.go.jp/znk-web/juminkanja/S2430/initialize?prefCd=41&kikanCd=3415307450&kikanKbn=3", "url2": null, "内容": "スマイル歯科医院【3:歯科】佐賀県三養基郡みやき町原古賀７４５０−１１" }, "geometry": { "type": "Point", "coordinates": [ 130.443887, 33.336432 ] } },
{ "type": "Feature", "properties": { "ID": 4133415307580, "正式名称": "しらみず歯科クリニック", "機関区分": 3, "都道府県コード": 41, "市区町村コード": 203, "所在地": "佐賀県鳥栖市本通町２－８８２－１", "緯度": 33.371822, "経度": 130.515191, "url": "https://www.iryou.teikyouseido.mhlw.go.jp/znk-web/juminkanja/S2430/initialize?prefCd=41&kikanCd=3415307580&kikanKbn=3", "url2": null, "内容": "しらみず歯科クリニック【3:歯科】佐賀県鳥栖市本通町２－８８２－１" }, "geometry": { "type": "Point", "coordinates": [ 130.515191, 33.371822 ] } },
{ "type": "Feature", "properties": { "ID": 4133415307900, "正式名称": "ｃｈｉｅ　ｄｅｎｔａｌ　ｃｌｉｎｉｃ", "機関区分": 3, "都道府県コード": 41, "市区町村コード": 203, "所在地": "佐賀県鳥栖市弥生が丘６丁目３２６", "緯度": 33.400481, "経度": 130.517017, "url": "https://www.iryou.teikyouseido.mhlw.go.jp/znk-web/juminkanja/S2430/initialize?prefCd=41&kikanCd=3415307900&kikanKbn=3", "url2": "http://www.c-dental.jp/", "内容": "ｃｈｉｅ　ｄｅｎｔａｌ　ｃｌｉｎｉｃ【3:歯科】佐賀県鳥栖市弥生が丘６丁目３２６" }, "geometry": { "type": "Point", "coordinates": [ 130.517017, 33.400481 ] } },
{ "type": "Feature", "properties": { "ID": 4133415308170, "正式名称": "ヒロデンタルクリニック", "機関区分": 3, "都道府県コード": 41, "市区町村コード": 203, "所在地": "佐賀県鳥栖市弥生が丘６丁目９８番", "緯度": 33.401343, "経度": 130.518383, "url": "https://www.iryou.teikyouseido.mhlw.go.jp/znk-web/juminkanja/S2430/initialize?prefCd=41&kikanCd=3415308170&kikanKbn=3", "url2": null, "内容": "ヒロデンタルクリニック【3:歯科】佐賀県鳥栖市弥生が丘６丁目９８番" }, "geometry": { "type": "Point", "coordinates": [ 130.518383, 33.401343 ] } },
{ "type": "Feature", "properties": { "ID": 4133415308330, "正式名称": "医療法人立山　立山歯科医院", "機関区分": 3, "都道府県コード": 41, "市区町村コード": 341, "所在地": "佐賀県三養基郡基山町小倉１６５７－１", "緯度": 33.429562, "経度": 130.533487, "url": "https://www.iryou.teikyouseido.mhlw.go.jp/znk-web/juminkanja/S2430/initialize?prefCd=41&kikanCd=3415308330&kikanKbn=3", "url2": "https://www.dentalfuture.com/", "内容": "医療法人立山　立山歯科医院【3:歯科】佐賀県三養基郡基山町小倉１６５７－１" }, "geometry": { "type": "Point", "coordinates": [ 130.533487, 33.429562 ] } },
{ "type": "Feature", "properties": { "ID": 4133415308590, "正式名称": "かねもと歯科クリニック", "機関区分": 3, "都道府県コード": 41, "市区町村コード": 345, "所在地": "佐賀県三養基郡上峰町坊所２２５６－４", "緯度": 33.326627, "経度": 130.425611, "url": "https://www.iryou.teikyouseido.mhlw.go.jp/znk-web/juminkanja/S2430/initialize?prefCd=41&kikanCd=3415308590&kikanKbn=3", "url2": "http://www.kanemoto-dc.com", "内容": "かねもと歯科クリニック【3:歯科】佐賀県三養基郡上峰町坊所２２５６－４" }, "geometry": { "type": "Point", "coordinates": [ 130.425611, 33.326627 ] } },
{ "type": "Feature", "properties": { "ID": 4133415308620, "正式名称": "みらい歯科・こども矯正歯科", "機関区分": 3, "都道府県コード": 41, "市区町村コード": 203, "所在地": "佐賀県鳥栖市弥生が丘２丁目１９４番地", "緯度": 33.409997, "経度": 130.52348, "url": "https://www.iryou.teikyouseido.mhlw.go.jp/znk-web/juminkanja/S2430/initialize?prefCd=41&kikanCd=3415308620&kikanKbn=3", "url2": null, "内容": "みらい歯科・こども矯正歯科【3:歯科】佐賀県鳥栖市弥生が丘２丁目１９４番地" }, "geometry": { "type": "Point", "coordinates": [ 130.52348, 33.409997 ] } },
{ "type": "Feature", "properties": { "ID": 4133415308880, "正式名称": "医療法人　とおやま歯科医院", "機関区分": 3, "都道府県コード": 41, "市区町村コード": 203, "所在地": "佐賀県鳥栖市本鳥栖町５３７−１", "緯度": 33.376776, "経度": 130.51783, "url": "https://www.iryou.teikyouseido.mhlw.go.jp/znk-web/juminkanja/S2430/initialize?prefCd=41&kikanCd=3415308880&kikanKbn=3", "url2": "http://tooyama-dental.com", "内容": "医療法人　とおやま歯科医院【3:歯科】佐賀県鳥栖市本鳥栖町５３７−１" }, "geometry": { "type": "Point", "coordinates": [ 130.51783, 33.376776 ] } },
{ "type": "Feature", "properties": { "ID": 4133415309180, "正式名称": "きむら歯科医院", "機関区分": 3, "都道府県コード": 41, "市区町村コード": 203, "所在地": "佐賀県鳥栖市幸津町１９４８－７", "緯度": 33.357986, "経度": 130.496048, "url": "https://www.iryou.teikyouseido.mhlw.go.jp/znk-web/juminkanja/S2430/initialize?prefCd=41&kikanCd=3415309180&kikanKbn=3", "url2": null, "内容": "きむら歯科医院【3:歯科】佐賀県鳥栖市幸津町１９４８－７" }, "geometry": { "type": "Point", "coordinates": [ 130.496048, 33.357986 ] } },
{ "type": "Feature", "properties": { "ID": 4133415309340, "正式名称": "近藤歯科医院", "機関区分": 3, "都道府県コード": 41, "市区町村コード": 203, "所在地": "佐賀県鳥栖市今泉町２３８９－４", "緯度": 33.361667, "経度": 130.516305, "url": "https://www.iryou.teikyouseido.mhlw.go.jp/znk-web/juminkanja/S2430/initialize?prefCd=41&kikanCd=3415309340&kikanKbn=3", "url2": "https://www.kondo-dentalclinic.jp/", "内容": "近藤歯科医院【3:歯科】佐賀県鳥栖市今泉町２３８９－４" }, "geometry": { "type": "Point", "coordinates": [ 130.516305, 33.361667 ] } },
{ "type": "Feature", "properties": { "ID": 4133415309500, "正式名称": "よねみつ歯科クリニック", "機関区分": 3, "都道府県コード": 41, "市区町村コード": 346, "所在地": "佐賀県三養基郡みやき町白壁２１７８", "緯度": 33.328233, "経度": 130.476036, "url": "https://www.iryou.teikyouseido.mhlw.go.jp/znk-web/juminkanja/S2430/initialize?prefCd=41&kikanCd=3415309500&kikanKbn=3", "url2": null, "内容": "よねみつ歯科クリニック【3:歯科】佐賀県三養基郡みやき町白壁２１７８" }, "geometry": { "type": "Point", "coordinates": [ 130.476036, 33.328233 ] } },
{ "type": "Feature", "properties": { "ID": 4133415309630, "正式名称": "しだ歯科クリニック", "機関区分": 3, "都道府県コード": 41, "市区町村コード": 346, "所在地": "佐賀県三養基郡みやき町江口２９４１－５", "緯度": 33.32021, "経度": 130.48036, "url": "https://www.iryou.teikyouseido.mhlw.go.jp/znk-web/juminkanja/S2430/initialize?prefCd=41&kikanCd=3415309630&kikanKbn=3", "url2": null, "内容": "しだ歯科クリニック【3:歯科】佐賀県三養基郡みやき町江口２９４１－５" }, "geometry": { "type": "Point", "coordinates": [ 130.48036, 33.32021 ] } },
{ "type": "Feature", "properties": { "ID": 4133415309760, "正式名称": "ふかや歯科医院", "機関区分": 3, "都道府県コード": 41, "市区町村コード": 203, "所在地": "佐賀県鳥栖市萱方町１３６－１", "緯度": 33.385113, "経度": 130.507977, "url": "https://www.iryou.teikyouseido.mhlw.go.jp/znk-web/juminkanja/S2430/initialize?prefCd=41&kikanCd=3415309760&kikanKbn=3", "url2": "fukaya-dental-clinic.com", "内容": "ふかや歯科医院【3:歯科】佐賀県鳥栖市萱方町１３６－１" }, "geometry": { "type": "Point", "coordinates": [ 130.507977, 33.385113 ] } },
{ "type": "Feature", "properties": { "ID": 4133415309890, "正式名称": "しもむら歯科医院", "機関区分": 3, "都道府県コード": 41, "市区町村コード": 203, "所在地": "佐賀県鳥栖市轟木町１２４３－７", "緯度": 33.36343, "経度": 130.504658, "url": "https://www.iryou.teikyouseido.mhlw.go.jp/znk-web/juminkanja/S2430/initialize?prefCd=41&kikanCd=3415309890&kikanKbn=3", "url2": null, "内容": "しもむら歯科医院【3:歯科】佐賀県鳥栖市轟木町１２４３－７" }, "geometry": { "type": "Point", "coordinates": [ 130.504658, 33.36343 ] } },
{ "type": "Feature", "properties": { "ID": 4133415310030, "正式名称": "みやべ歯科クリニック", "機関区分": 3, "都道府県コード": 41, "市区町村コード": 346, "所在地": "佐賀県三養基郡みやき町簑原１０３９番地１", "緯度": 33.347708, "経度": 130.444858, "url": "https://www.iryou.teikyouseido.mhlw.go.jp/znk-web/juminkanja/S2430/initialize?prefCd=41&kikanCd=3415310030&kikanKbn=3", "url2": null, "内容": "みやべ歯科クリニック【3:歯科】佐賀県三養基郡みやき町簑原１０３９番地１" }, "geometry": { "type": "Point", "coordinates": [ 130.444858, 33.347708 ] } },
{ "type": "Feature", "properties": { "ID": 4133415310160, "正式名称": "みやき藤井歯科クリニック", "機関区分": 3, "都道府県コード": 41, "市区町村コード": 346, "所在地": "佐賀県三養基郡みやき町原古賀１１５１－２", "緯度": 33.343498, "経度": 130.442136, "url": "https://www.iryou.teikyouseido.mhlw.go.jp/znk-web/juminkanja/S2430/initialize?prefCd=41&kikanCd=3415310160&kikanKbn=3", "url2": "https://www.miyaki-fujii-dc.com", "内容": "みやき藤井歯科クリニック【3:歯科】佐賀県三養基郡みやき町原古賀１１５１－２" }, "geometry": { "type": "Point", "coordinates": [ 130.442136, 33.343498 ] } },
{ "type": "Feature", "properties": { "ID": 4133415310320, "正式名称": "ゆきこ歯科", "機関区分": 3, "都道府県コード": 41, "市区町村コード": 341, "所在地": "佐賀県三養基郡基山町小倉６１８－１ニューマックスビル１Ｆ", "緯度": 33.41878, "経度": 130.535892, "url": "https://www.iryou.teikyouseido.mhlw.go.jp/znk-web/juminkanja/S2430/initialize?prefCd=41&kikanCd=3415310320&kikanKbn=3", "url2": "https://www.yukiko-dental.com/", "内容": "ゆきこ歯科【3:歯科】佐賀県三養基郡基山町小倉６１８－１ニューマックスビル１Ｆ" }, "geometry": { "type": "Point", "coordinates": [ 130.535892, 33.41878 ] } },
{ "type": "Feature", "properties": { "ID": 4133415310450, "正式名称": "ルアナファミリー歯科・矯正歯科", "機関区分": 3, "都道府県コード": 41, "市区町村コード": 341, "所在地": "佐賀県三養基郡基山町長野１０５１－９", "緯度": 33.411836, "経度": 130.529939, "url": "https://www.iryou.teikyouseido.mhlw.go.jp/znk-web/juminkanja/S2430/initialize?prefCd=41&kikanCd=3415310450&kikanKbn=3", "url2": null, "内容": "ルアナファミリー歯科・矯正歯科【3:歯科】佐賀県三養基郡基山町長野１０５１－９" }, "geometry": { "type": "Point", "coordinates": [ 130.529939, 33.411836 ] } },
{ "type": "Feature", "properties": { "ID": 4133415310580, "正式名称": "きたがわ歯科クリニック", "機関区分": 3, "都道府県コード": 41, "市区町村コード": 203, "所在地": "佐賀県鳥栖市村田町１４１－１", "緯度": 33.351894, "経度": 130.485807, "url": "https://www.iryou.teikyouseido.mhlw.go.jp/znk-web/juminkanja/S2430/initialize?prefCd=41&kikanCd=3415310580&kikanKbn=3", "url2": "https://www.kitagawa-shika.jp", "内容": "きたがわ歯科クリニック【3:歯科】佐賀県鳥栖市村田町１４１－１" }, "geometry": { "type": "Point", "coordinates": [ 130.485807, 33.351894 ] } },
{ "type": "Feature", "properties": { "ID": 4133415312470, "正式名称": "弥生が丘ソラーレ歯科医院", "機関区分": 3, "都道府県コード": 41, "市区町村コード": 203, "所在地": "佐賀県鳥栖市弥生が丘５－２１３", "緯度": 33.402283, "経度": 130.517149, "url": "https://www.iryou.teikyouseido.mhlw.go.jp/znk-web/juminkanja/S2430/initialize?prefCd=41&kikanCd=3415312470&kikanKbn=3", "url2": "http://solare-dental.com/", "内容": "弥生が丘ソラーレ歯科医院【3:歯科】佐賀県鳥栖市弥生が丘５－２１３" }, "geometry": { "type": "Point", "coordinates": [ 130.517149, 33.402283 ] } },
{ "type": "Feature", "properties": { "ID": 4133415401840, "正式名称": "林田歯科医院", "機関区分": 3, "都道府県コード": 41, "市区町村コード": 208, "所在地": "佐賀県小城市小城町松尾４０５４－１", "緯度": 33.294821, "経度": 130.196688, "url": "https://www.iryou.teikyouseido.mhlw.go.jp/znk-web/juminkanja/S2430/initialize?prefCd=41&kikanCd=3415401840&kikanKbn=3", "url2": null, "内容": "林田歯科医院【3:歯科】佐賀県小城市小城町松尾４０５４－１" }, "geometry": { "type": "Point", "coordinates": [ 130.196688, 33.294821 ] } },
{ "type": "Feature", "properties": { "ID": 4133415402270, "正式名称": "医療法人　樋口歯科医院", "機関区分": 3, "都道府県コード": 41, "市区町村コード": 208, "所在地": "佐賀県小城市牛津町牛津２４５－５", "緯度": 33.244098, "経度": 130.205144, "url": "https://www.iryou.teikyouseido.mhlw.go.jp/znk-web/juminkanja/S2430/initialize?prefCd=41&kikanCd=3415402270&kikanKbn=3", "url2": null, "内容": "医療法人　樋口歯科医院【3:歯科】佐賀県小城市牛津町牛津２４５－５" }, "geometry": { "type": "Point", "coordinates": [ 130.205144, 33.244098 ] } },
{ "type": "Feature", "properties": { "ID": 4133415402560, "正式名称": "副島歯科医院", "機関区分": 3, "都道府県コード": 41, "市区町村コード": 208, "所在地": "佐賀県小城市芦刈町三王崎３２６－８", "緯度": 33.223607, "経度": 130.209216, "url": "https://www.iryou.teikyouseido.mhlw.go.jp/znk-web/juminkanja/S2430/initialize?prefCd=41&kikanCd=3415402560&kikanKbn=3", "url2": null, "内容": "副島歯科医院【3:歯科】佐賀県小城市芦刈町三王崎３２６－８" }, "geometry": { "type": "Point", "coordinates": [ 130.209216, 33.223607 ] } },
{ "type": "Feature", "properties": { "ID": 4133415402980, "正式名称": "木下歯科クリニック", "機関区分": 3, "都道府県コード": 41, "市区町村コード": 204, "所在地": "佐賀県多久市東多久町別府４６３６－１", "緯度": 33.282988, "経度": 130.140138, "url": "https://www.iryou.teikyouseido.mhlw.go.jp/znk-web/juminkanja/S2430/initialize?prefCd=41&kikanCd=3415402980&kikanKbn=3", "url2": null, "内容": "木下歯科クリニック【3:歯科】佐賀県多久市東多久町別府４６３６－１" }, "geometry": { "type": "Point", "coordinates": [ 130.140138, 33.282988 ] } },
{ "type": "Feature", "properties": { "ID": 4133415403440, "正式名称": "松永歯科医院", "機関区分": 3, "都道府県コード": 41, "市区町村コード": 208, "所在地": "佐賀県小城市小城町２１９−８", "緯度": 33.298619, "経度": 130.206859, "url": "https://www.iryou.teikyouseido.mhlw.go.jp/znk-web/juminkanja/S2430/initialize?prefCd=41&kikanCd=3415403440&kikanKbn=3", "url2": "http://www.matsunagashika.com", "内容": "松永歯科医院【3:歯科】佐賀県小城市小城町２１９−８" }, "geometry": { "type": "Point", "coordinates": [ 130.206859, 33.298619 ] } },
{ "type": "Feature", "properties": { "ID": 4133415403570, "正式名称": "歯科まつながクリニック", "機関区分": 3, "都道府県コード": 41, "市区町村コード": 208, "所在地": "佐賀県小城市小城町下町５１０番地", "緯度": 33.294987, "経度": 130.200576, "url": "https://www.iryou.teikyouseido.mhlw.go.jp/znk-web/juminkanja/S2430/initialize?prefCd=41&kikanCd=3415403570&kikanKbn=3", "url2": null, "内容": "歯科まつながクリニック【3:歯科】佐賀県小城市小城町下町５１０番地" }, "geometry": { "type": "Point", "coordinates": [ 130.200576, 33.294987 ] } },
{ "type": "Feature", "properties": { "ID": 4133415404160, "正式名称": "行武歯科医院", "機関区分": 3, "都道府県コード": 41, "市区町村コード": 208, "所在地": "佐賀県小城市小城町晴氣１１－１", "緯度": 33.292043, "経度": 130.183856, "url": "https://www.iryou.teikyouseido.mhlw.go.jp/znk-web/juminkanja/S2430/initialize?prefCd=41&kikanCd=3415404160&kikanKbn=3", "url2": null, "内容": "行武歯科医院【3:歯科】佐賀県小城市小城町晴氣１１－１" }, "geometry": { "type": "Point", "coordinates": [ 130.183856, 33.292043 ] } },
{ "type": "Feature", "properties": { "ID": 4133415404290, "正式名称": "さくら歯科", "機関区分": 3, "都道府県コード": 41, "市区町村コード": 208, "所在地": "佐賀県小城市小城町２０９－６", "緯度": 33.288349, "経度": 130.194466, "url": "https://www.iryou.teikyouseido.mhlw.go.jp/znk-web/juminkanja/S2430/initialize?prefCd=41&kikanCd=3415404290&kikanKbn=3", "url2": null, "内容": "さくら歯科【3:歯科】佐賀県小城市小城町２０９－６" }, "geometry": { "type": "Point", "coordinates": [ 130.194466, 33.288349 ] } },
{ "type": "Feature", "properties": { "ID": 4133415404320, "正式名称": "医療法人　裕仁会　船津歯科クリニック", "機関区分": 3, "都道府県コード": 41, "市区町村コード": 208, "所在地": "佐賀県小城市小城町５８４－１", "緯度": 33.297904, "経度": 130.202937, "url": "https://www.iryou.teikyouseido.mhlw.go.jp/znk-web/juminkanja/S2430/initialize?prefCd=41&kikanCd=3415404320&kikanKbn=3", "url2": "http://funatsu-shika.com", "内容": "医療法人　裕仁会　船津歯科クリニック【3:歯科】佐賀県小城市小城町５８４－１" }, "geometry": { "type": "Point", "coordinates": [ 130.202937, 33.297904 ] } },
{ "type": "Feature", "properties": { "ID": 4133415500730, "正式名称": "田村歯科医院", "機関区分": 3, "都道府県コード": 41, "市区町村コード": 202, "所在地": "佐賀県唐津市南城内２番２３号", "緯度": 33.449632, "経度": 129.969788, "url": "https://www.iryou.teikyouseido.mhlw.go.jp/znk-web/juminkanja/S2430/initialize?prefCd=41&kikanCd=3415500730&kikanKbn=3", "url2": null, "内容": "田村歯科医院【3:歯科】佐賀県唐津市南城内２番２３号" }, "geometry": { "type": "Point", "coordinates": [ 129.969788, 33.449632 ] } },
{ "type": "Feature", "properties": { "ID": 4133415503050, "正式名称": "医療法人　すえなが歯科医院", "機関区分": 3, "都道府県コード": 41, "市区町村コード": 202, "所在地": "佐賀県唐津市浜玉町浜崎１０４４", "緯度": 33.447439, "経度": 130.035171, "url": "https://www.iryou.teikyouseido.mhlw.go.jp/znk-web/juminkanja/S2430/initialize?prefCd=41&kikanCd=3415503050&kikanKbn=3", "url2": null, "内容": "医療法人　すえなが歯科医院【3:歯科】佐賀県唐津市浜玉町浜崎１０４４" }, "geometry": { "type": "Point", "coordinates": [ 130.035171, 33.447439 ] } },
{ "type": "Feature", "properties": { "ID": 4133415503760, "正式名称": "医療法人たしろ会　田代歯科医院", "機関区分": 3, "都道府県コード": 41, "市区町村コード": 202, "所在地": "佐賀県唐津市相知町相知１９４０", "緯度": 33.351422, "経度": 130.010786, "url": "https://www.iryou.teikyouseido.mhlw.go.jp/znk-web/juminkanja/S2430/initialize?prefCd=41&kikanCd=3415503760&kikanKbn=3", "url2": "https://www.tashiro-dc2217.com/", "内容": "医療法人たしろ会　田代歯科医院【3:歯科】佐賀県唐津市相知町相知１９４０" }, "geometry": { "type": "Point", "coordinates": [ 130.010786, 33.351422 ] } },
{ "type": "Feature", "properties": { "ID": 4133415504770, "正式名称": "松浦歯科医院", "機関区分": 3, "都道府県コード": 41, "市区町村コード": 202, "所在地": "佐賀県唐津市鎮西町岩野２２３－１", "緯度": 33.494848, "経度": 129.92093, "url": "https://www.iryou.teikyouseido.mhlw.go.jp/znk-web/juminkanja/S2430/initialize?prefCd=41&kikanCd=3415504770&kikanKbn=3", "url2": null, "内容": "松浦歯科医院【3:歯科】佐賀県唐津市鎮西町岩野２２３－１" }, "geometry": { "type": "Point", "coordinates": [ 129.92093, 33.494848 ] } },
{ "type": "Feature", "properties": { "ID": 4133415505490, "正式名称": "田村弘典歯科医院", "機関区分": 3, "都道府県コード": 41, "市区町村コード": 202, "所在地": "佐賀県唐津市海岸通７１８２－２３", "緯度": 33.46763, "経度": 129.956788, "url": "https://www.iryou.teikyouseido.mhlw.go.jp/znk-web/juminkanja/S2430/initialize?prefCd=41&kikanCd=3415505490&kikanKbn=3", "url2": null, "内容": "田村弘典歯科医院【3:歯科】佐賀県唐津市海岸通７１８２－２３" }, "geometry": { "type": "Point", "coordinates": [ 129.956788, 33.46763 ] } },
{ "type": "Feature", "properties": { "ID": 4133415505520, "正式名称": "井上歯科医院", "機関区分": 3, "都道府県コード": 41, "市区町村コード": 202, "所在地": "佐賀県唐津市町田１－７－２８", "緯度": 33.443605, "経度": 129.966094, "url": "https://www.iryou.teikyouseido.mhlw.go.jp/znk-web/juminkanja/S2430/initialize?prefCd=41&kikanCd=3415505520&kikanKbn=3", "url2": "https://www.inouedental-karatsu.com", "内容": "井上歯科医院【3:歯科】佐賀県唐津市町田１－７－２８" }, "geometry": { "type": "Point", "coordinates": [ 129.966094, 33.443605 ] } },
{ "type": "Feature", "properties": { "ID": 4133415505780, "正式名称": "医療法人ますらお　松尾歯科医院", "機関区分": 3, "都道府県コード": 41, "市区町村コード": 202, "所在地": "佐賀県唐津市浜玉町浜崎１８８５", "緯度": 33.447217, "経度": 130.031949, "url": "https://www.iryou.teikyouseido.mhlw.go.jp/znk-web/juminkanja/S2430/initialize?prefCd=41&kikanCd=3415505780&kikanKbn=3", "url2": "https://www.matsuosika.com", "内容": "医療法人ますらお　松尾歯科医院【3:歯科】佐賀県唐津市浜玉町浜崎１８８５" }, "geometry": { "type": "Point", "coordinates": [ 130.031949, 33.447217 ] } },
{ "type": "Feature", "properties": { "ID": 4133415506400, "正式名称": "医療法人社団恵真会下平歯科医院厳木診療所", "機関区分": 3, "都道府県コード": 41, "市区町村コード": 202, "所在地": "佐賀県唐津市厳木町牧瀬７６番地１", "緯度": 33.315019, "経度": 130.070786, "url": "https://www.iryou.teikyouseido.mhlw.go.jp/znk-web/juminkanja/S2430/initialize?prefCd=41&kikanCd=3415506400&kikanKbn=3", "url2": "http://www.shimohira-dc.jp/", "内容": "医療法人社団恵真会下平歯科医院厳木診療所【3:歯科】佐賀県唐津市厳木町牧瀬７６番地１" }, "geometry": { "type": "Point", "coordinates": [ 130.070786, 33.315019 ] } },
{ "type": "Feature", "properties": { "ID": 4133415506530, "正式名称": "宮原歯科クリニック", "機関区分": 3, "都道府県コード": 41, "市区町村コード": 202, "所在地": "佐賀県唐津市山本１４９７", "緯度": 33.398138, "経度": 129.977899, "url": "https://www.iryou.teikyouseido.mhlw.go.jp/znk-web/juminkanja/S2430/initialize?prefCd=41&kikanCd=3415506530&kikanKbn=3", "url2": null, "内容": "宮原歯科クリニック【3:歯科】佐賀県唐津市山本１４９７" }, "geometry": { "type": "Point", "coordinates": [ 129.977899, 33.398138 ] } },
{ "type": "Feature", "properties": { "ID": 4133415506790, "正式名称": "医療法人古市歯科医院", "機関区分": 3, "都道府県コード": 41, "市区町村コード": 202, "所在地": "佐賀県唐津市鏡１０６３‐３", "緯度": 33.425691, "経度": 130.005341, "url": "https://www.iryou.teikyouseido.mhlw.go.jp/znk-web/juminkanja/S2430/initialize?prefCd=41&kikanCd=3415506790&kikanKbn=3", "url2": null, "内容": "医療法人古市歯科医院【3:歯科】佐賀県唐津市鏡１０６３‐３" }, "geometry": { "type": "Point", "coordinates": [ 130.005341, 33.425691 ] } },
{ "type": "Feature", "properties": { "ID": 4133415506820, "正式名称": "井上歯科医院", "機関区分": 3, "都道府県コード": 41, "市区町村コード": 202, "所在地": "佐賀県唐津市浜玉町浜崎８３７－１", "緯度": 33.44805, "経度": 130.041392, "url": "https://www.iryou.teikyouseido.mhlw.go.jp/znk-web/juminkanja/S2430/initialize?prefCd=41&kikanCd=3415506820&kikanKbn=3", "url2": null, "内容": "井上歯科医院【3:歯科】佐賀県唐津市浜玉町浜崎８３７－１" }, "geometry": { "type": "Point", "coordinates": [ 130.041392, 33.44805 ] } },
{ "type": "Feature", "properties": { "ID": 4133415507090, "正式名称": "牟田悟朗歯科医院", "機関区分": 3, "都道府県コード": 41, "市区町村コード": 202, "所在地": "佐賀県唐津市大名小路１３７－１", "緯度": 33.451049, "経度": 129.972482, "url": "https://www.iryou.teikyouseido.mhlw.go.jp/znk-web/juminkanja/S2430/initialize?prefCd=41&kikanCd=3415507090&kikanKbn=3", "url2": null, "内容": "牟田悟朗歯科医院【3:歯科】佐賀県唐津市大名小路１３７－１" }, "geometry": { "type": "Point", "coordinates": [ 129.972482, 33.451049 ] } },
{ "type": "Feature", "properties": { "ID": 4133415507380, "正式名称": "みのはら歯科医院", "機関区分": 3, "都道府県コード": 41, "市区町村コード": 202, "所在地": "佐賀県唐津市鏡１８２２ー２", "緯度": 33.430329, "経度": 130.008757, "url": "https://www.iryou.teikyouseido.mhlw.go.jp/znk-web/juminkanja/S2430/initialize?prefCd=41&kikanCd=3415507380&kikanKbn=3", "url2": null, "内容": "みのはら歯科医院【3:歯科】佐賀県唐津市鏡１８２２ー２" }, "geometry": { "type": "Point", "coordinates": [ 130.008757, 33.430329 ] } },
{ "type": "Feature", "properties": { "ID": 4133415507540, "正式名称": "医療法人勝三会　ハセガワ歯科", "機関区分": 3, "都道府県コード": 41, "市区町村コード": 202, "所在地": "佐賀県唐津市鎮西町塩鶴２５３５－１", "緯度": 33.522456, "経度": 129.907458, "url": "https://www.iryou.teikyouseido.mhlw.go.jp/znk-web/juminkanja/S2430/initialize?prefCd=41&kikanCd=3415507540&kikanKbn=3", "url2": null, "内容": "医療法人勝三会　ハセガワ歯科【3:歯科】佐賀県唐津市鎮西町塩鶴２５３５－１" }, "geometry": { "type": "Point", "coordinates": [ 129.907458, 33.522456 ] } },
{ "type": "Feature", "properties": { "ID": 4133415507670, "正式名称": "医療法人和光会リキタケ歯科医院", "機関区分": 3, "都道府県コード": 41, "市区町村コード": 202, "所在地": "佐賀県唐津市町田１－２３５１－１", "緯度": 33.440855, "経度": 129.965177, "url": "https://www.iryou.teikyouseido.mhlw.go.jp/znk-web/juminkanja/S2430/initialize?prefCd=41&kikanCd=3415507670&kikanKbn=3", "url2": null, "内容": "医療法人和光会リキタケ歯科医院【3:歯科】佐賀県唐津市町田１－２３５１－１" }, "geometry": { "type": "Point", "coordinates": [ 129.965177, 33.440855 ] } },
{ "type": "Feature", "properties": { "ID": 4133415507830, "正式名称": "医療法人咬福会　松尾しげき歯科医院", "機関区分": 3, "都道府県コード": 41, "市区町村コード": 202, "所在地": "佐賀県唐津市町田５－９－３４", "緯度": 33.441911, "経度": 129.971899, "url": "https://www.iryou.teikyouseido.mhlw.go.jp/znk-web/juminkanja/S2430/initialize?prefCd=41&kikanCd=3415507830&kikanKbn=3", "url2": null, "内容": "医療法人咬福会　松尾しげき歯科医院【3:歯科】佐賀県唐津市町田５－９－３４" }, "geometry": { "type": "Point", "coordinates": [ 129.971899, 33.441911 ] } },
{ "type": "Feature", "properties": { "ID": 4133415507960, "正式名称": "古市ひとひろ歯科", "機関区分": 3, "都道府県コード": 41, "市区町村コード": 202, "所在地": "佐賀県唐津市山本２１３７－１９", "緯度": 33.394277, "経度": 129.974761, "url": "https://www.iryou.teikyouseido.mhlw.go.jp/znk-web/juminkanja/S2430/initialize?prefCd=41&kikanCd=3415507960&kikanKbn=3", "url2": "http://nttbj.itp.ne.jp/0955780492/index.html", "内容": "古市ひとひろ歯科【3:歯科】佐賀県唐津市山本２１３７－１９" }, "geometry": { "type": "Point", "coordinates": [ 129.974761, 33.394277 ] } },
{ "type": "Feature", "properties": { "ID": 4133415508000, "正式名称": "神吉歯科医院", "機関区分": 3, "都道府県コード": 41, "市区町村コード": 202, "所在地": "佐賀県唐津市北波多徳須恵１１６０，１１６１－１", "緯度": 33.373168, "経度": 129.948264, "url": "https://www.iryou.teikyouseido.mhlw.go.jp/znk-web/juminkanja/S2430/initialize?prefCd=41&kikanCd=3415508000&kikanKbn=3", "url2": null, "内容": "神吉歯科医院【3:歯科】佐賀県唐津市北波多徳須恵１１６０，１１６１－１" }, "geometry": { "type": "Point", "coordinates": [ 129.948264, 33.373168 ] } },
{ "type": "Feature", "properties": { "ID": 4133415508260, "正式名称": "市原歯科医院", "機関区分": 3, "都道府県コード": 41, "市区町村コード": 202, "所在地": "佐賀県唐津市二タ子２丁目４番７４号", "緯度": 33.460297, "経度": 129.955316, "url": "https://www.iryou.teikyouseido.mhlw.go.jp/znk-web/juminkanja/S2430/initialize?prefCd=41&kikanCd=3415508260&kikanKbn=3", "url2": null, "内容": "市原歯科医院【3:歯科】佐賀県唐津市二タ子２丁目４番７４号" }, "geometry": { "type": "Point", "coordinates": [ 129.955316, 33.460297 ] } },
{ "type": "Feature", "properties": { "ID": 4133415508550, "正式名称": "未来歯科医院", "機関区分": 3, "都道府県コード": 41, "市区町村コード": 202, "所在地": "佐賀県唐津市刀町１５１５－１", "緯度": 33.448854, "経度": 129.969038, "url": "https://www.iryou.teikyouseido.mhlw.go.jp/znk-web/juminkanja/S2430/initialize?prefCd=41&kikanCd=3415508550&kikanKbn=3", "url2": "https://www.mirai-dc3.com/", "内容": "未来歯科医院【3:歯科】佐賀県唐津市刀町１５１５－１" }, "geometry": { "type": "Point", "coordinates": [ 129.969038, 33.448854 ] } },
{ "type": "Feature", "properties": { "ID": 4133415508970, "正式名称": "医療法人安稜会はらだ歯科医院", "機関区分": 3, "都道府県コード": 41, "市区町村コード": 202, "所在地": "佐賀県唐津市北波多徳須恵１２７８－１", "緯度": 33.371363, "経度": 129.94632, "url": "https://www.iryou.teikyouseido.mhlw.go.jp/znk-web/juminkanja/S2430/initialize?prefCd=41&kikanCd=3415508970&kikanKbn=3", "url2": null, "内容": "医療法人安稜会はらだ歯科医院【3:歯科】佐賀県唐津市北波多徳須恵１２７８－１" }, "geometry": { "type": "Point", "coordinates": [ 129.94632, 33.371363 ] } },
{ "type": "Feature", "properties": { "ID": 4133415509300, "正式名称": "落合歯科医院", "機関区分": 3, "都道府県コード": 41, "市区町村コード": 202, "所在地": "佐賀県唐津市浜玉町大江５２－１", "緯度": 33.44855, "経度": 130.046836, "url": "https://www.iryou.teikyouseido.mhlw.go.jp/znk-web/juminkanja/S2430/initialize?prefCd=41&kikanCd=3415509300&kikanKbn=3", "url2": null, "内容": "落合歯科医院【3:歯科】佐賀県唐津市浜玉町大江５２－１" }, "geometry": { "type": "Point", "coordinates": [ 130.046836, 33.44855 ] } },
{ "type": "Feature", "properties": { "ID": 4133415509690, "正式名称": "小宮矯正歯科", "機関区分": 3, "都道府県コード": 41, "市区町村コード": 202, "所在地": "佐賀県唐津市大石町２４７５－２", "緯度": 33.446605, "経度": 129.974454, "url": "https://www.iryou.teikyouseido.mhlw.go.jp/znk-web/juminkanja/S2430/initialize?prefCd=41&kikanCd=3415509690&kikanKbn=3", "url2": "https://www.people-i.ne.jp/~commy/guide.html", "内容": "小宮矯正歯科【3:歯科】佐賀県唐津市大石町２４７５－２" }, "geometry": { "type": "Point", "coordinates": [ 129.974454, 33.446605 ] } },
{ "type": "Feature", "properties": { "ID": 4133415509850, "正式名称": "今村歯科医院", "機関区分": 3, "都道府県コード": 41, "市区町村コード": 202, "所在地": "佐賀県唐津市神田２２０２番地２０", "緯度": 33.443605, "経度": 129.959678, "url": "https://www.iryou.teikyouseido.mhlw.go.jp/znk-web/juminkanja/S2430/initialize?prefCd=41&kikanCd=3415509850&kikanKbn=3", "url2": null, "内容": "今村歯科医院【3:歯科】佐賀県唐津市神田２２０２番地２０" }, "geometry": { "type": "Point", "coordinates": [ 129.959678, 33.443605 ] } },
{ "type": "Feature", "properties": { "ID": 4133415509980, "正式名称": "医療法人社団恵真会下平歯科医院玄海診療所", "機関区分": 3, "都道府県コード": 41, "市区町村コード": 387, "所在地": "佐賀県東松浦郡玄海町平尾８８４－１", "緯度": 33.49593, "経度": 129.845687, "url": "https://www.iryou.teikyouseido.mhlw.go.jp/znk-web/juminkanja/S2430/initialize?prefCd=41&kikanCd=3415509980&kikanKbn=3", "url2": "http://bit.ss10.jp/shimohira/", "内容": "医療法人社団恵真会下平歯科医院玄海診療所【3:歯科】佐賀県東松浦郡玄海町平尾８８４－１" }, "geometry": { "type": "Point", "coordinates": [ 129.845687, 33.49593 ] } },
{ "type": "Feature", "properties": { "ID": 4133415510090, "正式名称": "井本歯科医院", "機関区分": 3, "都道府県コード": 41, "市区町村コード": 202, "所在地": "佐賀県唐津市厳木町厳木８６１－５", "緯度": 33.32287, "経度": 130.060922, "url": "https://www.iryou.teikyouseido.mhlw.go.jp/znk-web/juminkanja/S2430/initialize?prefCd=41&kikanCd=3415510090&kikanKbn=3", "url2": null, "内容": "井本歯科医院【3:歯科】佐賀県唐津市厳木町厳木８６１－５" }, "geometry": { "type": "Point", "coordinates": [ 130.060922, 33.32287 ] } },
{ "type": "Feature", "properties": { "ID": 4133415510700, "正式名称": "なかみぞ歯科クリニック", "機関区分": 3, "都道府県コード": 41, "市区町村コード": 202, "所在地": "佐賀県唐津市和多田大土井１０－２２", "緯度": 33.429246, "経度": 129.986703, "url": "https://www.iryou.teikyouseido.mhlw.go.jp/znk-web/juminkanja/S2430/initialize?prefCd=41&kikanCd=3415510700&kikanKbn=3", "url2": null, "内容": "なかみぞ歯科クリニック【3:歯科】佐賀県唐津市和多田大土井１０－２２" }, "geometry": { "type": "Point", "coordinates": [ 129.986703, 33.429246 ] } },
{ "type": "Feature", "properties": { "ID": 4133415510830, "正式名称": "ハシムラ歯科医院", "機関区分": 3, "都道府県コード": 41, "市区町村コード": 202, "所在地": "佐賀県唐津市和多田用１２－２９", "緯度": 33.436912, "経度": 129.981592, "url": "https://www.iryou.teikyouseido.mhlw.go.jp/znk-web/juminkanja/S2430/initialize?prefCd=41&kikanCd=3415510830&kikanKbn=3", "url2": null, "内容": "ハシムラ歯科医院【3:歯科】佐賀県唐津市和多田用１２－２９" }, "geometry": { "type": "Point", "coordinates": [ 129.981592, 33.436912 ] } },
{ "type": "Feature", "properties": { "ID": 4133415510960, "正式名称": "あい歯科医院", "機関区分": 3, "都道府県コード": 41, "市区町村コード": 202, "所在地": "佐賀県唐津市大名小路６－２　アドバンスビル２階", "緯度": 33.449243, "経度": 129.97151, "url": "https://www.iryou.teikyouseido.mhlw.go.jp/znk-web/juminkanja/S2430/initialize?prefCd=41&kikanCd=3415510960&kikanKbn=3", "url2": null, "内容": "あい歯科医院【3:歯科】佐賀県唐津市大名小路６－２　アドバンスビル２階" }, "geometry": { "type": "Point", "coordinates": [ 129.97151, 33.449243 ] } },
{ "type": "Feature", "properties": { "ID": 4133415511000, "正式名称": "医療法人　松栄会　まつうら歯科", "機関区分": 3, "都道府県コード": 41, "市区町村コード": 202, "所在地": "佐賀県唐津市町田１８０９", "緯度": 33.438133, "経度": 129.969288, "url": "https://www.iryou.teikyouseido.mhlw.go.jp/znk-web/juminkanja/S2430/initialize?prefCd=41&kikanCd=3415511000&kikanKbn=3", "url2": "https://www.matsuura-shika.net/", "内容": "医療法人　松栄会　まつうら歯科【3:歯科】佐賀県唐津市町田１８０９" }, "geometry": { "type": "Point", "coordinates": [ 129.969288, 33.438133 ] } },
{ "type": "Feature", "properties": { "ID": 4133415511130, "正式名称": "青木歯科医院", "機関区分": 3, "都道府県コード": 41, "市区町村コード": 202, "所在地": "佐賀県唐津市新興町１８０番", "緯度": 33.445716, "経度": 129.968593, "url": "https://www.iryou.teikyouseido.mhlw.go.jp/znk-web/juminkanja/S2430/initialize?prefCd=41&kikanCd=3415511130&kikanKbn=3", "url2": "http://www.dc-aoki.com/", "内容": "青木歯科医院【3:歯科】佐賀県唐津市新興町１８０番" }, "geometry": { "type": "Point", "coordinates": [ 129.968593, 33.445716 ] } },
{ "type": "Feature", "properties": { "ID": 4133415511260, "正式名称": "くが歯科", "機関区分": 3, "都道府県コード": 41, "市区町村コード": 202, "所在地": "佐賀県唐津市相知町町切８９８－１", "緯度": 33.326397, "経度": 130.039201, "url": "https://www.iryou.teikyouseido.mhlw.go.jp/znk-web/juminkanja/S2430/initialize?prefCd=41&kikanCd=3415511260&kikanKbn=3", "url2": null, "内容": "くが歯科【3:歯科】佐賀県唐津市相知町町切８９８－１" }, "geometry": { "type": "Point", "coordinates": [ 130.039201, 33.326397 ] } },
{ "type": "Feature", "properties": { "ID": 4133415511390, "正式名称": "医療法人いわまつ　岩松歯科医院", "機関区分": 3, "都道府県コード": 41, "市区町村コード": 202, "所在地": "佐賀県唐津市刀町１５０１－４", "緯度": 33.449021, "経度": 129.967066, "url": "https://www.iryou.teikyouseido.mhlw.go.jp/znk-web/juminkanja/S2430/initialize?prefCd=41&kikanCd=3415511390&kikanKbn=3", "url2": "http://iwamatsu-dc.jp/", "内容": "医療法人いわまつ　岩松歯科医院【3:歯科】佐賀県唐津市刀町１５０１－４" }, "geometry": { "type": "Point", "coordinates": [ 129.967066, 33.449021 ] } },
{ "type": "Feature", "properties": { "ID": 4133415511420, "正式名称": "おおた歯科医院", "機関区分": 3, "都道府県コード": 41, "市区町村コード": 202, "所在地": "佐賀県唐津市東唐津４丁目７番１７号", "緯度": 33.448994, "経度": 129.988341, "url": "https://www.iryou.teikyouseido.mhlw.go.jp/znk-web/juminkanja/S2430/initialize?prefCd=41&kikanCd=3415511420&kikanKbn=3", "url2": "http://www.odc-k.com/", "内容": "おおた歯科医院【3:歯科】佐賀県唐津市東唐津４丁目７番１７号" }, "geometry": { "type": "Point", "coordinates": [ 129.988341, 33.448994 ] } },
{ "type": "Feature", "properties": { "ID": 4133415511550, "正式名称": "くりたやすゆき歯科医院", "機関区分": 3, "都道府県コード": 41, "市区町村コード": 202, "所在地": "佐賀県唐津市相知町中山３７５０－６", "緯度": 33.352616, "経度": 130.015703, "url": "https://www.iryou.teikyouseido.mhlw.go.jp/znk-web/juminkanja/S2430/initialize?prefCd=41&kikanCd=3415511550&kikanKbn=3", "url2": null, "内容": "くりたやすゆき歯科医院【3:歯科】佐賀県唐津市相知町中山３７５０－６" }, "geometry": { "type": "Point", "coordinates": [ 130.015703, 33.352616 ] } },
{ "type": "Feature", "properties": { "ID": 4133415511840, "正式名称": "わたなべ歯科クリニック", "機関区分": 3, "都道府県コード": 41, "市区町村コード": 202, "所在地": "佐賀県唐津市二タ子１丁目９－３９", "緯度": 33.459186, "経度": 129.956983, "url": "https://www.iryou.teikyouseido.mhlw.go.jp/znk-web/juminkanja/S2430/initialize?prefCd=41&kikanCd=3415511840&kikanKbn=3", "url2": "http://www.watanabe-dc-karatsu.com", "内容": "わたなべ歯科クリニック【3:歯科】佐賀県唐津市二タ子１丁目９－３９" }, "geometry": { "type": "Point", "coordinates": [ 129.956983, 33.459186 ] } },
{ "type": "Feature", "properties": { "ID": 4133415512140, "正式名称": "椿原松尾歯科", "機関区分": 3, "都道府県コード": 41, "市区町村コード": 202, "所在地": "佐賀県唐津市鏡２８４０", "緯度": 33.438134, "経度": 130.01209, "url": "https://www.iryou.teikyouseido.mhlw.go.jp/znk-web/juminkanja/S2430/initialize?prefCd=41&kikanCd=3415512140&kikanKbn=3", "url2": "https://matsuosikacom.wixsite.com/tsubaki", "内容": "椿原松尾歯科【3:歯科】佐賀県唐津市鏡２８４０" }, "geometry": { "type": "Point", "coordinates": [ 130.01209, 33.438134 ] } },
{ "type": "Feature", "properties": { "ID": 4133415512270, "正式名称": "松尾歯科医院", "機関区分": 3, "都道府県コード": 41, "市区町村コード": 202, "所在地": "佐賀県唐津市熊原町３１４５", "緯度": 33.447938, "経度": 129.963788, "url": "https://www.iryou.teikyouseido.mhlw.go.jp/znk-web/juminkanja/S2430/initialize?prefCd=41&kikanCd=3415512270&kikanKbn=3", "url2": null, "内容": "松尾歯科医院【3:歯科】佐賀県唐津市熊原町３１４５" }, "geometry": { "type": "Point", "coordinates": [ 129.963788, 33.447938 ] } },
{ "type": "Feature", "properties": { "ID": 4133415512300, "正式名称": "あおぞら歯科医院", "機関区分": 3, "都道府県コード": 41, "市区町村コード": 202, "所在地": "佐賀県唐津市肥前町入野１９６１－１１", "緯度": 33.441575, "経度": 129.816468, "url": "https://www.iryou.teikyouseido.mhlw.go.jp/znk-web/juminkanja/S2430/initialize?prefCd=41&kikanCd=3415512300&kikanKbn=3", "url2": "http://aozora-dentalclinic.net/", "内容": "あおぞら歯科医院【3:歯科】佐賀県唐津市肥前町入野１９６１－１１" }, "geometry": { "type": "Point", "coordinates": [ 129.816468, 33.441575 ] } },
{ "type": "Feature", "properties": { "ID": 4133415512430, "正式名称": "たなべ歯科医院", "機関区分": 3, "都道府県コード": 41, "市区町村コード": 202, "所在地": "佐賀県唐津市坊主町４３６番地１", "緯度": 33.451048, "経度": 129.965094, "url": "https://www.iryou.teikyouseido.mhlw.go.jp/znk-web/juminkanja/S2430/initialize?prefCd=41&kikanCd=3415512430&kikanKbn=3", "url2": null, "内容": "たなべ歯科医院【3:歯科】佐賀県唐津市坊主町４３６番地１" }, "geometry": { "type": "Point", "coordinates": [ 129.965094, 33.451048 ] } },
{ "type": "Feature", "properties": { "ID": 4133415512720, "正式名称": "上野デンタルクリニック", "機関区分": 3, "都道府県コード": 41, "市区町村コード": 202, "所在地": "佐賀県唐津市山本１５５４－５", "緯度": 33.395091, "経度": 129.979023, "url": "https://www.iryou.teikyouseido.mhlw.go.jp/znk-web/juminkanja/S2430/initialize?prefCd=41&kikanCd=3415512720&kikanKbn=3", "url2": null, "内容": "上野デンタルクリニック【3:歯科】佐賀県唐津市山本１５５４－５" }, "geometry": { "type": "Point", "coordinates": [ 129.979023, 33.395091 ] } },
{ "type": "Feature", "properties": { "ID": 4133415513020, "正式名称": "みさき歯科医院", "機関区分": 3, "都道府県コード": 41, "市区町村コード": 202, "所在地": "佐賀県唐津市和多田南先石７－１１", "緯度": 33.432507, "経度": 129.984784, "url": "https://www.iryou.teikyouseido.mhlw.go.jp/znk-web/juminkanja/S2430/initialize?prefCd=41&kikanCd=3415513020&kikanKbn=3", "url2": null, "内容": "みさき歯科医院【3:歯科】佐賀県唐津市和多田南先石７－１１" }, "geometry": { "type": "Point", "coordinates": [ 129.984784, 33.432507 ] } },
{ "type": "Feature", "properties": { "ID": 4133415513280, "正式名称": "中島歯科", "機関区分": 3, "都道府県コード": 41, "市区町村コード": 202, "所在地": "佐賀県唐津市鏡新開３５番", "緯度": 33.437463, "経度": 129.997279, "url": "https://www.iryou.teikyouseido.mhlw.go.jp/znk-web/juminkanja/S2430/initialize?prefCd=41&kikanCd=3415513280&kikanKbn=3", "url2": "https://www.byoin-machi.net/area6/saga/00202148.html", "内容": "中島歯科【3:歯科】佐賀県唐津市鏡新開３５番" }, "geometry": { "type": "Point", "coordinates": [ 129.997279, 33.437463 ] } },
{ "type": "Feature", "properties": { "ID": 4133415513310, "正式名称": "よぶこ歯科医院", "機関区分": 3, "都道府県コード": 41, "市区町村コード": 202, "所在地": "佐賀県唐津市呼子町呼子４１８２－２", "緯度": 33.536813, "経度": 129.893456, "url": "https://www.iryou.teikyouseido.mhlw.go.jp/znk-web/juminkanja/S2430/initialize?prefCd=41&kikanCd=3415513310&kikanKbn=3", "url2": null, "内容": "よぶこ歯科医院【3:歯科】佐賀県唐津市呼子町呼子４１８２－２" }, "geometry": { "type": "Point", "coordinates": [ 129.893456, 33.536813 ] } },
{ "type": "Feature", "properties": { "ID": 4133415513440, "正式名称": "古舘歯科医院", "機関区分": 3, "都道府県コード": 41, "市区町村コード": 202, "所在地": "佐賀県唐津市神田２６５１－１", "緯度": 33.445716, "経度": 129.959927, "url": "https://www.iryou.teikyouseido.mhlw.go.jp/znk-web/juminkanja/S2430/initialize?prefCd=41&kikanCd=3415513440&kikanKbn=3", "url2": null, "内容": "古舘歯科医院【3:歯科】佐賀県唐津市神田２６５１－１" }, "geometry": { "type": "Point", "coordinates": [ 129.959927, 33.445716 ] } },
{ "type": "Feature", "properties": { "ID": 4133415513570, "正式名称": "ひかり歯科医院", "機関区分": 3, "都道府県コード": 41, "市区町村コード": 202, "所在地": "佐賀県唐津市相知町相知１６４１－２", "緯度": 33.349912, "経度": 130.013506, "url": "https://www.iryou.teikyouseido.mhlw.go.jp/znk-web/juminkanja/S2430/initialize?prefCd=41&kikanCd=3415513570&kikanKbn=3", "url2": null, "内容": "ひかり歯科医院【3:歯科】佐賀県唐津市相知町相知１６４１－２" }, "geometry": { "type": "Point", "coordinates": [ 130.013506, 33.349912 ] } },
{ "type": "Feature", "properties": { "ID": 4133415513600, "正式名称": "北城内ひろこ歯科クリニック", "機関区分": 3, "都道府県コード": 41, "市区町村コード": 202, "所在地": "佐賀県唐津市北城内６－５２", "緯度": 33.452944, "経度": 129.971889, "url": "https://www.iryou.teikyouseido.mhlw.go.jp/znk-web/juminkanja/S2430/initialize?prefCd=41&kikanCd=3415513600&kikanKbn=3", "url2": "http://www.hiroko-dental-karatsu.com", "内容": "北城内ひろこ歯科クリニック【3:歯科】佐賀県唐津市北城内６－５２" }, "geometry": { "type": "Point", "coordinates": [ 129.971889, 33.452944 ] } },
{ "type": "Feature", "properties": { "ID": 4133415513730, "正式名称": "医療法人　中谷歯科", "機関区分": 3, "都道府県コード": 41, "市区町村コード": 202, "所在地": "佐賀県唐津市肥前町田野２－１", "緯度": 33.43252, "経度": 129.829662, "url": "https://www.iryou.teikyouseido.mhlw.go.jp/znk-web/juminkanja/S2430/initialize?prefCd=41&kikanCd=3415513730&kikanKbn=3", "url2": null, "内容": "医療法人　中谷歯科【3:歯科】佐賀県唐津市肥前町田野２－１" }, "geometry": { "type": "Point", "coordinates": [ 129.829662, 33.43252 ] } },
{ "type": "Feature", "properties": { "ID": 4133415513860, "正式名称": "さくら歯科医院", "機関区分": 3, "都道府県コード": 41, "市区町村コード": 202, "所在地": "佐賀県唐津市呼子町殿ノ浦９８４－１４", "緯度": 33.536481, "経度": 129.891111, "url": "https://www.iryou.teikyouseido.mhlw.go.jp/znk-web/juminkanja/S2430/initialize?prefCd=41&kikanCd=3415513860&kikanKbn=3", "url2": null, "内容": "さくら歯科医院【3:歯科】佐賀県唐津市呼子町殿ノ浦９８４－１４" }, "geometry": { "type": "Point", "coordinates": [ 129.891111, 33.536481 ] } },
{ "type": "Feature", "properties": { "ID": 4133415513990, "正式名称": "よつば歯科クリニック", "機関区分": 3, "都道府県コード": 41, "市区町村コード": 202, "所在地": "佐賀県唐津市神田１９４０番地３", "緯度": 33.441047, "経度": 129.959845, "url": "https://www.iryou.teikyouseido.mhlw.go.jp/znk-web/juminkanja/S2430/initialize?prefCd=41&kikanCd=3415513990&kikanKbn=3", "url2": "https://yotsubadc.jp", "内容": "よつば歯科クリニック【3:歯科】佐賀県唐津市神田１９４０番地３" }, "geometry": { "type": "Point", "coordinates": [ 129.959845, 33.441047 ] } },
{ "type": "Feature", "properties": { "ID": 4133415514160, "正式名称": "大浦歯科医院", "機関区分": 3, "都道府県コード": 41, "市区町村コード": 202, "所在地": "佐賀県唐津市山本４８４－３", "緯度": 33.393256, "経度": 129.979999, "url": "https://www.iryou.teikyouseido.mhlw.go.jp/znk-web/juminkanja/S2430/initialize?prefCd=41&kikanCd=3415514160&kikanKbn=3", "url2": null, "内容": "大浦歯科医院【3:歯科】佐賀県唐津市山本４８４－３" }, "geometry": { "type": "Point", "coordinates": [ 129.979999, 33.393256 ] } },
{ "type": "Feature", "properties": { "ID": 4133415514290, "正式名称": "唐津休日歯科診療所", "機関区分": 3, "都道府県コード": 41, "市区町村コード": 202, "所在地": "佐賀県唐津市二タ子１丁目５－１", "緯度": 33.456218, "経度": 129.957168, "url": "https://www.iryou.teikyouseido.mhlw.go.jp/znk-web/juminkanja/S2430/initialize?prefCd=41&kikanCd=3415514290&kikanKbn=3", "url2": null, "内容": "唐津休日歯科診療所【3:歯科】佐賀県唐津市二タ子１丁目５－１" }, "geometry": { "type": "Point", "coordinates": [ 129.957168, 33.456218 ] } },
{ "type": "Feature", "properties": { "ID": 4133415514450, "正式名称": "みなと歯科医院", "機関区分": 3, "都道府県コード": 41, "市区町村コード": 202, "所在地": "佐賀県唐津市湊町３３１－２", "緯度": 33.525476, "経度": 129.951771, "url": "https://www.iryou.teikyouseido.mhlw.go.jp/znk-web/juminkanja/S2430/initialize?prefCd=41&kikanCd=3415514450&kikanKbn=3", "url2": null, "内容": "みなと歯科医院【3:歯科】佐賀県唐津市湊町３３１－２" }, "geometry": { "type": "Point", "coordinates": [ 129.951771, 33.525476 ] } },
{ "type": "Feature", "properties": { "ID": 4133415514740, "正式名称": "こが歯科医院", "機関区分": 3, "都道府県コード": 41, "市区町村コード": 202, "所在地": "佐賀県唐津市菜畑３２３５ー１", "緯度": 33.448188, "経度": 129.959348, "url": "https://www.iryou.teikyouseido.mhlw.go.jp/znk-web/juminkanja/S2430/initialize?prefCd=41&kikanCd=3415514740&kikanKbn=3", "url2": "https://www.koga-dc.net/", "内容": "こが歯科医院【3:歯科】佐賀県唐津市菜畑３２３５ー１" }, "geometry": { "type": "Point", "coordinates": [ 129.959348, 33.448188 ] } },
{ "type": "Feature", "properties": { "ID": 4133415514870, "正式名称": "Ｂｅａｕｔｙ　Ｄｅｎｔａｌ　Ｃｌｉｎｉｃ　ＫｉＫｉ", "機関区分": 3, "都道府県コード": 41, "市区町村コード": 202, "所在地": "佐賀県唐津市町田１丁目２３５１番地１　２階", "緯度": 33.440821, "経度": 129.965259, "url": "https://www.iryou.teikyouseido.mhlw.go.jp/znk-web/juminkanja/S2430/initialize?prefCd=41&kikanCd=3415514870&kikanKbn=3", "url2": null, "内容": "Ｂｅａｕｔｙ　Ｄｅｎｔａｌ　Ｃｌｉｎｉｃ　ＫｉＫｉ【3:歯科】佐賀県唐津市町田１丁目２３５１番地１　２階" }, "geometry": { "type": "Point", "coordinates": [ 129.965259, 33.440821 ] } },
{ "type": "Feature", "properties": { "ID": 4133415600180, "正式名称": "麻生歯科医院", "機関区分": 3, "都道府県コード": 41, "市区町村コード": 205, "所在地": "佐賀県伊万里市新天町６３３", "緯度": 33.272873, "経度": 129.876328, "url": "https://www.iryou.teikyouseido.mhlw.go.jp/znk-web/juminkanja/S2430/initialize?prefCd=41&kikanCd=3415600180&kikanKbn=3", "url2": null, "内容": "麻生歯科医院【3:歯科】佐賀県伊万里市新天町６３３" }, "geometry": { "type": "Point", "coordinates": [ 129.876328, 33.272873 ] } },
{ "type": "Feature", "properties": { "ID": 4133415600890, "正式名称": "森田歯科医院", "機関区分": 3, "都道府県コード": 41, "市区町村コード": 205, "所在地": "佐賀県伊万里市山代町立岩２６７１", "緯度": 33.336392, "経度": 129.790362, "url": "https://www.iryou.teikyouseido.mhlw.go.jp/znk-web/juminkanja/S2430/initialize?prefCd=41&kikanCd=3415600890&kikanKbn=3", "url2": null, "内容": "森田歯科医院【3:歯科】佐賀県伊万里市山代町立岩２６７１" }, "geometry": { "type": "Point", "coordinates": [ 129.790362, 33.336392 ] } },
{ "type": "Feature", "properties": { "ID": 4133415601640, "正式名称": "上田歯科医院", "機関区分": 3, "都道府県コード": 41, "市区町村コード": 205, "所在地": "佐賀県伊万里市大坪町丙２１１０", "緯度": 33.273429, "経度": 129.887772, "url": "https://www.iryou.teikyouseido.mhlw.go.jp/znk-web/juminkanja/S2430/initialize?prefCd=41&kikanCd=3415601640&kikanKbn=3", "url2": null, "内容": "上田歯科医院【3:歯科】佐賀県伊万里市大坪町丙２１１０" }, "geometry": { "type": "Point", "coordinates": [ 129.887772, 33.273429 ] } },
{ "type": "Feature", "properties": { "ID": 4133415602490, "正式名称": "坪井歯科医院", "機関区分": 3, "都道府県コード": 41, "市区町村コード": 401, "所在地": "佐賀県西松浦郡有田町稗古場２丁目８－２３", "緯度": 33.187105, "経度": 129.893412, "url": "https://www.iryou.teikyouseido.mhlw.go.jp/znk-web/juminkanja/S2430/initialize?prefCd=41&kikanCd=3415602490&kikanKbn=3", "url2": null, "内容": "坪井歯科医院【3:歯科】佐賀県西松浦郡有田町稗古場２丁目８－２３" }, "geometry": { "type": "Point", "coordinates": [ 129.893412, 33.187105 ] } },
{ "type": "Feature", "properties": { "ID": 4133415602520, "正式名称": "むかい歯科医院", "機関区分": 3, "都道府県コード": 41, "市区町村コード": 401, "所在地": "佐賀県西松浦郡有田町１４９８－４", "緯度": 33.183661, "経度": 129.880941, "url": "https://www.iryou.teikyouseido.mhlw.go.jp/znk-web/juminkanja/S2430/initialize?prefCd=41&kikanCd=3415602520&kikanKbn=3", "url2": null, "内容": "むかい歯科医院【3:歯科】佐賀県西松浦郡有田町１４９８－４" }, "geometry": { "type": "Point", "coordinates": [ 129.880941, 33.183661 ] } },
{ "type": "Feature", "properties": { "ID": 4133415603110, "正式名称": "家永歯科医院", "機関区分": 3, "都道府県コード": 41, "市区町村コード": 401, "所在地": "佐賀県西松浦郡有田町南原甲６３０－３", "緯度": 33.190632, "経度": 129.866109, "url": "https://www.iryou.teikyouseido.mhlw.go.jp/znk-web/juminkanja/S2430/initialize?prefCd=41&kikanCd=3415603110&kikanKbn=3", "url2": null, "内容": "家永歯科医院【3:歯科】佐賀県西松浦郡有田町南原甲６３０－３" }, "geometry": { "type": "Point", "coordinates": [ 129.866109, 33.190632 ] } },
{ "type": "Feature", "properties": { "ID": 4133415603820, "正式名称": "岩崎歯科医院", "機関区分": 3, "都道府県コード": 41, "市区町村コード": 205, "所在地": "佐賀県伊万里市伊万里町乙１６９−１", "緯度": 33.275845, "経度": 129.875912, "url": "https://www.iryou.teikyouseido.mhlw.go.jp/znk-web/juminkanja/S2430/initialize?prefCd=41&kikanCd=3415603820&kikanKbn=3", "url2": null, "内容": "岩崎歯科医院【3:歯科】佐賀県伊万里市伊万里町乙１６９−１" }, "geometry": { "type": "Point", "coordinates": [ 129.875912, 33.275845 ] } },
{ "type": "Feature", "properties": { "ID": 4133415603950, "正式名称": "高瀬歯科医院", "機関区分": 3, "都道府県コード": 41, "市区町村コード": 205, "所在地": "佐賀県伊万里市大川町大川野３１７３", "緯度": 33.305649, "経度": 129.977291, "url": "https://www.iryou.teikyouseido.mhlw.go.jp/znk-web/juminkanja/S2430/initialize?prefCd=41&kikanCd=3415603950&kikanKbn=3", "url2": null, "内容": "高瀬歯科医院【3:歯科】佐賀県伊万里市大川町大川野３１７３" }, "geometry": { "type": "Point", "coordinates": [ 129.977291, 33.305649 ] } },
{ "type": "Feature", "properties": { "ID": 4133415604120, "正式名称": "医療法人下田歯科医院", "機関区分": 3, "都道府県コード": 41, "市区町村コード": 205, "所在地": "佐賀県伊万里市山代町楠久津１７７－７８", "緯度": 33.294314, "経度": 129.828332, "url": "https://www.iryou.teikyouseido.mhlw.go.jp/znk-web/juminkanja/S2430/initialize?prefCd=41&kikanCd=3415604120&kikanKbn=3", "url2": null, "内容": "医療法人下田歯科医院【3:歯科】佐賀県伊万里市山代町楠久津１７７－７８" }, "geometry": { "type": "Point", "coordinates": [ 129.828332, 33.294314 ] } },
{ "type": "Feature", "properties": { "ID": 4133415604380, "正式名称": "松尾歯科・こども歯科クリニック", "機関区分": 3, "都道府県コード": 41, "市区町村コード": 205, "所在地": "佐賀県伊万里市南波多町井手野２７６４－１", "緯度": 33.312397, "経度": 129.928267, "url": "https://www.iryou.teikyouseido.mhlw.go.jp/znk-web/juminkanja/S2430/initialize?prefCd=41&kikanCd=3415604380&kikanKbn=3", "url2": null, "内容": "松尾歯科・こども歯科クリニック【3:歯科】佐賀県伊万里市南波多町井手野２７６４－１" }, "geometry": { "type": "Point", "coordinates": [ 129.928267, 33.312397 ] } },
{ "type": "Feature", "properties": { "ID": 4133415604830, "正式名称": "医療法人愛歯会　國谷歯科医院", "機関区分": 3, "都道府県コード": 41, "市区町村コード": 205, "所在地": "佐賀県伊万里市東山代町里１０２８－７", "緯度": 33.284537, "経度": 129.835221, "url": "https://www.iryou.teikyouseido.mhlw.go.jp/znk-web/juminkanja/S2430/initialize?prefCd=41&kikanCd=3415604830&kikanKbn=3", "url2": "http://kunitani.esaga.jp", "内容": "医療法人愛歯会　國谷歯科医院【3:歯科】佐賀県伊万里市東山代町里１０２８－７" }, "geometry": { "type": "Point", "coordinates": [ 129.835221, 33.284537 ] } },
{ "type": "Feature", "properties": { "ID": 4133415604960, "正式名称": "堀江歯科診療所", "機関区分": 3, "都道府県コード": 41, "市区町村コード": 205, "所在地": "佐賀県伊万里市脇田町１６９－４", "緯度": 33.279483, "経度": 129.882189, "url": "https://www.iryou.teikyouseido.mhlw.go.jp/znk-web/juminkanja/S2430/initialize?prefCd=41&kikanCd=3415604960&kikanKbn=3", "url2": "https://www.horie-ohc.com/", "内容": "堀江歯科診療所【3:歯科】佐賀県伊万里市脇田町１６９－４" }, "geometry": { "type": "Point", "coordinates": [ 129.882189, 33.279483 ] } },
{ "type": "Feature", "properties": { "ID": 4133415605000, "正式名称": "よしなが歯科医院", "機関区分": 3, "都道府県コード": 41, "市区町村コード": 205, "所在地": "佐賀県伊万里市二里町大里乙３－３３", "緯度": 33.266818, "経度": 129.857414, "url": "https://www.iryou.teikyouseido.mhlw.go.jp/znk-web/juminkanja/S2430/initialize?prefCd=41&kikanCd=3415605000&kikanKbn=3", "url2": null, "内容": "よしなが歯科医院【3:歯科】佐賀県伊万里市二里町大里乙３－３３" }, "geometry": { "type": "Point", "coordinates": [ 129.857414, 33.266818 ] } },
{ "type": "Feature", "properties": { "ID": 4133415605420, "正式名称": "医療法人　高瀬歯科医院", "機関区分": 3, "都道府県コード": 41, "市区町村コード": 205, "所在地": "佐賀県伊万里市二里町八谷搦７６－１", "緯度": 33.275567, "経度": 129.873468, "url": "https://www.iryou.teikyouseido.mhlw.go.jp/znk-web/juminkanja/S2430/initialize?prefCd=41&kikanCd=3415605420&kikanKbn=3", "url2": null, "内容": "医療法人　高瀬歯科医院【3:歯科】佐賀県伊万里市二里町八谷搦７６－１" }, "geometry": { "type": "Point", "coordinates": [ 129.873468, 33.275567 ] } },
{ "type": "Feature", "properties": { "ID": 4133415605550, "正式名称": "岡本歯科医院", "機関区分": 3, "都道府県コード": 41, "市区町村コード": 205, "所在地": "佐賀県伊万里市二里町八谷搦１１２３－２", "緯度": 33.277789, "経度": 129.869884, "url": "https://www.iryou.teikyouseido.mhlw.go.jp/znk-web/juminkanja/S2430/initialize?prefCd=41&kikanCd=3415605550&kikanKbn=3", "url2": null, "内容": "岡本歯科医院【3:歯科】佐賀県伊万里市二里町八谷搦１１２３－２" }, "geometry": { "type": "Point", "coordinates": [ 129.869884, 33.277789 ] } },
{ "type": "Feature", "properties": { "ID": 4133415605680, "正式名称": "医療法人いけだ歯科医院", "機関区分": 3, "都道府県コード": 41, "市区町村コード": 205, "所在地": "佐賀県伊万里市伊万里町甲１９－１", "緯度": 33.274262, "経度": 129.882189, "url": "https://www.iryou.teikyouseido.mhlw.go.jp/znk-web/juminkanja/S2430/initialize?prefCd=41&kikanCd=3415605680&kikanKbn=3", "url2": null, "内容": "医療法人いけだ歯科医院【3:歯科】佐賀県伊万里市伊万里町甲１９－１" }, "geometry": { "type": "Point", "coordinates": [ 129.882189, 33.274262 ] } },
{ "type": "Feature", "properties": { "ID": 4133415605970, "正式名称": "医療法人　修健会　山口歯科医院", "機関区分": 3, "都道府県コード": 41, "市区町村コード": 401, "所在地": "佐賀県西松浦郡有田町下本４４７", "緯度": 33.193881, "経度": 129.850611, "url": "https://www.iryou.teikyouseido.mhlw.go.jp/znk-web/juminkanja/S2430/initialize?prefCd=41&kikanCd=3415605970&kikanKbn=3", "url2": null, "内容": "医療法人　修健会　山口歯科医院【3:歯科】佐賀県西松浦郡有田町下本４４７" }, "geometry": { "type": "Point", "coordinates": [ 129.850611, 33.193881 ] } },
{ "type": "Feature", "properties": { "ID": 4133415606270, "正式名称": "ふくだ歯科医院", "機関区分": 3, "都道府県コード": 41, "市区町村コード": 205, "所在地": "佐賀県伊万里市二里町八谷搦１００３", "緯度": 33.274595, "経度": 129.869135, "url": "https://www.iryou.teikyouseido.mhlw.go.jp/znk-web/juminkanja/S2430/initialize?prefCd=41&kikanCd=3415606270&kikanKbn=3", "url2": null, "内容": "ふくだ歯科医院【3:歯科】佐賀県伊万里市二里町八谷搦１００３" }, "geometry": { "type": "Point", "coordinates": [ 129.869135, 33.274595 ] } },
{ "type": "Feature", "properties": { "ID": 4133415606720, "正式名称": "ますもと　けんこう歯科", "機関区分": 3, "都道府県コード": 41, "市区町村コード": 205, "所在地": "佐賀県伊万里市松島町９１２－１", "緯度": 33.281733, "経度": 129.8773, "url": "https://www.iryou.teikyouseido.mhlw.go.jp/znk-web/juminkanja/S2430/initialize?prefCd=41&kikanCd=3415606720&kikanKbn=3", "url2": null, "内容": "ますもと　けんこう歯科【3:歯科】佐賀県伊万里市松島町９１２－１" }, "geometry": { "type": "Point", "coordinates": [ 129.8773, 33.281733 ] } },
{ "type": "Feature", "properties": { "ID": 4133415606980, "正式名称": "ヨシロー歯科クリニック", "機関区分": 3, "都道府県コード": 41, "市区町村コード": 205, "所在地": "佐賀県伊万里市立花町３４２７番地３", "緯度": 33.272123, "経度": 129.879495, "url": "https://www.iryou.teikyouseido.mhlw.go.jp/znk-web/juminkanja/S2430/initialize?prefCd=41&kikanCd=3415606980&kikanKbn=3", "url2": "https://yoshiro-dc.com", "内容": "ヨシロー歯科クリニック【3:歯科】佐賀県伊万里市立花町３４２７番地３" }, "geometry": { "type": "Point", "coordinates": [ 129.879495, 33.272123 ] } },
{ "type": "Feature", "properties": { "ID": 4133415607020, "正式名称": "桑原歯科光のクリニック", "機関区分": 3, "都道府県コード": 41, "市区町村コード": 205, "所在地": "佐賀県伊万里市立花町３９９７－４", "緯度": 33.273567, "経度": 129.883772, "url": "https://www.iryou.teikyouseido.mhlw.go.jp/znk-web/juminkanja/S2430/initialize?prefCd=41&kikanCd=3415607020&kikanKbn=3", "url2": null, "内容": "桑原歯科光のクリニック【3:歯科】佐賀県伊万里市立花町３９９７－４" }, "geometry": { "type": "Point", "coordinates": [ 129.883772, 33.273567 ] } },
{ "type": "Feature", "properties": { "ID": 4133415607440, "正式名称": "医療法人やまの歯科医院", "機関区分": 3, "都道府県コード": 41, "市区町村コード": 401, "所在地": "佐賀県西松浦郡有田町立部乙２２４９－１", "緯度": 33.214212, "経度": 129.849638, "url": "https://www.iryou.teikyouseido.mhlw.go.jp/znk-web/juminkanja/S2430/initialize?prefCd=41&kikanCd=3415607440&kikanKbn=3", "url2": null, "内容": "医療法人やまの歯科医院【3:歯科】佐賀県西松浦郡有田町立部乙２２４９－１" }, "geometry": { "type": "Point", "coordinates": [ 129.849638, 33.214212 ] } },
{ "type": "Feature", "properties": { "ID": 4133415607570, "正式名称": "おき歯科医院", "機関区分": 3, "都道府県コード": 41, "市区町村コード": 202, "所在地": "佐賀県唐津市原１３９２－５", "緯度": 33.415749, "経度": 129.994652, "url": "https://www.iryou.teikyouseido.mhlw.go.jp/znk-web/juminkanja/S2430/initialize?prefCd=41&kikanCd=3415607570&kikanKbn=3", "url2": "http://karatsuokishika.vivian.jp/", "内容": "おき歯科医院【3:歯科】佐賀県唐津市原１３９２－５" }, "geometry": { "type": "Point", "coordinates": [ 129.994652, 33.415749 ] } },
{ "type": "Feature", "properties": { "ID": 4133415607600, "正式名称": "医療法人　松栄会　まつうら歯科", "機関区分": 3, "都道府県コード": 41, "市区町村コード": 205, "所在地": "佐賀県伊万里市新天町４６４番地５", "緯度": 33.269902, "経度": 129.871648, "url": "https://www.iryou.teikyouseido.mhlw.go.jp/znk-web/juminkanja/S2430/initialize?prefCd=41&kikanCd=3415607600&kikanKbn=3", "url2": "https://www.matsuura-shika.net/", "内容": "医療法人　松栄会　まつうら歯科【3:歯科】佐賀県伊万里市新天町４６４番地５" }, "geometry": { "type": "Point", "coordinates": [ 129.871648, 33.269902 ] } },
{ "type": "Feature", "properties": { "ID": 4133415607730, "正式名称": "井川歯科", "機関区分": 3, "都道府県コード": 41, "市区町村コード": 205, "所在地": "佐賀県伊万里市新天町４８８－１８", "緯度": 33.271218, "経度": 129.875964, "url": "https://www.iryou.teikyouseido.mhlw.go.jp/znk-web/juminkanja/S2430/initialize?prefCd=41&kikanCd=3415607730&kikanKbn=3", "url2": "http://www.igawa-dc.com", "内容": "井川歯科【3:歯科】佐賀県伊万里市新天町４８８－１８" }, "geometry": { "type": "Point", "coordinates": [ 129.875964, 33.271218 ] } },
{ "type": "Feature", "properties": { "ID": 4133415607860, "正式名称": "藤井歯科医院", "機関区分": 3, "都道府県コード": 41, "市区町村コード": 202, "所在地": "佐賀県唐津市西唐津２丁目６２２８－８", "緯度": 33.465172, "経度": 129.955301, "url": "https://www.iryou.teikyouseido.mhlw.go.jp/znk-web/juminkanja/S2430/initialize?prefCd=41&kikanCd=3415607860&kikanKbn=3", "url2": null, "内容": "藤井歯科医院【3:歯科】佐賀県唐津市西唐津２丁目６２２８－８" }, "geometry": { "type": "Point", "coordinates": [ 129.955301, 33.465172 ] } },
{ "type": "Feature", "properties": { "ID": 4133415607990, "正式名称": "医療法人尚美会　いまり歯科診療所", "機関区分": 3, "都道府県コード": 41, "市区町村コード": 205, "所在地": "佐賀県伊万里市立花町２４０４－１２７", "緯度": 33.262186, "経度": 129.890242, "url": "https://www.iryou.teikyouseido.mhlw.go.jp/znk-web/juminkanja/S2430/initialize?prefCd=41&kikanCd=3415607990&kikanKbn=3", "url2": null, "内容": "医療法人尚美会　いまり歯科診療所【3:歯科】佐賀県伊万里市立花町２４０４－１２７" }, "geometry": { "type": "Point", "coordinates": [ 129.890242, 33.262186 ] } },
{ "type": "Feature", "properties": { "ID": 4133415608160, "正式名称": "小野デンタルオフィス", "機関区分": 3, "都道府県コード": 41, "市区町村コード": 205, "所在地": "佐賀県伊万里市東山代町長浜２１２９番地１", "緯度": 33.279258, "経度": 129.844839, "url": "https://www.iryou.teikyouseido.mhlw.go.jp/znk-web/juminkanja/S2430/initialize?prefCd=41&kikanCd=3415608160&kikanKbn=3", "url2": "https://www.ono-do.com/", "内容": "小野デンタルオフィス【3:歯科】佐賀県伊万里市東山代町長浜２１２９番地１" }, "geometry": { "type": "Point", "coordinates": [ 129.844839, 33.279258 ] } },
{ "type": "Feature", "properties": { "ID": 4133415700110, "正式名称": "医療法人庄野歯科医院", "機関区分": 3, "都道府県コード": 41, "市区町村コード": 206, "所在地": "佐賀県武雄市武雄町富岡７８２０", "緯度": 33.193742, "経度": 130.016368, "url": "https://www.iryou.teikyouseido.mhlw.go.jp/znk-web/juminkanja/S2430/initialize?prefCd=41&kikanCd=3415700110&kikanKbn=3", "url2": null, "内容": "医療法人庄野歯科医院【3:歯科】佐賀県武雄市武雄町富岡７８２０" }, "geometry": { "type": "Point", "coordinates": [ 130.016368, 33.193742 ] } },
{ "type": "Feature", "properties": { "ID": 4133415700400, "正式名称": "マスダ小児矯正歯科医院", "機関区分": 3, "都道府県コード": 41, "市区町村コード": 206, "所在地": "佐賀県武雄市武雄町富岡８３００", "緯度": 33.19594, "経度": 130.019623, "url": "https://www.iryou.teikyouseido.mhlw.go.jp/znk-web/juminkanja/S2430/initialize?prefCd=41&kikanCd=3415700400&kikanKbn=3", "url2": null, "内容": "マスダ小児矯正歯科医院【3:歯科】佐賀県武雄市武雄町富岡８３００" }, "geometry": { "type": "Point", "coordinates": [ 130.019623, 33.19594 ] } },
{ "type": "Feature", "properties": { "ID": 4133415701250, "正式名称": "諸隈歯科医院", "機関区分": 3, "都道府県コード": 41, "市区町村コード": 206, "所在地": "佐賀県武雄市武雄町武雄７２５６", "緯度": 33.194273, "経度": 130.015346, "url": "https://www.iryou.teikyouseido.mhlw.go.jp/znk-web/juminkanja/S2430/initialize?prefCd=41&kikanCd=3415701250&kikanKbn=3", "url2": null, "内容": "諸隈歯科医院【3:歯科】佐賀県武雄市武雄町武雄７２５６" }, "geometry": { "type": "Point", "coordinates": [ 130.015346, 33.194273 ] } },
{ "type": "Feature", "properties": { "ID": 4133415701960, "正式名称": "岸川歯科医院", "機関区分": 3, "都道府県コード": 41, "市区町村コード": 423, "所在地": "佐賀県杵島郡大町町福母４０３－１", "緯度": 33.214106, "経度": 130.10617, "url": "https://www.iryou.teikyouseido.mhlw.go.jp/znk-web/juminkanja/S2430/initialize?prefCd=41&kikanCd=3415701960&kikanKbn=3", "url2": null, "内容": "岸川歯科医院【3:歯科】佐賀県杵島郡大町町福母４０３－１" }, "geometry": { "type": "Point", "coordinates": [ 130.10617, 33.214106 ] } },
{ "type": "Feature", "properties": { "ID": 4133415702550, "正式名称": "小柳歯科医院", "機関区分": 3, "都道府県コード": 41, "市区町村コード": 424, "所在地": "佐賀県杵島郡江北町惣領分１８９８番地", "緯度": 33.221708, "経度": 130.170747, "url": "https://www.iryou.teikyouseido.mhlw.go.jp/znk-web/juminkanja/S2430/initialize?prefCd=41&kikanCd=3415702550&kikanKbn=3", "url2": "https://www.cableone.ne.jp/~skoyana/", "内容": "小柳歯科医院【3:歯科】佐賀県杵島郡江北町惣領分１８９８番地" }, "geometry": { "type": "Point", "coordinates": [ 130.170747, 33.221708 ] } },
{ "type": "Feature", "properties": { "ID": 4133415703720, "正式名称": "医療法人小川内歯科", "機関区分": 3, "都道府県コード": 41, "市区町村コード": 423, "所在地": "佐賀県杵島郡大町町福母２９５－６", "緯度": 33.212634, "経度": 130.108837, "url": "https://www.iryou.teikyouseido.mhlw.go.jp/znk-web/juminkanja/S2430/initialize?prefCd=41&kikanCd=3415703720&kikanKbn=3", "url2": "http://www.ogawachi.com", "内容": "医療法人小川内歯科【3:歯科】佐賀県杵島郡大町町福母２９５－６" }, "geometry": { "type": "Point", "coordinates": [ 130.108837, 33.212634 ] } },
{ "type": "Feature", "properties": { "ID": 4133415703850, "正式名称": "医療法人　広瀬歯科医院", "機関区分": 3, "都道府県コード": 41, "市区町村コード": 206, "所在地": "佐賀県武雄市朝日町甘久１５４４−２", "緯度": 33.207883, "経度": 130.040899, "url": "https://www.iryou.teikyouseido.mhlw.go.jp/znk-web/juminkanja/S2430/initialize?prefCd=41&kikanCd=3415703850&kikanKbn=3", "url2": null, "内容": "医療法人　広瀬歯科医院【3:歯科】佐賀県武雄市朝日町甘久１５４４−２" }, "geometry": { "type": "Point", "coordinates": [ 130.040899, 33.207883 ] } },
{ "type": "Feature", "properties": { "ID": 4133415704020, "正式名称": "寺尾歯科医院", "機関区分": 3, "都道府県コード": 41, "市区町村コード": 206, "所在地": "佐賀県武雄市武雄町昭和２３－５", "緯度": 33.194829, "経度": 130.025039, "url": "https://www.iryou.teikyouseido.mhlw.go.jp/znk-web/juminkanja/S2430/initialize?prefCd=41&kikanCd=3415704020&kikanKbn=3", "url2": null, "内容": "寺尾歯科医院【3:歯科】佐賀県武雄市武雄町昭和２３－５" }, "geometry": { "type": "Point", "coordinates": [ 130.025039, 33.194829 ] } },
{ "type": "Feature", "properties": { "ID": 4133415704150, "正式名称": "久原歯科医院", "機関区分": 3, "都道府県コード": 41, "市区町村コード": 206, "所在地": "佐賀県武雄市北方町志久５７８－２", "緯度": 33.217966, "経度": 130.077673, "url": "https://www.iryou.teikyouseido.mhlw.go.jp/znk-web/juminkanja/S2430/initialize?prefCd=41&kikanCd=3415704150&kikanKbn=3", "url2": null, "内容": "久原歯科医院【3:歯科】佐賀県武雄市北方町志久５７８－２" }, "geometry": { "type": "Point", "coordinates": [ 130.077673, 33.217966 ] } },
{ "type": "Feature", "properties": { "ID": 4133415704280, "正式名称": "医療法人古野歯科医院", "機関区分": 3, "都道府県コード": 41, "市区町村コード": 206, "所在地": "佐賀県武雄市山内町鳥海９０８２－１", "緯度": 33.196161, "経度": 129.965128, "url": "https://www.iryou.teikyouseido.mhlw.go.jp/znk-web/juminkanja/S2430/initialize?prefCd=41&kikanCd=3415704280&kikanKbn=3", "url2": null, "内容": "医療法人古野歯科医院【3:歯科】佐賀県武雄市山内町鳥海９０８２－１" }, "geometry": { "type": "Point", "coordinates": [ 129.965128, 33.196161 ] } },
{ "type": "Feature", "properties": { "ID": 4133415704440, "正式名称": "医療法人　きたむら歯科", "機関区分": 3, "都道府県コード": 41, "市区町村コード": 206, "所在地": "佐賀県武雄市山内町三間坂甲１４０２４－１", "緯度": 33.194078, "経度": 129.946185, "url": "https://www.iryou.teikyouseido.mhlw.go.jp/znk-web/juminkanja/S2430/initialize?prefCd=41&kikanCd=3415704440&kikanKbn=3", "url2": null, "内容": "医療法人　きたむら歯科【3:歯科】佐賀県武雄市山内町三間坂甲１４０２４－１" }, "geometry": { "type": "Point", "coordinates": [ 129.946185, 33.194078 ] } },
{ "type": "Feature", "properties": { "ID": 4133415704570, "正式名称": "医療法人福山歯科医院", "機関区分": 3, "都道府県コード": 41, "市区町村コード": 206, "所在地": "佐賀県武雄市武雄町昭和７３６", "緯度": 33.196023, "経度": 130.029539, "url": "https://www.iryou.teikyouseido.mhlw.go.jp/znk-web/juminkanja/S2430/initialize?prefCd=41&kikanCd=3415704570&kikanKbn=3", "url2": null, "内容": "医療法人福山歯科医院【3:歯科】佐賀県武雄市武雄町昭和７３６" }, "geometry": { "type": "Point", "coordinates": [ 130.029539, 33.196023 ] } },
{ "type": "Feature", "properties": { "ID": 4133415704860, "正式名称": "医療法人　善成　まつお歯科医院", "機関区分": 3, "都道府県コード": 41, "市区町村コード": 425, "所在地": "佐賀県杵島郡白石町福富下分２８２７－３７", "緯度": 33.196582, "経度": 130.19283, "url": "https://www.iryou.teikyouseido.mhlw.go.jp/znk-web/juminkanja/S2430/initialize?prefCd=41&kikanCd=3415704860&kikanKbn=3", "url2": "www.ohosisamano-haisyasan.com", "内容": "医療法人　善成　まつお歯科医院【3:歯科】佐賀県杵島郡白石町福富下分２８２７－３７" }, "geometry": { "type": "Point", "coordinates": [ 130.19283, 33.196582 ] } },
{ "type": "Feature", "properties": { "ID": 4133415705290, "正式名称": "陣内歯科医院", "機関区分": 3, "都道府県コード": 41, "市区町村コード": 206, "所在地": "佐賀県武雄市北方町志久５８２４－２", "緯度": 33.215133, "経度": 130.093588, "url": "https://www.iryou.teikyouseido.mhlw.go.jp/znk-web/juminkanja/S2430/initialize?prefCd=41&kikanCd=3415705290&kikanKbn=3", "url2": null, "内容": "陣内歯科医院【3:歯科】佐賀県武雄市北方町志久５８２４－２" }, "geometry": { "type": "Point", "coordinates": [ 130.093588, 33.215133 ] } },
{ "type": "Feature", "properties": { "ID": 4133415705320, "正式名称": "犬塚歯科医院", "機関区分": 3, "都道府県コード": 41, "市区町村コード": 425, "所在地": "佐賀県杵島郡白石町戸ケ里２８６３", "緯度": 33.150697, "経度": 130.125004, "url": "https://www.iryou.teikyouseido.mhlw.go.jp/znk-web/juminkanja/S2430/initialize?prefCd=41&kikanCd=3415705320&kikanKbn=3", "url2": "http://wan-dc.com/", "内容": "犬塚歯科医院【3:歯科】佐賀県杵島郡白石町戸ケ里２８６３" }, "geometry": { "type": "Point", "coordinates": [ 130.125004, 33.150697 ] } },
{ "type": "Feature", "properties": { "ID": 4133415705610, "正式名称": "医療法人明生会前山歯科クリニック", "機関区分": 3, "都道府県コード": 41, "市区町村コード": 425, "所在地": "佐賀県杵島郡白石町遠江２８４－１９", "緯度": 33.175305, "経度": 130.138391, "url": "https://www.iryou.teikyouseido.mhlw.go.jp/znk-web/juminkanja/S2430/initialize?prefCd=41&kikanCd=3415705610&kikanKbn=3", "url2": null, "内容": "医療法人明生会前山歯科クリニック【3:歯科】佐賀県杵島郡白石町遠江２８４－１９" }, "geometry": { "type": "Point", "coordinates": [ 130.138391, 33.175305 ] } },
{ "type": "Feature", "properties": { "ID": 4133415705740, "正式名称": "はらだ歯科医院", "機関区分": 3, "都道府県コード": 41, "市区町村コード": 424, "所在地": "佐賀県杵島郡江北町大字山口３０６１－４", "緯度": 33.221328, "経度": 130.152944, "url": "https://www.iryou.teikyouseido.mhlw.go.jp/znk-web/juminkanja/S2430/initialize?prefCd=41&kikanCd=3415705740&kikanKbn=3", "url2": "http://harada-dental-office.jp/", "内容": "はらだ歯科医院【3:歯科】佐賀県杵島郡江北町大字山口３０６１－４" }, "geometry": { "type": "Point", "coordinates": [ 130.152944, 33.221328 ] } },
{ "type": "Feature", "properties": { "ID": 4133415801440, "正式名称": "西村歯科医院", "機関区分": 3, "都道府県コード": 41, "市区町村コード": 209, "所在地": "佐賀県嬉野市塩田町久間乙１７０５－１", "緯度": 33.146891, "経度": 130.06262, "url": "https://www.iryou.teikyouseido.mhlw.go.jp/znk-web/juminkanja/S2430/initialize?prefCd=41&kikanCd=3415801440&kikanKbn=3", "url2": null, "内容": "西村歯科医院【3:歯科】佐賀県嬉野市塩田町久間乙１７０５－１" }, "geometry": { "type": "Point", "coordinates": [ 130.06262, 33.146891 ] } },
{ "type": "Feature", "properties": { "ID": 4133415801860, "正式名称": "宮﨑歯科医院", "機関区分": 3, "都道府県コード": 41, "市区町村コード": 209, "所在地": "佐賀県嬉野市嬉野町不動山甲１３－３", "緯度": 33.085952, "経度": 129.974186, "url": "https://www.iryou.teikyouseido.mhlw.go.jp/znk-web/juminkanja/S2430/initialize?prefCd=41&kikanCd=3415801860&kikanKbn=3", "url2": "https://haisha-yoyaku.jp/sp/bun2sdental/detail/index/id/4131730154", "内容": "宮﨑歯科医院【3:歯科】佐賀県嬉野市嬉野町不動山甲１３－３" }, "geometry": { "type": "Point", "coordinates": [ 129.974186, 33.085952 ] } },
{ "type": "Feature", "properties": { "ID": 4133415801990, "正式名称": "船津歯科医院", "機関区分": 3, "都道府県コード": 41, "市区町村コード": 209, "所在地": "佐賀県嬉野市嬉野町下宿乙２２０２－３９", "緯度": 33.09695, "経度": 129.981629, "url": "https://www.iryou.teikyouseido.mhlw.go.jp/znk-web/juminkanja/S2430/initialize?prefCd=41&kikanCd=3415801990&kikanKbn=3", "url2": null, "内容": "船津歯科医院【3:歯科】佐賀県嬉野市嬉野町下宿乙２２０２－３９" }, "geometry": { "type": "Point", "coordinates": [ 129.981629, 33.09695 ] } },
{ "type": "Feature", "properties": { "ID": 4133415802160, "正式名称": "てらお総合歯科クリニック", "機関区分": 3, "都道府県コード": 41, "市区町村コード": 209, "所在地": "佐賀県嬉野市塩田町馬場下甲５０ー３", "緯度": 33.133448, "経度": 130.061704, "url": "https://www.iryou.teikyouseido.mhlw.go.jp/znk-web/juminkanja/S2430/initialize?prefCd=41&kikanCd=3415802160&kikanKbn=3", "url2": null, "内容": "てらお総合歯科クリニック【3:歯科】佐賀県嬉野市塩田町馬場下甲５０ー３" }, "geometry": { "type": "Point", "coordinates": [ 130.061704, 33.133448 ] } },
{ "type": "Feature", "properties": { "ID": 4133415802320, "正式名称": "医療法人良歯会　あらい歯科医院", "機関区分": 3, "都道府県コード": 41, "市区町村コード": 209, "所在地": "佐賀県嬉野市嬉野町下宿甲１７８１－１", "緯度": 33.122457, "経度": 130.002594, "url": "https://www.iryou.teikyouseido.mhlw.go.jp/znk-web/juminkanja/S2430/initialize?prefCd=41&kikanCd=3415802320&kikanKbn=3", "url2": null, "内容": "医療法人良歯会　あらい歯科医院【3:歯科】佐賀県嬉野市嬉野町下宿甲１７８１－１" }, "geometry": { "type": "Point", "coordinates": [ 130.002594, 33.122457 ] } },
{ "type": "Feature", "properties": { "ID": 4133415802450, "正式名称": "もりた歯科医院", "機関区分": 3, "都道府県コード": 41, "市区町村コード": 207, "所在地": "佐賀県鹿島市高津原３７５２－７", "緯度": 33.111201, "経度": 130.090369, "url": "https://www.iryou.teikyouseido.mhlw.go.jp/znk-web/juminkanja/S2430/initialize?prefCd=41&kikanCd=3415802450&kikanKbn=3", "url2": null, "内容": "もりた歯科医院【3:歯科】佐賀県鹿島市高津原３７５２－７" }, "geometry": { "type": "Point", "coordinates": [ 130.090369, 33.111201 ] } },
{ "type": "Feature", "properties": { "ID": 4133415802900, "正式名称": "医療法人稗田歯科医院", "機関区分": 3, "都道府県コード": 41, "市区町村コード": 207, "所在地": "佐賀県鹿島市高津原４０４５－６", "緯度": 33.114589, "経度": 130.096341, "url": "https://www.iryou.teikyouseido.mhlw.go.jp/znk-web/juminkanja/S2430/initialize?prefCd=41&kikanCd=3415802900&kikanKbn=3", "url2": null, "内容": "医療法人稗田歯科医院【3:歯科】佐賀県鹿島市高津原４０４５－６" }, "geometry": { "type": "Point", "coordinates": [ 130.096341, 33.114589 ] } },
{ "type": "Feature", "properties": { "ID": 4133415803040, "正式名称": "医療法人　清静会　古賀歯科医院", "機関区分": 3, "都道府県コード": 41, "市区町村コード": 209, "所在地": "佐賀県嬉野市嬉野町大字下宿甲３１８８", "緯度": 33.1027, "経度": 129.987101, "url": "https://www.iryou.teikyouseido.mhlw.go.jp/znk-web/juminkanja/S2430/initialize?prefCd=41&kikanCd=3415803040&kikanKbn=3", "url2": "https://www.e-ha-koga-shika.net", "内容": "医療法人　清静会　古賀歯科医院【3:歯科】佐賀県嬉野市嬉野町大字下宿甲３１８８" }, "geometry": { "type": "Point", "coordinates": [ 129.987101, 33.1027 ] } },
{ "type": "Feature", "properties": { "ID": 4133415803170, "正式名称": "くにまつ歯科医院", "機関区分": 3, "都道府県コード": 41, "市区町村コード": 207, "所在地": "佐賀県鹿島市浜町３５９", "緯度": 33.089343, "経度": 130.122478, "url": "https://www.iryou.teikyouseido.mhlw.go.jp/znk-web/juminkanja/S2430/initialize?prefCd=41&kikanCd=3415803170&kikanKbn=3", "url2": null, "内容": "くにまつ歯科医院【3:歯科】佐賀県鹿島市浜町３５９" }, "geometry": { "type": "Point", "coordinates": [ 130.122478, 33.089343 ] } },
{ "type": "Feature", "properties": { "ID": 4133415803620, "正式名称": "西野歯科医院", "機関区分": 3, "都道府県コード": 41, "市区町村コード": 441, "所在地": "佐賀県藤津郡太良町多良油津１６２７－１", "緯度": 33.024879, "経度": 130.177697, "url": "https://www.iryou.teikyouseido.mhlw.go.jp/znk-web/juminkanja/S2430/initialize?prefCd=41&kikanCd=3415803620&kikanKbn=3", "url2": null, "内容": "西野歯科医院【3:歯科】佐賀県藤津郡太良町多良油津１６２７－１" }, "geometry": { "type": "Point", "coordinates": [ 130.177697, 33.024879 ] } },
{ "type": "Feature", "properties": { "ID": 4133415803880, "正式名称": "みやび歯科医院", "機関区分": 3, "都道府県コード": 41, "市区町村コード": 207, "所在地": "佐賀県鹿島市納富分３０４２－１", "緯度": 33.101674, "経度": 130.100313, "url": "https://www.iryou.teikyouseido.mhlw.go.jp/znk-web/juminkanja/S2430/initialize?prefCd=41&kikanCd=3415803880&kikanKbn=3", "url2": null, "内容": "みやび歯科医院【3:歯科】佐賀県鹿島市納富分３０４２－１" }, "geometry": { "type": "Point", "coordinates": [ 130.100313, 33.101674 ] } },
{ "type": "Feature", "properties": { "ID": 4133415803910, "正式名称": "医療法人　月歯　西川歯科医院", "機関区分": 3, "都道府県コード": 41, "市区町村コード": 207, "所在地": "佐賀県鹿島市大字納富分２０４２－３", "緯度": 33.096425, "経度": 130.101063, "url": "https://www.iryou.teikyouseido.mhlw.go.jp/znk-web/juminkanja/S2430/initialize?prefCd=41&kikanCd=3415803910&kikanKbn=3", "url2": null, "内容": "医療法人　月歯　西川歯科医院【3:歯科】佐賀県鹿島市大字納富分２０４２－３" }, "geometry": { "type": "Point", "coordinates": [ 130.101063, 33.096425 ] } },
{ "type": "Feature", "properties": { "ID": 4133415804050, "正式名称": "けんこう歯科医院", "機関区分": 3, "都道府県コード": 41, "市区町村コード": 207, "所在地": "佐賀県鹿島市古枝甲３３６－１", "緯度": 33.09103, "経度": 130.110943, "url": "https://www.iryou.teikyouseido.mhlw.go.jp/znk-web/juminkanja/S2430/initialize?prefCd=41&kikanCd=3415804050&kikanKbn=3", "url2": "www.asunet.ne.jp", "内容": "けんこう歯科医院【3:歯科】佐賀県鹿島市古枝甲３３６－１" }, "geometry": { "type": "Point", "coordinates": [ 130.110943, 33.09103 ] } },
{ "type": "Feature", "properties": { "ID": 4133415900170, "正式名称": "鶴田歯科医院", "機関区分": 3, "都道府県コード": 41, "市区町村コード": 201, "所在地": "佐賀県佐賀市久保泉町川久保２４９４－１", "緯度": 33.324792, "経度": 130.319731, "url": "https://www.iryou.teikyouseido.mhlw.go.jp/znk-web/juminkanja/S2430/initialize?prefCd=41&kikanCd=3415900170&kikanKbn=3", "url2": null, "内容": "鶴田歯科医院【3:歯科】佐賀県佐賀市久保泉町川久保２４９４－１" }, "geometry": { "type": "Point", "coordinates": [ 130.319731, 33.324792 ] } },
{ "type": "Feature", "properties": { "ID": 4133415900200, "正式名称": "ウッディデンタルクリニック", "機関区分": 3, "都道府県コード": 41, "市区町村コード": 208, "所在地": "佐賀県小城市牛津町柿樋瀬７７６－３", "緯度": 33.248132, "経度": 130.207383, "url": "https://www.iryou.teikyouseido.mhlw.go.jp/znk-web/juminkanja/S2430/initialize?prefCd=41&kikanCd=3415900200&kikanKbn=3", "url2": null, "内容": "ウッディデンタルクリニック【3:歯科】佐賀県小城市牛津町柿樋瀬７７６－３" }, "geometry": { "type": "Point", "coordinates": [ 130.207383, 33.248132 ] } },
{ "type": "Feature", "properties": { "ID": 4133415900330, "正式名称": "諸富歯科医院", "機関区分": 3, "都道府県コード": 41, "市区町村コード": 201, "所在地": "佐賀県佐賀市諸富町徳富１８５７－３", "緯度": 33.228109, "経度": 130.358231, "url": "https://www.iryou.teikyouseido.mhlw.go.jp/znk-web/juminkanja/S2430/initialize?prefCd=41&kikanCd=3415900330&kikanKbn=3", "url2": null, "内容": "諸富歯科医院【3:歯科】佐賀県佐賀市諸富町徳富１８５７－３" }, "geometry": { "type": "Point", "coordinates": [ 130.358231, 33.228109 ] } },
{ "type": "Feature", "properties": { "ID": 4133415900460, "正式名称": "富士歯科医院", "機関区分": 3, "都道府県コード": 41, "市区町村コード": 201, "所在地": "佐賀県佐賀市富士町内野道辻１２７の１", "緯度": 33.358398, "経度": 130.248459, "url": "https://www.iryou.teikyouseido.mhlw.go.jp/znk-web/juminkanja/S2430/initialize?prefCd=41&kikanCd=3415900460&kikanKbn=3", "url2": null, "内容": "富士歯科医院【3:歯科】佐賀県佐賀市富士町内野道辻１２７の１" }, "geometry": { "type": "Point", "coordinates": [ 130.248459, 33.358398 ] } },
{ "type": "Feature", "properties": { "ID": 4133415900590, "正式名称": "うめづ歯科・小児歯科医院", "機関区分": 3, "都道府県コード": 41, "市区町村コード": 201, "所在地": "佐賀県佐賀市八戸溝３－８－２", "緯度": 33.264353, "経度": 130.274959, "url": "https://www.iryou.teikyouseido.mhlw.go.jp/znk-web/juminkanja/S2430/initialize?prefCd=41&kikanCd=3415900590&kikanKbn=3", "url2": "http;//umedusika.com", "内容": "うめづ歯科・小児歯科医院【3:歯科】佐賀県佐賀市八戸溝３－８－２" }, "geometry": { "type": "Point", "coordinates": [ 130.274959, 33.264353 ] } },
{ "type": "Feature", "properties": { "ID": 4133415900620, "正式名称": "医療法人　浦歯科医院", "機関区分": 3, "都道府県コード": 41, "市区町村コード": 201, "所在地": "佐賀県佐賀市兵庫南４丁目　１－２９", "緯度": 33.261243, "経度": 130.318789, "url": "https://www.iryou.teikyouseido.mhlw.go.jp/znk-web/juminkanja/S2430/initialize?prefCd=41&kikanCd=3415900620&kikanKbn=3", "url2": "http://urashika.com/", "内容": "医療法人　浦歯科医院【3:歯科】佐賀県佐賀市兵庫南４丁目　１－２９" }, "geometry": { "type": "Point", "coordinates": [ 130.318789, 33.261243 ] } },
{ "type": "Feature", "properties": { "ID": 4133415900750, "正式名称": "横尾歯科医院", "機関区分": 3, "都道府県コード": 41, "市区町村コード": 201, "所在地": "佐賀県佐賀市金立町千布３０２８－１", "緯度": 33.308266, "経度": 130.300706, "url": "https://www.iryou.teikyouseido.mhlw.go.jp/znk-web/juminkanja/S2430/initialize?prefCd=41&kikanCd=3415900750&kikanKbn=3", "url2": null, "内容": "横尾歯科医院【3:歯科】佐賀県佐賀市金立町千布３０２８－１" }, "geometry": { "type": "Point", "coordinates": [ 130.300706, 33.308266 ] } },
{ "type": "Feature", "properties": { "ID": 4133415900880, "正式名称": "安田歯科", "機関区分": 3, "都道府県コード": 41, "市区町村コード": 201, "所在地": "佐賀県佐賀市若宮３丁目１番５９号", "緯度": 33.274325, "経度": 130.28593, "url": "https://www.iryou.teikyouseido.mhlw.go.jp/znk-web/juminkanja/S2430/initialize?prefCd=41&kikanCd=3415900880&kikanKbn=3", "url2": null, "内容": "安田歯科【3:歯科】佐賀県佐賀市若宮３丁目１番５９号" }, "geometry": { "type": "Point", "coordinates": [ 130.28593, 33.274325 ] } },
{ "type": "Feature", "properties": { "ID": 4133415900910, "正式名称": "つかもと歯科・小児歯科医院", "機関区分": 3, "都道府県コード": 41, "市区町村コード": 327, "所在地": "佐賀県神埼郡吉野ヶ里町三津８４０－５", "緯度": 33.348624, "経度": 130.396196, "url": "https://www.iryou.teikyouseido.mhlw.go.jp/znk-web/juminkanja/S2430/initialize?prefCd=41&kikanCd=3415900910&kikanKbn=3", "url2": "http://ht8020.com/", "内容": "つかもと歯科・小児歯科医院【3:歯科】佐賀県神埼郡吉野ヶ里町三津８４０－５" }, "geometry": { "type": "Point", "coordinates": [ 130.396196, 33.348624 ] } },
{ "type": "Feature", "properties": { "ID": 4133415901180, "正式名称": "藤川歯科医院", "機関区分": 3, "都道府県コード": 41, "市区町村コード": 201, "所在地": "佐賀県佐賀市兵庫南２丁目７番３号", "緯度": 33.265771, "経度": 130.312373, "url": "https://www.iryou.teikyouseido.mhlw.go.jp/znk-web/juminkanja/S2430/initialize?prefCd=41&kikanCd=3415901180&kikanKbn=3", "url2": null, "内容": "藤川歯科医院【3:歯科】佐賀県佐賀市兵庫南２丁目７番３号" }, "geometry": { "type": "Point", "coordinates": [ 130.312373, 33.265771 ] } },
{ "type": "Feature", "properties": { "ID": 4133415901210, "正式名称": "なかはら歯科医院", "機関区分": 3, "都道府県コード": 41, "市区町村コード": 210, "所在地": "佐賀県神埼市神埼町城原１２５６－１", "緯度": 33.326514, "経度": 130.357839, "url": "https://www.iryou.teikyouseido.mhlw.go.jp/znk-web/juminkanja/S2430/initialize?prefCd=41&kikanCd=3415901210&kikanKbn=3", "url2": "https://nakahara-dc.com", "内容": "なかはら歯科医院【3:歯科】佐賀県神埼市神埼町城原１２５６－１" }, "geometry": { "type": "Point", "coordinates": [ 130.357839, 33.326514 ] } },
{ "type": "Feature", "properties": { "ID": 4133415901340, "正式名称": "医療法人　そがデンタルクリニック", "機関区分": 3, "都道府県コード": 41, "市区町村コード": 204, "所在地": "佐賀県多久市東多久町別府５４１１", "緯度": 33.284682, "経度": 130.144526, "url": "https://www.iryou.teikyouseido.mhlw.go.jp/znk-web/juminkanja/S2430/initialize?prefCd=41&kikanCd=3415901340&kikanKbn=3", "url2": null, "内容": "医療法人　そがデンタルクリニック【3:歯科】佐賀県多久市東多久町別府５４１１" }, "geometry": { "type": "Point", "coordinates": [ 130.144526, 33.284682 ] } },
{ "type": "Feature", "properties": { "ID": 4133415901470, "正式名称": "ふるかわ歯科・小児歯科医院", "機関区分": 3, "都道府県コード": 41, "市区町村コード": 201, "所在地": "佐賀県佐賀市鍋島３丁目１４番１５号", "緯度": 33.280185, "経度": 130.26571, "url": "https://www.iryou.teikyouseido.mhlw.go.jp/znk-web/juminkanja/S2430/initialize?prefCd=41&kikanCd=3415901470&kikanKbn=3", "url2": "http://www.furukawa-dental.com/", "内容": "ふるかわ歯科・小児歯科医院【3:歯科】佐賀県佐賀市鍋島３丁目１４番１５号" }, "geometry": { "type": "Point", "coordinates": [ 130.26571, 33.280185 ] } },
{ "type": "Feature", "properties": { "ID": 4133415901760, "正式名称": "いまむら歯科医院", "機関区分": 3, "都道府県コード": 41, "市区町村コード": 201, "所在地": "佐賀県佐賀市久保泉町川久保１２２６", "緯度": 33.322375, "経度": 130.325509, "url": "https://www.iryou.teikyouseido.mhlw.go.jp/znk-web/juminkanja/S2430/initialize?prefCd=41&kikanCd=3415901760&kikanKbn=3", "url2": null, "内容": "いまむら歯科医院【3:歯科】佐賀県佐賀市久保泉町川久保１２２６" }, "geometry": { "type": "Point", "coordinates": [ 130.325509, 33.322375 ] } },
{ "type": "Feature", "properties": { "ID": 4133415902060, "正式名称": "池田デンタルクリニック", "機関区分": 3, "都道府県コード": 41, "市区町村コード": 201, "所在地": "佐賀県佐賀市鍋島町八戸１３４４番５", "緯度": 33.25621, "経度": 130.270806, "url": "https://www.iryou.teikyouseido.mhlw.go.jp/znk-web/juminkanja/S2430/initialize?prefCd=41&kikanCd=3415902060&kikanKbn=3", "url2": "https://ikedadentalclinic.com", "内容": "池田デンタルクリニック【3:歯科】佐賀県佐賀市鍋島町八戸１３４４番５" }, "geometry": { "type": "Point", "coordinates": [ 130.270806, 33.25621 ] } },
{ "type": "Feature", "properties": { "ID": 4133415902190, "正式名称": "にし歯科医院", "機関区分": 3, "都道府県コード": 41, "市区町村コード": 201, "所在地": "佐賀県佐賀市開成２丁目１－１３", "緯度": 33.269047, "経度": 130.28132, "url": "https://www.iryou.teikyouseido.mhlw.go.jp/znk-web/juminkanja/S2430/initialize?prefCd=41&kikanCd=3415902190&kikanKbn=3", "url2": "http://nishidental.sakura.ne.jp", "内容": "にし歯科医院【3:歯科】佐賀県佐賀市開成２丁目１－１３" }, "geometry": { "type": "Point", "coordinates": [ 130.28132, 33.269047 ] } },
{ "type": "Feature", "properties": { "ID": 4133415902350, "正式名称": "いちのせ歯科・小児歯科医院", "機関区分": 3, "都道府県コード": 41, "市区町村コード": 201, "所在地": "佐賀県佐賀市木原二丁目３－８", "緯度": 33.247551, "経度": 130.322372, "url": "https://www.iryou.teikyouseido.mhlw.go.jp/znk-web/juminkanja/S2430/initialize?prefCd=41&kikanCd=3415902350&kikanKbn=3", "url2": null, "内容": "いちのせ歯科・小児歯科医院【3:歯科】佐賀県佐賀市木原二丁目３－８" }, "geometry": { "type": "Point", "coordinates": [ 130.322372, 33.247551 ] } },
{ "type": "Feature", "properties": { "ID": 4133415902480, "正式名称": "医療法人　健成会　こんどう矯正歯科", "機関区分": 3, "都道府県コード": 41, "市区町村コード": 201, "所在地": "佐賀県佐賀市駅南本町６－７内田ビル３階", "緯度": 33.261742, "経度": 130.298763, "url": "https://www.iryou.teikyouseido.mhlw.go.jp/znk-web/juminkanja/S2430/initialize?prefCd=41&kikanCd=3415902480&kikanKbn=3", "url2": null, "内容": "医療法人　健成会　こんどう矯正歯科【3:歯科】佐賀県佐賀市駅南本町６－７内田ビル３階" }, "geometry": { "type": "Point", "coordinates": [ 130.298763, 33.261742 ] } },
{ "type": "Feature", "properties": { "ID": 4133415902640, "正式名称": "田中なおき歯科", "機関区分": 3, "都道府県コード": 41, "市区町村コード": 201, "所在地": "佐賀県佐賀市光２－９－１", "緯度": 33.236523, "経度": 130.277015, "url": "https://www.iryou.teikyouseido.mhlw.go.jp/znk-web/juminkanja/S2430/initialize?prefCd=41&kikanCd=3415902640&kikanKbn=3", "url2": null, "内容": "田中なおき歯科【3:歯科】佐賀県佐賀市光２－９－１" }, "geometry": { "type": "Point", "coordinates": [ 130.277015, 33.236523 ] } },
{ "type": "Feature", "properties": { "ID": 4133415902800, "正式名称": "藤田歯科医院", "機関区分": 3, "都道府県コード": 41, "市区町村コード": 208, "所在地": "佐賀県小城市小城町畑田２６０２－２２", "緯度": 33.295793, "経度": 130.191411, "url": "https://www.iryou.teikyouseido.mhlw.go.jp/znk-web/juminkanja/S2430/initialize?prefCd=41&kikanCd=3415902800&kikanKbn=3", "url2": null, "内容": "藤田歯科医院【3:歯科】佐賀県小城市小城町畑田２６０２－２２" }, "geometry": { "type": "Point", "coordinates": [ 130.191411, 33.295793 ] } },
{ "type": "Feature", "properties": { "ID": 4133415903070, "正式名称": "みのり歯科診療所", "機関区分": 3, "都道府県コード": 41, "市区町村コード": 201, "所在地": "佐賀県佐賀市水ケ江５－２－８", "緯度": 33.242773, "経度": 130.308512, "url": "https://www.iryou.teikyouseido.mhlw.go.jp/znk-web/juminkanja/S2430/initialize?prefCd=41&kikanCd=3415903070&kikanKbn=3", "url2": "http://www.minori-dc.com/", "内容": "みのり歯科診療所【3:歯科】佐賀県佐賀市水ケ江５－２－８" }, "geometry": { "type": "Point", "coordinates": [ 130.308512, 33.242773 ] } },
{ "type": "Feature", "properties": { "ID": 4133415903230, "正式名称": "みかづき歯科医院", "機関区分": 3, "都道府県コード": 41, "市区町村コード": 208, "所在地": "佐賀県小城市三日月町樋口９６１－１", "緯度": 33.268741, "経度": 130.222214, "url": "https://www.iryou.teikyouseido.mhlw.go.jp/znk-web/juminkanja/S2430/initialize?prefCd=41&kikanCd=3415903230&kikanKbn=3", "url2": null, "内容": "みかづき歯科医院【3:歯科】佐賀県小城市三日月町樋口９６１－１" }, "geometry": { "type": "Point", "coordinates": [ 130.222214, 33.268741 ] } },
{ "type": "Feature", "properties": { "ID": 4133415903360, "正式名称": "きたむら歯科クリニック", "機関区分": 3, "都道府県コード": 41, "市区町村コード": 201, "所在地": "佐賀県佐賀市巨勢町牛島７３０モラージュ佐賀２Ｆ", "緯度": 33.252689, "経度": 130.318595, "url": "https://www.iryou.teikyouseido.mhlw.go.jp/znk-web/juminkanja/S2430/initialize?prefCd=41&kikanCd=3415903360&kikanKbn=3", "url2": "http://www.kitamura-shika.net/sp/", "内容": "きたむら歯科クリニック【3:歯科】佐賀県佐賀市巨勢町牛島７３０モラージュ佐賀２Ｆ" }, "geometry": { "type": "Point", "coordinates": [ 130.318595, 33.252689 ] } },
{ "type": "Feature", "properties": { "ID": 4133415903490, "正式名称": "はらだ歯科医院", "機関区分": 3, "都道府県コード": 41, "市区町村コード": 208, "所在地": "佐賀県小城市三日月町長神田１０５５－１", "緯度": 33.281267, "経度": 130.211715, "url": "https://www.iryou.teikyouseido.mhlw.go.jp/znk-web/juminkanja/S2430/initialize?prefCd=41&kikanCd=3415903490&kikanKbn=3", "url2": null, "内容": "はらだ歯科医院【3:歯科】佐賀県小城市三日月町長神田１０５５－１" }, "geometry": { "type": "Point", "coordinates": [ 130.211715, 33.281267 ] } },
{ "type": "Feature", "properties": { "ID": 4133415903520, "正式名称": "医療法人清仁会ゆめ歯科・小児歯科", "機関区分": 3, "都道府県コード": 41, "市区町村コード": 208, "所在地": "佐賀県小城市三日月町三ヶ島４６０－５", "緯度": 33.279878, "経度": 130.227352, "url": "https://www.iryou.teikyouseido.mhlw.go.jp/znk-web/juminkanja/S2430/initialize?prefCd=41&kikanCd=3415903520&kikanKbn=3", "url2": null, "内容": "医療法人清仁会ゆめ歯科・小児歯科【3:歯科】佐賀県小城市三日月町三ヶ島４６０－５" }, "geometry": { "type": "Point", "coordinates": [ 130.227352, 33.279878 ] } },
{ "type": "Feature", "properties": { "ID": 4133415903650, "正式名称": "こうすけ歯科医院", "機関区分": 3, "都道府県コード": 41, "市区町村コード": 201, "所在地": "佐賀県佐賀市兵庫町渕四本松１３２１－８", "緯度": 33.274131, "経度": 130.320761, "url": "https://www.iryou.teikyouseido.mhlw.go.jp/znk-web/juminkanja/S2430/initialize?prefCd=41&kikanCd=3415903650&kikanKbn=3", "url2": "http://kosuke-dc.com/", "内容": "こうすけ歯科医院【3:歯科】佐賀県佐賀市兵庫町渕四本松１３２１－８" }, "geometry": { "type": "Point", "coordinates": [ 130.320761, 33.274131 ] } },
{ "type": "Feature", "properties": { "ID": 4133415903780, "正式名称": "船津歯科医院", "機関区分": 3, "都道府県コード": 41, "市区町村コード": 210, "所在地": "佐賀県神埼市神埼町本堀３１８１－１", "緯度": 33.302974, "経度": 130.381565, "url": "https://www.iryou.teikyouseido.mhlw.go.jp/znk-web/juminkanja/S2430/initialize?prefCd=41&kikanCd=3415903780&kikanKbn=3", "url2": null, "内容": "船津歯科医院【3:歯科】佐賀県神埼市神埼町本堀３１８１－１" }, "geometry": { "type": "Point", "coordinates": [ 130.381565, 33.302974 ] } },
{ "type": "Feature", "properties": { "ID": 4133415903940, "正式名称": "おかむら歯科医院", "機関区分": 3, "都道府県コード": 41, "市区町村コード": 201, "所在地": "佐賀県佐賀市昭栄町３０", "緯度": 33.249105, "経度": 130.28057, "url": "https://www.iryou.teikyouseido.mhlw.go.jp/znk-web/juminkanja/S2430/initialize?prefCd=41&kikanCd=3415903940&kikanKbn=3", "url2": "http://www.okamura-dc.jp/", "内容": "おかむら歯科医院【3:歯科】佐賀県佐賀市昭栄町３０" }, "geometry": { "type": "Point", "coordinates": [ 130.28057, 33.249105 ] } },
{ "type": "Feature", "properties": { "ID": 4133415904080, "正式名称": "医療法人社団恵真会下平歯科医院", "機関区分": 3, "都道府県コード": 41, "市区町村コード": 201, "所在地": "佐賀県佐賀市神野西３－１－２１", "緯度": 33.26802, "経度": 130.293652, "url": "https://www.iryou.teikyouseido.mhlw.go.jp/znk-web/juminkanja/S2430/initialize?prefCd=41&kikanCd=3415904080&kikanKbn=3", "url2": "http://www.shimohira-dc.jp/", "内容": "医療法人社団恵真会下平歯科医院【3:歯科】佐賀県佐賀市神野西３－１－２１" }, "geometry": { "type": "Point", "coordinates": [ 130.293652, 33.26802 ] } },
{ "type": "Feature", "properties": { "ID": 4133415904240, "正式名称": "山口歯科医院", "機関区分": 3, "都道府県コード": 41, "市区町村コード": 201, "所在地": "佐賀県佐賀市新栄東２－２－１６", "緯度": 33.254188, "経度": 130.274432, "url": "https://www.iryou.teikyouseido.mhlw.go.jp/znk-web/juminkanja/S2430/initialize?prefCd=41&kikanCd=3415904240&kikanKbn=3", "url2": null, "内容": "山口歯科医院【3:歯科】佐賀県佐賀市新栄東２－２－１６" }, "geometry": { "type": "Point", "coordinates": [ 130.274432, 33.254188 ] } },
{ "type": "Feature", "properties": { "ID": 4133415904370, "正式名称": "おおば歯科", "機関区分": 3, "都道府県コード": 41, "市区町村コード": 208, "所在地": "佐賀県小城市芦刈町芦溝８９３－８", "緯度": 33.240244, "経度": 130.208466, "url": "https://www.iryou.teikyouseido.mhlw.go.jp/znk-web/juminkanja/S2430/initialize?prefCd=41&kikanCd=3415904370&kikanKbn=3", "url2": null, "内容": "おおば歯科【3:歯科】佐賀県小城市芦刈町芦溝８９３－８" }, "geometry": { "type": "Point", "coordinates": [ 130.208466, 33.240244 ] } },
{ "type": "Feature", "properties": { "ID": 4133415904820, "正式名称": "高森歯科医院", "機関区分": 3, "都道府県コード": 41, "市区町村コード": 201, "所在地": "佐賀県佐賀市嘉瀬町扇町２３７５ー１", "緯度": 33.244717, "経度": 130.267683, "url": "https://www.iryou.teikyouseido.mhlw.go.jp/znk-web/juminkanja/S2430/initialize?prefCd=41&kikanCd=3415904820&kikanKbn=3", "url2": "takamori-dc.jp", "内容": "高森歯科医院【3:歯科】佐賀県佐賀市嘉瀬町扇町２３７５ー１" }, "geometry": { "type": "Point", "coordinates": [ 130.267683, 33.244717 ] } },
{ "type": "Feature", "properties": { "ID": 4133415904950, "正式名称": "スマイル髙城歯科", "機関区分": 3, "都道府県コード": 41, "市区町村コード": 201, "所在地": "佐賀県佐賀市北川副町江上９５－１", "緯度": 33.238941, "経度": 130.325178, "url": "https://www.iryou.teikyouseido.mhlw.go.jp/znk-web/juminkanja/S2430/initialize?prefCd=41&kikanCd=3415904950&kikanKbn=3", "url2": null, "内容": "スマイル髙城歯科【3:歯科】佐賀県佐賀市北川副町江上９５－１" }, "geometry": { "type": "Point", "coordinates": [ 130.325178, 33.238941 ] } },
{ "type": "Feature", "properties": { "ID": 4133415905090, "正式名称": "松本歯科医院", "機関区分": 3, "都道府県コード": 41, "市区町村コード": 201, "所在地": "佐賀県佐賀市柳町１－１２", "緯度": 33.253994, "経度": 130.306096, "url": "https://www.iryou.teikyouseido.mhlw.go.jp/znk-web/juminkanja/S2430/initialize?prefCd=41&kikanCd=3415905090&kikanKbn=3", "url2": "https://www.matsumoto-shika.biz/", "内容": "松本歯科医院【3:歯科】佐賀県佐賀市柳町１－１２" }, "geometry": { "type": "Point", "coordinates": [ 130.306096, 33.253994 ] } },
{ "type": "Feature", "properties": { "ID": 4133415905120, "正式名称": "よしだ歯科クリニック", "機関区分": 3, "都道府県コード": 41, "市区町村コード": 201, "所在地": "佐賀県佐賀市久保田町徳万２１００－１６", "緯度": 33.24816, "経度": 130.237185, "url": "https://www.iryou.teikyouseido.mhlw.go.jp/znk-web/juminkanja/S2430/initialize?prefCd=41&kikanCd=3415905120&kikanKbn=3", "url2": "http://www.yoshidashikaclinic.com", "内容": "よしだ歯科クリニック【3:歯科】佐賀県佐賀市久保田町徳万２１００－１６" }, "geometry": { "type": "Point", "coordinates": [ 130.237185, 33.24816 ] } },
{ "type": "Feature", "properties": { "ID": 4133415905250, "正式名称": "楠川歯科診療所", "機関区分": 3, "都道府県コード": 41, "市区町村コード": 327, "所在地": "佐賀県神埼郡吉野ヶ里町３３９－１１", "緯度": 33.322044, "経度": 130.401335, "url": "https://www.iryou.teikyouseido.mhlw.go.jp/znk-web/juminkanja/S2430/initialize?prefCd=41&kikanCd=3415905250&kikanKbn=3", "url2": null, "内容": "楠川歯科診療所【3:歯科】佐賀県神埼郡吉野ヶ里町３３９－１１" }, "geometry": { "type": "Point", "coordinates": [ 130.401335, 33.322044 ] } },
{ "type": "Feature", "properties": { "ID": 4133415905380, "正式名称": "エイト歯科クリニック", "機関区分": 3, "都道府県コード": 41, "市区町村コード": 327, "所在地": "佐賀県神埼郡吉野ヶ里町田手１４７８－３", "緯度": 33.319516, "経度": 130.390559, "url": "https://www.iryou.teikyouseido.mhlw.go.jp/znk-web/juminkanja/S2430/initialize?prefCd=41&kikanCd=3415905380&kikanKbn=3", "url2": null, "内容": "エイト歯科クリニック【3:歯科】佐賀県神埼郡吉野ヶ里町田手１４７８－３" }, "geometry": { "type": "Point", "coordinates": [ 130.390559, 33.319516 ] } },
{ "type": "Feature", "properties": { "ID": 4133415905670, "正式名称": "しばた歯科医院", "機関区分": 3, "都道府県コード": 41, "市区町村コード": 210, "所在地": "佐賀県神埼市神埼町鶴９３１－１", "緯度": 33.326126, "経度": 130.373532, "url": "https://www.iryou.teikyouseido.mhlw.go.jp/znk-web/juminkanja/S2430/initialize?prefCd=41&kikanCd=3415905670&kikanKbn=3", "url2": null, "内容": "しばた歯科医院【3:歯科】佐賀県神埼市神埼町鶴９３１－１" }, "geometry": { "type": "Point", "coordinates": [ 130.373532, 33.326126 ] } },
{ "type": "Feature", "properties": { "ID": 4133415905700, "正式名称": "かもだ歯科クリニック", "機関区分": 3, "都道府県コード": 41, "市区町村コード": 201, "所在地": "佐賀県佐賀市兵庫北５丁目１４番１号ゆめタウン佐賀２Ｆ", "緯度": 33.275936, "経度": 130.309623, "url": "https://www.iryou.teikyouseido.mhlw.go.jp/znk-web/juminkanja/S2430/initialize?prefCd=41&kikanCd=3415905700&kikanKbn=3", "url2": null, "内容": "かもだ歯科クリニック【3:歯科】佐賀県佐賀市兵庫北５丁目１４番１号ゆめタウン佐賀２Ｆ" }, "geometry": { "type": "Point", "coordinates": [ 130.309623, 33.275936 ] } },
{ "type": "Feature", "properties": { "ID": 4133415905830, "正式名称": "にしだ歯科医院", "機関区分": 3, "都道府県コード": 41, "市区町村コード": 201, "所在地": "佐賀県佐賀市東与賀町飯盛　２１１－２２", "緯度": 33.215804, "経度": 130.286182, "url": "https://www.iryou.teikyouseido.mhlw.go.jp/znk-web/juminkanja/S2430/initialize?prefCd=41&kikanCd=3415905830&kikanKbn=3", "url2": "http://www.nishidashika.jp", "内容": "にしだ歯科医院【3:歯科】佐賀県佐賀市東与賀町飯盛　２１１－２２" }, "geometry": { "type": "Point", "coordinates": [ 130.286182, 33.215804 ] } },
{ "type": "Feature", "properties": { "ID": 4133415906130, "正式名称": "ゆめ咲歯科クリニック", "機関区分": 3, "都道府県コード": 41, "市区町村コード": 201, "所在地": "佐賀県佐賀市兵庫北２丁目３０－３７", "緯度": 33.271298, "経度": 130.308345, "url": "https://www.iryou.teikyouseido.mhlw.go.jp/znk-web/juminkanja/S2430/initialize?prefCd=41&kikanCd=3415906130&kikanKbn=3", "url2": null, "内容": "ゆめ咲歯科クリニック【3:歯科】佐賀県佐賀市兵庫北２丁目３０－３７" }, "geometry": { "type": "Point", "coordinates": [ 130.308345, 33.271298 ] } },
{ "type": "Feature", "properties": { "ID": 4133415906260, "正式名称": "みうら歯科口腔外科クリニック", "機関区分": 3, "都道府県コード": 41, "市区町村コード": 201, "所在地": "佐賀県佐賀市本庄町袋１０３番地１", "緯度": 33.236774, "経度": 130.301819, "url": "https://www.iryou.teikyouseido.mhlw.go.jp/znk-web/juminkanja/S2430/initialize?prefCd=41&kikanCd=3415906260&kikanKbn=3", "url2": null, "内容": "みうら歯科口腔外科クリニック【3:歯科】佐賀県佐賀市本庄町袋１０３番地１" }, "geometry": { "type": "Point", "coordinates": [ 130.301819, 33.236774 ] } },
{ "type": "Feature", "properties": { "ID": 4133415906390, "正式名称": "中島歯科医院", "機関区分": 3, "都道府県コード": 41, "市区町村コード": 201, "所在地": "佐賀県佐賀市北川副町光法１４８５－３", "緯度": 33.233886, "経度": 130.3314, "url": "https://www.iryou.teikyouseido.mhlw.go.jp/znk-web/juminkanja/S2430/initialize?prefCd=41&kikanCd=3415906390&kikanKbn=3", "url2": "http://www.nakashima-shika.net", "内容": "中島歯科医院【3:歯科】佐賀県佐賀市北川副町光法１４８５－３" }, "geometry": { "type": "Point", "coordinates": [ 130.3314, 33.233886 ] } },
{ "type": "Feature", "properties": { "ID": 4133415906840, "正式名称": "嘉村壽人歯科医院", "機関区分": 3, "都道府県コード": 41, "市区町村コード": 201, "所在地": "佐賀県佐賀市川原町１－２４", "緯度": 33.251077, "経度": 130.292514, "url": "https://www.iryou.teikyouseido.mhlw.go.jp/znk-web/juminkanja/S2430/initialize?prefCd=41&kikanCd=3415906840&kikanKbn=3", "url2": null, "内容": "嘉村壽人歯科医院【3:歯科】佐賀県佐賀市川原町１－２４" }, "geometry": { "type": "Point", "coordinates": [ 130.292514, 33.251077 ] } },
{ "type": "Feature", "properties": { "ID": 4133415906970, "正式名称": "ひろ歯科クリニック", "機関区分": 3, "都道府県コード": 41, "市区町村コード": 201, "所在地": "佐賀県佐賀市兵庫北１丁目８－２", "緯度": 33.267273, "経度": 130.309911, "url": "https://www.iryou.teikyouseido.mhlw.go.jp/znk-web/juminkanja/S2430/initialize?prefCd=41&kikanCd=3415906970&kikanKbn=3", "url2": null, "内容": "ひろ歯科クリニック【3:歯科】佐賀県佐賀市兵庫北１丁目８－２" }, "geometry": { "type": "Point", "coordinates": [ 130.309911, 33.267273 ] } },
{ "type": "Feature", "properties": { "ID": 4133415907010, "正式名称": "まえやま歯科医院", "機関区分": 3, "都道府県コード": 41, "市区町村コード": 201, "所在地": "佐賀県佐賀市水ケ江五丁目７番１９号", "緯度": 33.241467, "経度": 130.309592, "url": "https://www.iryou.teikyouseido.mhlw.go.jp/znk-web/juminkanja/S2430/initialize?prefCd=41&kikanCd=3415907010&kikanKbn=3", "url2": null, "内容": "まえやま歯科医院【3:歯科】佐賀県佐賀市水ケ江五丁目７番１９号" }, "geometry": { "type": "Point", "coordinates": [ 130.309592, 33.241467 ] } },
{ "type": "Feature", "properties": { "ID": 4133415907140, "正式名称": "千代田歯科クリニック", "機関区分": 3, "都道府県コード": 41, "市区町村コード": 210, "所在地": "佐賀県神埼市千代田町崎村６３９－３", "緯度": 33.259179, "経度": 130.386598, "url": "https://www.iryou.teikyouseido.mhlw.go.jp/znk-web/juminkanja/S2430/initialize?prefCd=41&kikanCd=3415907140&kikanKbn=3", "url2": null, "内容": "千代田歯科クリニック【3:歯科】佐賀県神埼市千代田町崎村６３９－３" }, "geometry": { "type": "Point", "coordinates": [ 130.386598, 33.259179 ] } },
{ "type": "Feature", "properties": { "ID": 4133415907270, "正式名称": "森寺歯科医院", "機関区分": 3, "都道府県コード": 41, "市区町村コード": 201, "所在地": "佐賀県佐賀市鬼丸町４－２３", "緯度": 33.241162, "経度": 130.301902, "url": "https://www.iryou.teikyouseido.mhlw.go.jp/znk-web/juminkanja/S2430/initialize?prefCd=41&kikanCd=3415907270&kikanKbn=3", "url2": null, "内容": "森寺歯科医院【3:歯科】佐賀県佐賀市鬼丸町４－２３" }, "geometry": { "type": "Point", "coordinates": [ 130.301902, 33.241162 ] } },
{ "type": "Feature", "properties": { "ID": 4133415907430, "正式名称": "ふじわら歯科クリニック", "機関区分": 3, "都道府県コード": 41, "市区町村コード": 201, "所在地": "佐賀県佐賀市兵庫南２丁目１５－２７", "緯度": 33.263696, "経度": 130.316914, "url": "https://www.iryou.teikyouseido.mhlw.go.jp/znk-web/juminkanja/S2430/initialize?prefCd=41&kikanCd=3415907430&kikanKbn=3", "url2": "https://www.fujiwara-dentalclinic.com/", "内容": "ふじわら歯科クリニック【3:歯科】佐賀県佐賀市兵庫南２丁目１５－２７" }, "geometry": { "type": "Point", "coordinates": [ 130.316914, 33.263696 ] } },
{ "type": "Feature", "properties": { "ID": 4133415907850, "正式名称": "ゆきデンタルクリニック", "機関区分": 3, "都道府県コード": 41, "市区町村コード": 201, "所在地": "佐賀県佐賀市兵庫北二丁目１５番３４号", "緯度": 33.272686, "経度": 130.311193, "url": "https://www.iryou.teikyouseido.mhlw.go.jp/znk-web/juminkanja/S2430/initialize?prefCd=41&kikanCd=3415907850&kikanKbn=3", "url2": "https://www.yukidentalclinic.jp/", "内容": "ゆきデンタルクリニック【3:歯科】佐賀県佐賀市兵庫北二丁目１５番３４号" }, "geometry": { "type": "Point", "coordinates": [ 130.311193, 33.272686 ] } },
{ "type": "Feature", "properties": { "ID": 4133415907980, "正式名称": "おわしデンタルクリニック", "機関区分": 3, "都道府県コード": 41, "市区町村コード": 208, "所在地": "佐賀県小城市牛津町柿樋瀬９２９－１１", "緯度": 33.254947, "経度": 130.203205, "url": "https://www.iryou.teikyouseido.mhlw.go.jp/znk-web/juminkanja/S2430/initialize?prefCd=41&kikanCd=3415907980&kikanKbn=3", "url2": null, "内容": "おわしデンタルクリニック【3:歯科】佐賀県小城市牛津町柿樋瀬９２９－１１" }, "geometry": { "type": "Point", "coordinates": [ 130.203205, 33.254947 ] } },
{ "type": "Feature", "properties": { "ID": 4133415908020, "正式名称": "たしろデンタルクリニック", "機関区分": 3, "都道府県コード": 41, "市区町村コード": 201, "所在地": "佐賀県佐賀市鍋島１－９－８－１Ｆ", "緯度": 33.276899, "経度": 130.270037, "url": "https://www.iryou.teikyouseido.mhlw.go.jp/znk-web/juminkanja/S2430/initialize?prefCd=41&kikanCd=3415908020&kikanKbn=3", "url2": "http://www.tashiro-dc.net/", "内容": "たしろデンタルクリニック【3:歯科】佐賀県佐賀市鍋島１－９－８－１Ｆ" }, "geometry": { "type": "Point", "coordinates": [ 130.270037, 33.276899 ] } },
{ "type": "Feature", "properties": { "ID": 4133415908150, "正式名称": "こばやし歯科医院", "機関区分": 3, "都道府県コード": 41, "市区町村コード": 210, "所在地": "佐賀県神埼市神埼町鶴１６２３－４", "緯度": 33.338865, "経度": 130.371098, "url": "https://www.iryou.teikyouseido.mhlw.go.jp/znk-web/juminkanja/S2430/initialize?prefCd=41&kikanCd=3415908150&kikanKbn=3", "url2": "http://kdental-k.com", "内容": "こばやし歯科医院【3:歯科】佐賀県神埼市神埼町鶴１６２３－４" }, "geometry": { "type": "Point", "coordinates": [ 130.371098, 33.338865 ] } },
{ "type": "Feature", "properties": { "ID": 4133415908280, "正式名称": "フジセデンタルクリニック", "機関区分": 3, "都道府県コード": 41, "市区町村コード": 201, "所在地": "佐賀県佐賀市南佐賀１丁目２１－３０", "緯度": 33.24041, "経度": 130.314846, "url": "https://www.iryou.teikyouseido.mhlw.go.jp/znk-web/juminkanja/S2430/initialize?prefCd=41&kikanCd=3415908280&kikanKbn=3", "url2": null, "内容": "フジセデンタルクリニック【3:歯科】佐賀県佐賀市南佐賀１丁目２１－３０" }, "geometry": { "type": "Point", "coordinates": [ 130.314846, 33.24041 ] } },
{ "type": "Feature", "properties": { "ID": 4133415908440, "正式名称": "おのはら歯科医院", "機関区分": 3, "都道府県コード": 41, "市区町村コード": 201, "所在地": "佐賀県佐賀市東佐賀町１４番２０号", "緯度": 33.255664, "経度": 130.312003, "url": "https://www.iryou.teikyouseido.mhlw.go.jp/znk-web/juminkanja/S2430/initialize?prefCd=41&kikanCd=3415908440&kikanKbn=3", "url2": "https://www.onohara-dc.com/", "内容": "おのはら歯科医院【3:歯科】佐賀県佐賀市東佐賀町１４番２０号" }, "geometry": { "type": "Point", "coordinates": [ 130.312003, 33.255664 ] } },
{ "type": "Feature", "properties": { "ID": 4133415908570, "正式名称": "木下歯科医院", "機関区分": 3, "都道府県コード": 41, "市区町村コード": 201, "所在地": "佐賀県佐賀市久保泉町上和泉２２３２番地１", "緯度": 33.304062, "経度": 130.316219, "url": "https://www.iryou.teikyouseido.mhlw.go.jp/znk-web/juminkanja/S2430/initialize?prefCd=41&kikanCd=3415908570&kikanKbn=3", "url2": null, "内容": "木下歯科医院【3:歯科】佐賀県佐賀市久保泉町上和泉２２３２番地１" }, "geometry": { "type": "Point", "coordinates": [ 130.316219, 33.304062 ] } },
{ "type": "Feature", "properties": { "ID": 4133415908600, "正式名称": "うめず歯科口腔外科医院", "機関区分": 3, "都道府県コード": 41, "市区町村コード": 204, "所在地": "佐賀県多久市北多久町小侍７８４－１０", "緯度": 33.285876, "経度": 130.097147, "url": "https://www.iryou.teikyouseido.mhlw.go.jp/znk-web/juminkanja/S2430/initialize?prefCd=41&kikanCd=3415908600&kikanKbn=3", "url2": "http://umezu-dent-oms.cihp.jp/", "内容": "うめず歯科口腔外科医院【3:歯科】佐賀県多久市北多久町小侍７８４－１０" }, "geometry": { "type": "Point", "coordinates": [ 130.097147, 33.285876 ] } },
{ "type": "Feature", "properties": { "ID": 4133415908730, "正式名称": "しほデンタルクリニック", "機関区分": 3, "都道府県コード": 41, "市区町村コード": 201, "所在地": "佐賀県佐賀市本庄町袋２４４－１", "緯度": 33.238975, "経度": 130.306242, "url": "https://www.iryou.teikyouseido.mhlw.go.jp/znk-web/juminkanja/S2430/initialize?prefCd=41&kikanCd=3415908730&kikanKbn=3", "url2": "http://www.shiho-dental.com/", "内容": "しほデンタルクリニック【3:歯科】佐賀県佐賀市本庄町袋２４４－１" }, "geometry": { "type": "Point", "coordinates": [ 130.306242, 33.238975 ] } },
{ "type": "Feature", "properties": { "ID": 4133415908860, "正式名称": "もろおか歯科医院", "機関区分": 3, "都道府県コード": 41, "市区町村コード": 204, "所在地": "佐賀県多久市北多久町大字小侍１０３８", "緯度": 33.288882, "経度": 130.096581, "url": "https://www.iryou.teikyouseido.mhlw.go.jp/znk-web/juminkanja/S2430/initialize?prefCd=41&kikanCd=3415908860&kikanKbn=3", "url2": null, "内容": "もろおか歯科医院【3:歯科】佐賀県多久市北多久町大字小侍１０３８" }, "geometry": { "type": "Point", "coordinates": [ 130.096581, 33.288882 ] } },
{ "type": "Feature", "properties": { "ID": 4133415908990, "正式名称": "あすく歯科医院", "機関区分": 3, "都道府県コード": 41, "市区町村コード": 201, "所在地": "佐賀県佐賀市兵庫北５丁目２番２３号", "緯度": 33.26346, "経度": 130.300854, "url": "https://www.iryou.teikyouseido.mhlw.go.jp/znk-web/juminkanja/S2430/initialize?prefCd=41&kikanCd=3415908990&kikanKbn=3", "url2": null, "内容": "あすく歯科医院【3:歯科】佐賀県佐賀市兵庫北５丁目２番２３号" }, "geometry": { "type": "Point", "coordinates": [ 130.300854, 33.26346 ] } },
{ "type": "Feature", "properties": { "ID": 4133415909030, "正式名称": "はらだ歯科クリニック", "機関区分": 3, "都道府県コード": 41, "市区町村コード": 201, "所在地": "佐賀県佐賀市木原２－８－１０", "緯度": 33.247517, "経度": 130.319306, "url": "https://www.iryou.teikyouseido.mhlw.go.jp/znk-web/juminkanja/S2430/initialize?prefCd=41&kikanCd=3415909030&kikanKbn=3", "url2": null, "内容": "はらだ歯科クリニック【3:歯科】佐賀県佐賀市木原２－８－１０" }, "geometry": { "type": "Point", "coordinates": [ 130.319306, 33.247517 ] } },
{ "type": "Feature", "properties": { "ID": 4133415909160, "正式名称": "進歯科医院", "機関区分": 3, "都道府県コード": 41, "市区町村コード": 201, "所在地": "佐賀県佐賀市木原１－２４－３８", "緯度": 33.242107, "経度": 130.315567, "url": "https://www.iryou.teikyouseido.mhlw.go.jp/znk-web/juminkanja/S2430/initialize?prefCd=41&kikanCd=3415909160&kikanKbn=3", "url2": "https//www.shin-shika.jp", "内容": "進歯科医院【3:歯科】佐賀県佐賀市木原１－２４－３８" }, "geometry": { "type": "Point", "coordinates": [ 130.315567, 33.242107 ] } },
{ "type": "Feature", "properties": { "ID": 4133415909580, "正式名称": "迎島歯科医院", "機関区分": 3, "都道府県コード": 41, "市区町村コード": 210, "所在地": "佐賀県神埼市千代田町迎島５５２－２５", "緯度": 33.262527, "経度": 130.404185, "url": "https://www.iryou.teikyouseido.mhlw.go.jp/znk-web/juminkanja/S2430/initialize?prefCd=41&kikanCd=3415909580&kikanKbn=3", "url2": "http://mukaishimashika.wix.com/dental", "内容": "迎島歯科医院【3:歯科】佐賀県神埼市千代田町迎島５５２－２５" }, "geometry": { "type": "Point", "coordinates": [ 130.404185, 33.262527 ] } },
{ "type": "Feature", "properties": { "ID": 4133415909610, "正式名称": "としひこ歯科クリニック", "機関区分": 3, "都道府県コード": 41, "市区町村コード": 208, "所在地": "佐賀県小城市三日月町久米９４９－１－２", "緯度": 33.289524, "経度": 130.205017, "url": "https://www.iryou.teikyouseido.mhlw.go.jp/znk-web/juminkanja/S2430/initialize?prefCd=41&kikanCd=3415909610&kikanKbn=3", "url2": "http://toshihiko-shika.jp/", "内容": "としひこ歯科クリニック【3:歯科】佐賀県小城市三日月町久米９４９－１－２" }, "geometry": { "type": "Point", "coordinates": [ 130.205017, 33.289524 ] } },
{ "type": "Feature", "properties": { "ID": 4133415909740, "正式名称": "そえじま歯科", "機関区分": 3, "都道府県コード": 41, "市区町村コード": 201, "所在地": "佐賀県佐賀市久保田町徳万９２５－５", "緯度": 33.236717, "経度": 130.238352, "url": "https://www.iryou.teikyouseido.mhlw.go.jp/znk-web/juminkanja/S2430/initialize?prefCd=41&kikanCd=3415909740&kikanKbn=3", "url2": null, "内容": "そえじま歯科【3:歯科】佐賀県佐賀市久保田町徳万９２５－５" }, "geometry": { "type": "Point", "coordinates": [ 130.238352, 33.236717 ] } },
{ "type": "Feature", "properties": { "ID": 4133415909870, "正式名称": "北山歯科診療所", "機関区分": 3, "都道府県コード": 41, "市区町村コード": 201, "所在地": "佐賀県佐賀市富士町中原４８３番地", "緯度": 33.431986, "経度": 130.201979, "url": "https://www.iryou.teikyouseido.mhlw.go.jp/znk-web/juminkanja/S2430/initialize?prefCd=41&kikanCd=3415909870&kikanKbn=3", "url2": null, "内容": "北山歯科診療所【3:歯科】佐賀県佐賀市富士町中原４８３番地" }, "geometry": { "type": "Point", "coordinates": [ 130.201979, 33.431986 ] } },
{ "type": "Feature", "properties": { "ID": 4133415909900, "正式名称": "なごみハロー歯科診療所", "機関区分": 3, "都道府県コード": 41, "市区町村コード": 201, "所在地": "佐賀県佐賀市中の小路３番３６号２Ｆ", "緯度": 33.253075, "経度": 130.296016, "url": "https://www.iryou.teikyouseido.mhlw.go.jp/znk-web/juminkanja/S2430/initialize?prefCd=41&kikanCd=3415909900&kikanKbn=3", "url2": null, "内容": "なごみハロー歯科診療所【3:歯科】佐賀県佐賀市中の小路３番３６号２Ｆ" }, "geometry": { "type": "Point", "coordinates": [ 130.296016, 33.253075 ] } },
{ "type": "Feature", "properties": { "ID": 4133415910010, "正式名称": "すえます歯科クリニック", "機関区分": 3, "都道府県コード": 41, "市区町村コード": 201, "所在地": "佐賀県佐賀市川副町早津江２０８－１", "緯度": 33.247381, "経度": 130.299491, "url": "https://www.iryou.teikyouseido.mhlw.go.jp/znk-web/juminkanja/S2430/initialize?prefCd=41&kikanCd=3415910010&kikanKbn=3", "url2": "http://suemasu-dent-com/", "内容": "すえます歯科クリニック【3:歯科】佐賀県佐賀市川副町早津江２０８－１" }, "geometry": { "type": "Point", "coordinates": [ 130.299491, 33.247381 ] } },
{ "type": "Feature", "properties": { "ID": 4133415910140, "正式名称": "おか歯科", "機関区分": 3, "都道府県コード": 41, "市区町村コード": 201, "所在地": "佐賀県佐賀市高木瀬東３－１３－１７", "緯度": 33.283208, "経度": 130.297742, "url": "https://www.iryou.teikyouseido.mhlw.go.jp/znk-web/juminkanja/S2430/initialize?prefCd=41&kikanCd=3415910140&kikanKbn=3", "url2": "http://www.okasika.com", "内容": "おか歯科【3:歯科】佐賀県佐賀市高木瀬東３－１３－１７" }, "geometry": { "type": "Point", "coordinates": [ 130.297742, 33.283208 ] } },
{ "type": "Feature", "properties": { "ID": 4133415910300, "正式名称": "しげまつ歯科口腔クリニック", "機関区分": 3, "都道府県コード": 41, "市区町村コード": 201, "所在地": "佐賀県佐賀市大和町尼寺３２１７－２", "緯度": 33.302269, "経度": 130.277252, "url": "https://www.iryou.teikyouseido.mhlw.go.jp/znk-web/juminkanja/S2430/initialize?prefCd=41&kikanCd=3415910300&kikanKbn=3", "url2": null, "内容": "しげまつ歯科口腔クリニック【3:歯科】佐賀県佐賀市大和町尼寺３２１７－２" }, "geometry": { "type": "Point", "coordinates": [ 130.277252, 33.302269 ] } },
{ "type": "Feature", "properties": { "ID": 4133415910430, "正式名称": "井上歯科医院", "機関区分": 3, "都道府県コード": 41, "市区町村コード": 204, "所在地": "佐賀県多久市北多久町小侍２－１２", "緯度": 33.290279, "経度": 130.111846, "url": "https://www.iryou.teikyouseido.mhlw.go.jp/znk-web/juminkanja/S2430/initialize?prefCd=41&kikanCd=3415910430&kikanKbn=3", "url2": "http://www.inoue-dental.net/", "内容": "井上歯科医院【3:歯科】佐賀県多久市北多久町小侍２－１２" }, "geometry": { "type": "Point", "coordinates": [ 130.111846, 33.290279 ] } },
{ "type": "Feature", "properties": { "ID": 4133415910560, "正式名称": "佐賀市休日歯科診療所", "機関区分": 3, "都道府県コード": 41, "市区町村コード": 201, "所在地": "佐賀県佐賀市水ヶ江１－１２－１１", "緯度": 33.247948, "経度": 130.305576, "url": "https://www.iryou.teikyouseido.mhlw.go.jp/znk-web/juminkanja/S2430/initialize?prefCd=41&kikanCd=3415910560&kikanKbn=3", "url2": null, "内容": "佐賀市休日歯科診療所【3:歯科】佐賀県佐賀市水ヶ江１－１２－１１" }, "geometry": { "type": "Point", "coordinates": [ 130.305576, 33.247948 ] } },
{ "type": "Feature", "properties": { "ID": 4133415910690, "正式名称": "はやし歯科クリニック", "機関区分": 3, "都道府県コード": 41, "市区町村コード": 201, "所在地": "佐賀県佐賀市赤松町２４１－４０", "緯度": 33.245458, "経度": 130.292769, "url": "https://www.iryou.teikyouseido.mhlw.go.jp/znk-web/juminkanja/S2430/initialize?prefCd=41&kikanCd=3415910690&kikanKbn=3", "url2": "http://www.dental-hayashi.net", "内容": "はやし歯科クリニック【3:歯科】佐賀県佐賀市赤松町２４１－４０" }, "geometry": { "type": "Point", "coordinates": [ 130.292769, 33.245458 ] } },
{ "type": "Feature", "properties": { "ID": 4133415910720, "正式名称": "医療法人桜裕会　佐賀さくら歯科親子歯科クリニック", "機関区分": 3, "都道府県コード": 41, "市区町村コード": 210, "所在地": "佐賀県神埼市千代田町境原２６３５－２", "緯度": 33.278913, "経度": 130.341589, "url": "https://www.iryou.teikyouseido.mhlw.go.jp/znk-web/juminkanja/S2430/initialize?prefCd=41&kikanCd=3415910720&kikanKbn=3", "url2": null, "内容": "医療法人桜裕会　佐賀さくら歯科親子歯科クリニック【3:歯科】佐賀県神埼市千代田町境原２６３５－２" }, "geometry": { "type": "Point", "coordinates": [ 130.341589, 33.278913 ] } },
{ "type": "Feature", "properties": { "ID": 4133415910850, "正式名称": "酒井たかよし歯科医院", "機関区分": 3, "都道府県コード": 41, "市区町村コード": 208, "所在地": "佐賀県小城市牛津町上砥川１２３４－３８", "緯度": 33.238376, "経度": 130.182509, "url": "https://www.iryou.teikyouseido.mhlw.go.jp/znk-web/juminkanja/S2430/initialize?prefCd=41&kikanCd=3415910850&kikanKbn=3", "url2": "http://www.sakai-t-dc.com/", "内容": "酒井たかよし歯科医院【3:歯科】佐賀県小城市牛津町上砥川１２３４－３８" }, "geometry": { "type": "Point", "coordinates": [ 130.182509, 33.238376 ] } },
{ "type": "Feature", "properties": { "ID": 4133415910980, "正式名称": "Ｓａｇａｎ歯科・こども歯科", "機関区分": 3, "都道府県コード": 41, "市区町村コード": 201, "所在地": "佐賀県佐賀市本庄町本庄５０７－９", "緯度": 33.244873, "経度": 130.29132, "url": "https://www.iryou.teikyouseido.mhlw.go.jp/znk-web/juminkanja/S2430/initialize?prefCd=41&kikanCd=3415910980&kikanKbn=3", "url2": null, "内容": "Ｓａｇａｎ歯科・こども歯科【3:歯科】佐賀県佐賀市本庄町本庄５０７－９" }, "geometry": { "type": "Point", "coordinates": [ 130.29132, 33.244873 ] } },
{ "type": "Feature", "properties": { "ID": 4133415911020, "正式名称": "佐賀駅前矯正歯科", "機関区分": 3, "都道府県コード": 41, "市区町村コード": 201, "所在地": "佐賀県佐賀市駅前中央１ー１３ー４０", "緯度": 33.247381, "経度": 130.299491, "url": "https://www.iryou.teikyouseido.mhlw.go.jp/znk-web/juminkanja/S2430/initialize?prefCd=41&kikanCd=3415911020&kikanKbn=3", "url2": "http://www.saga-ortho.com", "内容": "佐賀駅前矯正歯科【3:歯科】佐賀県佐賀市駅前中央１ー１３ー４０" }, "geometry": { "type": "Point", "coordinates": [ 130.299491, 33.247381 ] } },
{ "type": "Feature", "properties": { "ID": 4133415911150, "正式名称": "ふくしま歯科・こども歯科", "機関区分": 3, "都道府県コード": 41, "市区町村コード": 201, "所在地": "佐賀県佐賀市鍋島２丁目６−２９", "緯度": 33.277956, "経度": 130.267725, "url": "https://www.iryou.teikyouseido.mhlw.go.jp/znk-web/juminkanja/S2430/initialize?prefCd=41&kikanCd=3415911150&kikanKbn=3", "url2": null, "内容": "ふくしま歯科・こども歯科【3:歯科】佐賀県佐賀市鍋島２丁目６−２９" }, "geometry": { "type": "Point", "coordinates": [ 130.267725, 33.277956 ] } },
{ "type": "Feature", "properties": { "ID": 4133415911310, "正式名称": "井本歯科医院", "機関区分": 3, "都道府県コード": 41, "市区町村コード": 204, "所在地": "佐賀県多久市北多久町小侍４５－３９", "緯度": 33.287204, "経度": 130.110131, "url": "https://www.iryou.teikyouseido.mhlw.go.jp/znk-web/juminkanja/S2430/initialize?prefCd=41&kikanCd=3415911310&kikanKbn=3", "url2": null, "内容": "井本歯科医院【3:歯科】佐賀県多久市北多久町小侍４５－３９" }, "geometry": { "type": "Point", "coordinates": [ 130.110131, 33.287204 ] } },
{ "type": "Feature", "properties": { "ID": 4133415911440, "正式名称": "医療法人元秀会　川副歯科医院", "機関区分": 3, "都道府県コード": 41, "市区町村コード": 208, "所在地": "佐賀県小城市小城町９６", "緯度": 33.289544, "経度": 130.201326, "url": "https://www.iryou.teikyouseido.mhlw.go.jp/znk-web/juminkanja/S2430/initialize?prefCd=41&kikanCd=3415911440&kikanKbn=3", "url2": "http://www.citydo.com/sp/", "内容": "医療法人元秀会　川副歯科医院【3:歯科】佐賀県小城市小城町９６" }, "geometry": { "type": "Point", "coordinates": [ 130.201326, 33.289544 ] } },
{ "type": "Feature", "properties": { "ID": 4133415911600, "正式名称": "佐賀駅つるた歯科", "機関区分": 3, "都道府県コード": 41, "市区町村コード": 201, "所在地": "佐賀県佐賀市駅前中央１丁目４－１７コムボックス佐賀駅前２Ｆ", "緯度": 33.265661, "経度": 130.304067, "url": "https://www.iryou.teikyouseido.mhlw.go.jp/znk-web/juminkanja/S2430/initialize?prefCd=41&kikanCd=3415911600&kikanKbn=3", "url2": "https://www.saga-tsuruta.jp", "内容": "佐賀駅つるた歯科【3:歯科】佐賀県佐賀市駅前中央１丁目４－１７コムボックス佐賀駅前２Ｆ" }, "geometry": { "type": "Point", "coordinates": [ 130.304067, 33.265661 ] } },
{ "type": "Feature", "properties": { "ID": 4133415911730, "正式名称": "医療法人社団　邦仁会　緒方歯科クリニック", "機関区分": 3, "都道府県コード": 41, "市区町村コード": 201, "所在地": "佐賀県佐賀市若宮１丁目１９番２２号", "緯度": 33.270625, "経度": 130.290377, "url": "https://www.iryou.teikyouseido.mhlw.go.jp/znk-web/juminkanja/S2430/initialize?prefCd=41&kikanCd=3415911730&kikanKbn=3", "url2": "http://www.ogata-dental.het/", "内容": "医療法人社団　邦仁会　緒方歯科クリニック【3:歯科】佐賀県佐賀市若宮１丁目１９番２２号" }, "geometry": { "type": "Point", "coordinates": [ 130.290377, 33.270625 ] } },
{ "type": "Feature", "properties": { "ID": 4133415911860, "正式名称": "坂井歯科・矯正歯科", "機関区分": 3, "都道府県コード": 41, "市区町村コード": 208, "所在地": "佐賀県小城市牛津町柿樋瀬　１１１５－７", "緯度": 33.248622, "経度": 130.202217, "url": "https://www.iryou.teikyouseido.mhlw.go.jp/znk-web/juminkanja/S2430/initialize?prefCd=41&kikanCd=3415911860&kikanKbn=3", "url2": "https://www.sakai-dc-2016.jp/", "内容": "坂井歯科・矯正歯科【3:歯科】佐賀県小城市牛津町柿樋瀬　１１１５－７" }, "geometry": { "type": "Point", "coordinates": [ 130.202217, 33.248622 ] } },
{ "type": "Feature", "properties": { "ID": 4133415911990, "正式名称": "福山歯科クリニック", "機関区分": 3, "都道府県コード": 41, "市区町村コード": 201, "所在地": "佐賀県佐賀市高木瀬西２丁目９－２３", "緯度": 33.28147, "経度": 130.289899, "url": "https://www.iryou.teikyouseido.mhlw.go.jp/znk-web/juminkanja/S2430/initialize?prefCd=41&kikanCd=3415911990&kikanKbn=3", "url2": "https://fukuyama-shika.com/", "内容": "福山歯科クリニック【3:歯科】佐賀県佐賀市高木瀬西２丁目９－２３" }, "geometry": { "type": "Point", "coordinates": [ 130.289899, 33.28147 ] } },
{ "type": "Feature", "properties": { "ID": 4133415912030, "正式名称": "しわ歯科医院", "機関区分": 3, "都道府県コード": 41, "市区町村コード": 201, "所在地": "佐賀県佐賀市東与賀町下古賀１１１９ー８", "緯度": 33.214214, "経度": 130.291853, "url": "https://www.iryou.teikyouseido.mhlw.go.jp/znk-web/juminkanja/S2430/initialize?prefCd=41&kikanCd=3415912030&kikanKbn=3", "url2": "https://shiwa-dc.com", "内容": "しわ歯科医院【3:歯科】佐賀県佐賀市東与賀町下古賀１１１９ー８" }, "geometry": { "type": "Point", "coordinates": [ 130.291853, 33.214214 ] } },
{ "type": "Feature", "properties": { "ID": 4133415912290, "正式名称": "医療法人ＨＣＡ‐ｓｔｙｌｅ　グレースデンタルクリニック", "機関区分": 3, "都道府県コード": 41, "市区町村コード": 201, "所在地": "佐賀県佐賀市天神２丁目５－２５ＮＣ天神１０１", "緯度": 33.261155, "経度": 130.290894, "url": "https://www.iryou.teikyouseido.mhlw.go.jp/znk-web/juminkanja/S2430/initialize?prefCd=41&kikanCd=3415912290&kikanKbn=3", "url2": null, "内容": "医療法人ＨＣＡ‐ｓｔｙｌｅ　グレースデンタルクリニック【3:歯科】佐賀県佐賀市天神２丁目５－２５ＮＣ天神１０１" }, "geometry": { "type": "Point", "coordinates": [ 130.290894, 33.261155 ] } },
{ "type": "Feature", "properties": { "ID": 4133415912320, "正式名称": "さがなべしま総合歯科・こども歯科・矯正歯科クリニック", "機関区分": 3, "都道府県コード": 41, "市区町村コード": 201, "所在地": "佐賀県佐賀市鍋島町森田４７２－１", "緯度": 33.271039, "経度": 130.255234, "url": "https://www.iryou.teikyouseido.mhlw.go.jp/znk-web/juminkanja/S2430/initialize?prefCd=41&kikanCd=3415912320&kikanKbn=3", "url2": "http://www.saganabeshima-dc.com/", "内容": "さがなべしま総合歯科・こども歯科・矯正歯科クリニック【3:歯科】佐賀県佐賀市鍋島町森田４７２－１" }, "geometry": { "type": "Point", "coordinates": [ 130.255234, 33.271039 ] } },
{ "type": "Feature", "properties": { "ID": 4133415912580, "正式名称": "佐賀中央歯科・口腔外科", "機関区分": 3, "都道府県コード": 41, "市区町村コード": 201, "所在地": "佐賀県佐賀市栄町５番９号Ｃｙｇａｍｅｓ佐賀ビル１Ｆ", "緯度": 33.262665, "経度": 130.30162, "url": "https://www.iryou.teikyouseido.mhlw.go.jp/znk-web/juminkanja/S2430/initialize?prefCd=41&kikanCd=3415912580&kikanKbn=3", "url2": "https://www.saga-cdc.com", "内容": "佐賀中央歯科・口腔外科【3:歯科】佐賀県佐賀市栄町５番９号Ｃｙｇａｍｅｓ佐賀ビル１Ｆ" }, "geometry": { "type": "Point", "coordinates": [ 130.30162, 33.262665 ] } },
{ "type": "Feature", "properties": { "ID": 4133415912740, "正式名称": "医療法人　英峰会　イターナル歯科クリニック", "機関区分": 3, "都道府県コード": 41, "市区町村コード": 201, "所在地": "佐賀県佐賀市白山１－７－１", "緯度": 33.254438, "経度": 130.295041, "url": "https://www.iryou.teikyouseido.mhlw.go.jp/znk-web/juminkanja/S2430/initialize?prefCd=41&kikanCd=3415912740&kikanKbn=3", "url2": "http://www.eternal-dc.com/", "内容": "医療法人　英峰会　イターナル歯科クリニック【3:歯科】佐賀県佐賀市白山１－７－１" }, "geometry": { "type": "Point", "coordinates": [ 130.295041, 33.254438 ] } },
{ "type": "Feature", "properties": { "ID": 4133416000110, "正式名称": "光武歯科医院", "機関区分": 3, "都道府県コード": 41, "市区町村コード": 207, "所在地": "佐賀県鹿島市納富分　甲１３８番地１", "緯度": 33.094758, "経度": 130.095202, "url": "https://www.iryou.teikyouseido.mhlw.go.jp/znk-web/juminkanja/S2430/initialize?prefCd=41&kikanCd=3416000110&kikanKbn=3", "url2": null, "内容": "光武歯科医院【3:歯科】佐賀県鹿島市納富分　甲１３８番地１" }, "geometry": { "type": "Point", "coordinates": [ 130.095202, 33.094758 ] } },
{ "type": "Feature", "properties": { "ID": 4133416000240, "正式名称": "医療法人　松栄会　まつうら歯科", "機関区分": 3, "都道府県コード": 41, "市区町村コード": 206, "所在地": "佐賀県武雄市山内町大野７２８５－１", "緯度": 33.205132, "経度": 129.938047, "url": "https://www.iryou.teikyouseido.mhlw.go.jp/znk-web/juminkanja/S2430/initialize?prefCd=41&kikanCd=3416000240&kikanKbn=3", "url2": "https://www.matsuura-shika.net/", "内容": "医療法人　松栄会　まつうら歯科【3:歯科】佐賀県武雄市山内町大野７２８５－１" }, "geometry": { "type": "Point", "coordinates": [ 129.938047, 33.205132 ] } },
{ "type": "Feature", "properties": { "ID": 4133416000370, "正式名称": "くりやま歯科・小児歯科医院", "機関区分": 3, "都道府県コード": 41, "市区町村コード": 209, "所在地": "佐賀県嬉野市塩田町大字五町田甲１８３７－１", "緯度": 33.12481, "経度": 130.069982, "url": "https://www.iryou.teikyouseido.mhlw.go.jp/znk-web/juminkanja/S2430/initialize?prefCd=41&kikanCd=3416000370&kikanKbn=3", "url2": null, "内容": "くりやま歯科・小児歯科医院【3:歯科】佐賀県嬉野市塩田町大字五町田甲１８３７－１" }, "geometry": { "type": "Point", "coordinates": [ 130.069982, 33.12481 ] } },
{ "type": "Feature", "properties": { "ID": 4133416000400, "正式名称": "宮原歯科医院", "機関区分": 3, "都道府県コード": 41, "市区町村コード": 209, "所在地": "佐賀県嬉野市嬉野町下宿２１７３番地", "緯度": 33.096812, "経度": 129.983379, "url": "https://www.iryou.teikyouseido.mhlw.go.jp/znk-web/juminkanja/S2430/initialize?prefCd=41&kikanCd=3416000400&kikanKbn=3", "url2": null, "内容": "宮原歯科医院【3:歯科】佐賀県嬉野市嬉野町下宿２１７３番地" }, "geometry": { "type": "Point", "coordinates": [ 129.983379, 33.096812 ] } },
{ "type": "Feature", "properties": { "ID": 4133416000820, "正式名称": "山口亨歯科医院", "機関区分": 3, "都道府県コード": 41, "市区町村コード": 206, "所在地": "佐賀県武雄市武雄町永島１５３４８", "緯度": 33.196106, "経度": 130.016623, "url": "https://www.iryou.teikyouseido.mhlw.go.jp/znk-web/juminkanja/S2430/initialize?prefCd=41&kikanCd=3416000820&kikanKbn=3", "url2": null, "内容": "山口亨歯科医院【3:歯科】佐賀県武雄市武雄町永島１５３４８" }, "geometry": { "type": "Point", "coordinates": [ 130.016623, 33.196106 ] } },
{ "type": "Feature", "properties": { "ID": 4133416001090, "正式名称": "きはら歯科医院", "機関区分": 3, "都道府県コード": 41, "市区町村コード": 207, "所在地": "佐賀県鹿島市高津原４２４１－５", "緯度": 33.113506, "経度": 130.096368, "url": "https://www.iryou.teikyouseido.mhlw.go.jp/znk-web/juminkanja/S2430/initialize?prefCd=41&kikanCd=3416001090&kikanKbn=3", "url2": null, "内容": "きはら歯科医院【3:歯科】佐賀県鹿島市高津原４２４１－５" }, "geometry": { "type": "Point", "coordinates": [ 130.096368, 33.113506 ] } },
{ "type": "Feature", "properties": { "ID": 4133416001380, "正式名称": "医療法人　祐歯会　とがし歯科医院", "機関区分": 3, "都道府県コード": 41, "市区町村コード": 207, "所在地": "佐賀県鹿島市納富分２９１９－９", "緯度": 33.104007, "経度": 130.103007, "url": "https://www.iryou.teikyouseido.mhlw.go.jp/znk-web/juminkanja/S2430/initialize?prefCd=41&kikanCd=3416001380&kikanKbn=3", "url2": null, "内容": "医療法人　祐歯会　とがし歯科医院【3:歯科】佐賀県鹿島市納富分２９１９－９" }, "geometry": { "type": "Point", "coordinates": [ 130.103007, 33.104007 ] } },
{ "type": "Feature", "properties": { "ID": 4133416001540, "正式名称": "のだ歯科医院", "機関区分": 3, "都道府県コード": 41, "市区町村コード": 206, "所在地": "佐賀県武雄市武雄町武雄５９６７", "緯度": 33.18944, "経度": 130.007263, "url": "https://www.iryou.teikyouseido.mhlw.go.jp/znk-web/juminkanja/S2430/initialize?prefCd=41&kikanCd=3416001540&kikanKbn=3", "url2": "www.nodadc.com", "内容": "のだ歯科医院【3:歯科】佐賀県武雄市武雄町武雄５９６７" }, "geometry": { "type": "Point", "coordinates": [ 130.007263, 33.18944 ] } },
{ "type": "Feature", "properties": { "ID": 4133416001960, "正式名称": "光武歯科医院", "機関区分": 3, "都道府県コード": 41, "市区町村コード": 206, "所在地": "佐賀県武雄市武雄町武雄４０５６－１", "緯度": 33.186246, "経度": 130.012846, "url": "https://www.iryou.teikyouseido.mhlw.go.jp/znk-web/juminkanja/S2430/initialize?prefCd=41&kikanCd=3416001960&kikanKbn=3", "url2": null, "内容": "光武歯科医院【3:歯科】佐賀県武雄市武雄町武雄４０５６－１" }, "geometry": { "type": "Point", "coordinates": [ 130.012846, 33.186246 ] } },
{ "type": "Feature", "properties": { "ID": 4133416001990, "正式名称": "医療法人小笠原歯科医院", "機関区分": 3, "都道府県コード": 41, "市区町村コード": 423, "所在地": "佐賀県杵島郡大町町大町８８７８－９", "緯度": 33.212894, "経度": 130.112092, "url": "https://www.iryou.teikyouseido.mhlw.go.jp/znk-web/juminkanja/S2430/initialize?prefCd=41&kikanCd=3416001990&kikanKbn=3", "url2": "https://www.ogasawaradc.com/", "内容": "医療法人小笠原歯科医院【3:歯科】佐賀県杵島郡大町町大町８８７８－９" }, "geometry": { "type": "Point", "coordinates": [ 130.112092, 33.212894 ] } },
{ "type": "Feature", "properties": { "ID": 4133416002000, "正式名称": "医療法人博真会　たけお歯科", "機関区分": 3, "都道府県コード": 41, "市区町村コード": 206, "所在地": "佐賀県武雄市武雄町昭和２９０", "緯度": 33.193662, "経度": 130.028372, "url": "https://www.iryou.teikyouseido.mhlw.go.jp/znk-web/juminkanja/S2430/initialize?prefCd=41&kikanCd=3416002000&kikanKbn=3", "url2": "http://takeo.nozomi-dc.jp/", "内容": "医療法人博真会　たけお歯科【3:歯科】佐賀県武雄市武雄町昭和２９０" }, "geometry": { "type": "Point", "coordinates": [ 130.028372, 33.193662 ] } },
{ "type": "Feature", "properties": { "ID": 4133416002130, "正式名称": "ふるかわ歯科医院", "機関区分": 3, "都道府県コード": 41, "市区町村コード": 206, "所在地": "佐賀県武雄市東川登町永野６２９１－１", "緯度": 33.162054, "経度": 130.004375, "url": "https://www.iryou.teikyouseido.mhlw.go.jp/znk-web/juminkanja/S2430/initialize?prefCd=41&kikanCd=3416002130&kikanKbn=3", "url2": null, "内容": "ふるかわ歯科医院【3:歯科】佐賀県武雄市東川登町永野６２９１－１" }, "geometry": { "type": "Point", "coordinates": [ 130.004375, 33.162054 ] } },
{ "type": "Feature", "properties": { "ID": 4133416002420, "正式名称": "かっぱ歯科医院", "機関区分": 3, "都道府県コード": 41, "市区町村コード": 424, "所在地": "佐賀県杵島郡江北町佐留志佐留志１４２４－１７", "緯度": 33.214274, "経度": 130.163804, "url": "https://www.iryou.teikyouseido.mhlw.go.jp/znk-web/juminkanja/S2430/initialize?prefCd=41&kikanCd=3416002420&kikanKbn=3", "url2": "http://www.cableone.ne.jp/~kd8020/", "内容": "かっぱ歯科医院【3:歯科】佐賀県杵島郡江北町佐留志佐留志１４２４－１７" }, "geometry": { "type": "Point", "coordinates": [ 130.163804, 33.214274 ] } },
{ "type": "Feature", "properties": { "ID": 4133416002680, "正式名称": "医療法人知新会中尾歯科医院", "機関区分": 3, "都道府県コード": 41, "市区町村コード": 206, "所在地": "佐賀県武雄市武雄町富岡８９６５－２８", "緯度": 33.201884, "経度": 130.023234, "url": "https://www.iryou.teikyouseido.mhlw.go.jp/znk-web/juminkanja/S2430/initialize?prefCd=41&kikanCd=3416002680&kikanKbn=3", "url2": null, "内容": "医療法人知新会中尾歯科医院【3:歯科】佐賀県武雄市武雄町富岡８９６５－２８" }, "geometry": { "type": "Point", "coordinates": [ 130.023234, 33.201884 ] } },
{ "type": "Feature", "properties": { "ID": 4133416002710, "正式名称": "ひだか歯科", "機関区分": 3, "都道府県コード": 41, "市区町村コード": 441, "所在地": "佐賀県藤津郡太良町多良１－１９", "緯度": 33.011713, "経度": 130.113675, "url": "https://www.iryou.teikyouseido.mhlw.go.jp/znk-web/juminkanja/S2430/initialize?prefCd=41&kikanCd=3416002710&kikanKbn=3", "url2": null, "内容": "ひだか歯科【3:歯科】佐賀県藤津郡太良町多良１－１９" }, "geometry": { "type": "Point", "coordinates": [ 130.113675, 33.011713 ] } },
{ "type": "Feature", "properties": { "ID": 4133416002840, "正式名称": "京子歯科クリニック", "機関区分": 3, "都道府県コード": 41, "市区町村コード": 425, "所在地": "佐賀県杵島郡白石町福田２２６３－１６", "緯度": 33.18536, "経度": 130.142001, "url": "https://www.iryou.teikyouseido.mhlw.go.jp/znk-web/juminkanja/S2430/initialize?prefCd=41&kikanCd=3416002840&kikanKbn=3", "url2": null, "内容": "京子歯科クリニック【3:歯科】佐賀県杵島郡白石町福田２２６３－１６" }, "geometry": { "type": "Point", "coordinates": [ 130.142001, 33.18536 ] } },
{ "type": "Feature", "properties": { "ID": 4133416002970, "正式名称": "峰松歯科医院", "機関区分": 3, "都道府県コード": 41, "市区町村コード": 207, "所在地": "佐賀県鹿島市納富分３１８４－４", "緯度": 33.102008, "経度": 130.102063, "url": "https://www.iryou.teikyouseido.mhlw.go.jp/znk-web/juminkanja/S2430/initialize?prefCd=41&kikanCd=3416002970&kikanKbn=3", "url2": null, "内容": "峰松歯科医院【3:歯科】佐賀県鹿島市納富分３１８４－４" }, "geometry": { "type": "Point", "coordinates": [ 130.102063, 33.102008 ] } },
{ "type": "Feature", "properties": { "ID": 4133416003010, "正式名称": "医療法人　あんず歯科", "機関区分": 3, "都道府県コード": 41, "市区町村コード": 207, "所在地": "佐賀県鹿島市中村２００７－１", "緯度": 33.121397, "経度": 130.094283, "url": "https://www.iryou.teikyouseido.mhlw.go.jp/znk-web/juminkanja/S2430/initialize?prefCd=41&kikanCd=3416003010&kikanKbn=3", "url2": null, "内容": "医療法人　あんず歯科【3:歯科】佐賀県鹿島市中村２００７－１" }, "geometry": { "type": "Point", "coordinates": [ 130.094283, 33.121397 ] } },
{ "type": "Feature", "properties": { "ID": 4133416003140, "正式名称": "医療法人　ひだまり歯科医院", "機関区分": 3, "都道府県コード": 41, "市区町村コード": 207, "所在地": "佐賀県鹿島市納富分９９０ー３", "緯度": 33.094758, "経度": 130.095508, "url": "https://www.iryou.teikyouseido.mhlw.go.jp/znk-web/juminkanja/S2430/initialize?prefCd=41&kikanCd=3416003140&kikanKbn=3", "url2": "https://www.hidamari-dental.jp/", "内容": "医療法人　ひだまり歯科医院【3:歯科】佐賀県鹿島市納富分９９０ー３" }, "geometry": { "type": "Point", "coordinates": [ 130.095508, 33.094758 ] } },
{ "type": "Feature", "properties": { "ID": 4133416003300, "正式名称": "医療法人池田歯科", "機関区分": 3, "都道府県コード": 41, "市区町村コード": 206, "所在地": "佐賀県武雄市武雄町武雄５８９６番地２　Ｔ－ｃｕｂｅ１０１", "緯度": 33.189996, "経度": 130.009402, "url": "https://www.iryou.teikyouseido.mhlw.go.jp/znk-web/juminkanja/S2430/initialize?prefCd=41&kikanCd=3416003300&kikanKbn=3", "url2": "https://www.648-7048.com", "内容": "医療法人池田歯科【3:歯科】佐賀県武雄市武雄町武雄５８９６番地２　Ｔ－ｃｕｂｅ１０１" }, "geometry": { "type": "Point", "coordinates": [ 130.009402, 33.189996 ] } },
{ "type": "Feature", "properties": { "ID": 4133416003430, "正式名称": "とがし歯科第２医院", "機関区分": 3, "都道府県コード": 41, "市区町村コード": 207, "所在地": "佐賀県鹿島市高津原３７１５番地１７", "緯度": 33.113083, "経度": 130.089781, "url": "https://www.iryou.teikyouseido.mhlw.go.jp/znk-web/juminkanja/S2430/initialize?prefCd=41&kikanCd=3416003430&kikanKbn=3", "url2": null, "内容": "とがし歯科第２医院【3:歯科】佐賀県鹿島市高津原３７１５番地１７" }, "geometry": { "type": "Point", "coordinates": [ 130.089781, 33.113083 ] } },
{ "type": "Feature", "properties": { "ID": 4133416003720, "正式名称": "ナチュラルデンタルクリニック", "機関区分": 3, "都道府県コード": 41, "市区町村コード": 424, "所在地": "佐賀県杵島郡江北町佐留志２０３２－２", "緯度": 33.217474, "経度": 130.168085, "url": "https://www.iryou.teikyouseido.mhlw.go.jp/znk-web/juminkanja/S2430/initialize?prefCd=41&kikanCd=3416003720&kikanKbn=3", "url2": "http://www.naturaldc.jp/", "内容": "ナチュラルデンタルクリニック【3:歯科】佐賀県杵島郡江北町佐留志２０３２－２" }, "geometry": { "type": "Point", "coordinates": [ 130.168085, 33.217474 ] } },
{ "type": "Feature", "properties": { "ID": 4133416003850, "正式名称": "新武雄あおぞら歯科クリニック", "機関区分": 3, "都道府県コード": 41, "市区町村コード": 206, "所在地": "佐賀県武雄市武雄町富岡１２６２４－３", "緯度": 33.19704, "経度": 130.033751, "url": "https://www.iryou.teikyouseido.mhlw.go.jp/znk-web/juminkanja/S2430/initialize?prefCd=41&kikanCd=3416003850&kikanKbn=3", "url2": null, "内容": "新武雄あおぞら歯科クリニック【3:歯科】佐賀県武雄市武雄町富岡１２６２４－３" }, "geometry": { "type": "Point", "coordinates": [ 130.033751, 33.19704 ] } },
{ "type": "Feature", "properties": { "ID": 4133416003980, "正式名称": "松尾歯科矯正歯科", "機関区分": 3, "都道府県コード": 41, "市区町村コード": 206, "所在地": "佐賀県武雄市武雄町昭和４ー１１", "緯度": 33.193574, "経度": 130.020828, "url": "https://www.iryou.teikyouseido.mhlw.go.jp/znk-web/juminkanja/S2430/initialize?prefCd=41&kikanCd=3416003980&kikanKbn=3", "url2": null, "内容": "松尾歯科矯正歯科【3:歯科】佐賀県武雄市武雄町昭和４ー１１" }, "geometry": { "type": "Point", "coordinates": [ 130.020828, 33.193574 ] } },
{ "type": "Feature", "properties": { "ID": 4133416004020, "正式名称": "医療法人　のりこ歯科医院", "機関区分": 3, "都道府県コード": 41, "市区町村コード": 206, "所在地": "佐賀県武雄市北方町大崎１３１８−３", "緯度": 33.221705, "経度": 130.052452, "url": "https://www.iryou.teikyouseido.mhlw.go.jp/znk-web/juminkanja/S2430/initialize?prefCd=41&kikanCd=3416004020&kikanKbn=3", "url2": null, "内容": "医療法人　のりこ歯科医院【3:歯科】佐賀県武雄市北方町大崎１３１８−３" }, "geometry": { "type": "Point", "coordinates": [ 130.052452, 33.221705 ] } },
{ "type": "Feature", "properties": { "ID": 4133416004150, "正式名称": "たばた歯科医院", "機関区分": 3, "都道府県コード": 41, "市区町村コード": 441, "所在地": "佐賀県藤津郡太良町大浦丁３６８番地１９", "緯度": 32.974628, "経度": 130.206061, "url": "https://www.iryou.teikyouseido.mhlw.go.jp/znk-web/juminkanja/S2430/initialize?prefCd=41&kikanCd=3416004150&kikanKbn=3", "url2": null, "内容": "たばた歯科医院【3:歯科】佐賀県藤津郡太良町大浦丁３６８番地１９" }, "geometry": { "type": "Point", "coordinates": [ 130.206061, 32.974628 ] } },
{ "type": "Feature", "properties": { "ID": 4133416004280, "正式名称": "なかお歯科クリニック", "機関区分": 3, "都道府県コード": 41, "市区町村コード": 423, "所在地": "佐賀県杵島郡大町町福母１５４６番地", "緯度": 33.214467, "経度": 130.097704, "url": "https://www.iryou.teikyouseido.mhlw.go.jp/znk-web/juminkanja/S2430/initialize?prefCd=41&kikanCd=3416004280&kikanKbn=3", "url2": "http:/www.nakao-dc.net", "内容": "なかお歯科クリニック【3:歯科】佐賀県杵島郡大町町福母１５４６番地" }, "geometry": { "type": "Point", "coordinates": [ 130.097704, 33.214467 ] } },
{ "type": "Feature", "properties": { "ID": 4133416004440, "正式名称": "えごし歯科医院", "機関区分": 3, "都道府県コード": 41, "市区町村コード": 207, "所在地": "佐賀県鹿島市納富分１３５０−１", "緯度": 33.09666, "経度": 130.096653, "url": "https://www.iryou.teikyouseido.mhlw.go.jp/znk-web/juminkanja/S2430/initialize?prefCd=41&kikanCd=3416004440&kikanKbn=3", "url2": "http://www.egoshi-dental.com", "内容": "えごし歯科医院【3:歯科】佐賀県鹿島市納富分１３５０−１" }, "geometry": { "type": "Point", "coordinates": [ 130.096653, 33.09666 ] } },
{ "type": "Feature", "properties": { "ID": 4133416004570, "正式名称": "いたや歯科医院", "機関区分": 3, "都道府県コード": 41, "市区町村コード": 209, "所在地": "佐賀県嬉野市嬉野町下宿甲４７２５－６", "緯度": 33.102558, "経度": 129.996208, "url": "https://www.iryou.teikyouseido.mhlw.go.jp/znk-web/juminkanja/S2430/initialize?prefCd=41&kikanCd=3416004570&kikanKbn=3", "url2": "http://itayadental.jp", "内容": "いたや歯科医院【3:歯科】佐賀県嬉野市嬉野町下宿甲４７２５－６" }, "geometry": { "type": "Point", "coordinates": [ 129.996208, 33.102558 ] } },
{ "type": "Feature", "properties": { "ID": 4133416004730, "正式名称": "まじま歯科医院", "機関区分": 3, "都道府県コード": 41, "市区町村コード": 425, "所在地": "佐賀県杵島郡白石町福田１２８０−１", "緯度": 33.180899, "経度": 130.140022, "url": "https://www.iryou.teikyouseido.mhlw.go.jp/znk-web/juminkanja/S2430/initialize?prefCd=41&kikanCd=3416004730&kikanKbn=3", "url2": null, "内容": "まじま歯科医院【3:歯科】佐賀県杵島郡白石町福田１２８０−１" }, "geometry": { "type": "Point", "coordinates": [ 130.140022, 33.180899 ] } },
{ "type": "Feature", "properties": { "ID": 4133416004860, "正式名称": "ロータス歯科医院", "機関区分": 3, "都道府県コード": 41, "市区町村コード": 206, "所在地": "佐賀県武雄市武雄町武雄５５９６－１", "緯度": 33.191582, "経度": 130.016917, "url": "https://www.iryou.teikyouseido.mhlw.go.jp/znk-web/juminkanja/S2430/initialize?prefCd=41&kikanCd=3416004860&kikanKbn=3", "url2": "https://plus.dentamap.jp/hpplus/user/lotusdentalclinic/", "内容": "ロータス歯科医院【3:歯科】佐賀県武雄市武雄町武雄５５９６－１" }, "geometry": { "type": "Point", "coordinates": [ 130.016917, 33.191582 ] } },
{ "type": "Feature", "properties": { "ID": 4133416005030, "正式名称": "あまの歯科医院", "機関区分": 3, "都道府県コード": 41, "市区町村コード": 425, "所在地": "佐賀県杵島郡白石町大字廿治１５２６−２", "緯度": 33.179164, "経度": 130.137531, "url": "https://www.iryou.teikyouseido.mhlw.go.jp/znk-web/juminkanja/S2430/initialize?prefCd=41&kikanCd=3416005030&kikanKbn=3", "url2": "https://amano-dental.me/", "内容": "あまの歯科医院【3:歯科】佐賀県杵島郡白石町大字廿治１５２６−２" }, "geometry": { "type": "Point", "coordinates": [ 130.137531, 33.179164 ] } },
{ "type": "Feature", "properties": { "ID": 4133416005160, "正式名称": "おさだ歯科医院", "機関区分": 3, "都道府県コード": 41, "市区町村コード": 206, "所在地": "佐賀県武雄市武雄町大字武雄７３５７番地２号", "緯度": 33.195135, "経度": 130.015464, "url": "https://www.iryou.teikyouseido.mhlw.go.jp/znk-web/juminkanja/S2430/initialize?prefCd=41&kikanCd=3416005160&kikanKbn=3", "url2": "https://osadashika.com/", "内容": "おさだ歯科医院【3:歯科】佐賀県武雄市武雄町大字武雄７３５７番地２号" }, "geometry": { "type": "Point", "coordinates": [ 130.015464, 33.195135 ] } },
{ "type": "Feature", "properties": { "ID": 4133416005290, "正式名称": "医療法人　聖生会　久野歯科クリニック", "機関区分": 3, "都道府県コード": 41, "市区町村コード": 425, "所在地": "佐賀県杵島郡白石町戸ケ里２４５７－１", "緯度": 33.15203, "経度": 130.126559, "url": "https://www.iryou.teikyouseido.mhlw.go.jp/znk-web/juminkanja/S2430/initialize?prefCd=41&kikanCd=3416005290&kikanKbn=3", "url2": null, "内容": "医療法人　聖生会　久野歯科クリニック【3:歯科】佐賀県杵島郡白石町戸ケ里２４５７－１" }, "geometry": { "type": "Point", "coordinates": [ 130.126559, 33.15203 ] } },
{ "type": "Feature", "properties": { "ID": 4133416005450, "正式名称": "うれしの・山口歯科医院", "機関区分": 3, "都道府県コード": 41, "市区町村コード": 209, "所在地": "佐賀県嬉野市嬉野町下宿乙２１２４－３", "緯度": 33.098254, "経度": 129.983293, "url": "https://www.iryou.teikyouseido.mhlw.go.jp/znk-web/juminkanja/S2430/initialize?prefCd=41&kikanCd=3416005450&kikanKbn=3", "url2": null, "内容": "うれしの・山口歯科医院【3:歯科】佐賀県嬉野市嬉野町下宿乙２１２４－３" }, "geometry": { "type": "Point", "coordinates": [ 129.983293, 33.098254 ] } },
{ "type": "Feature", "properties": { "ID": 4133416005580, "正式名称": "まさよし歯科", "機関区分": 3, "都道府県コード": 41, "市区町村コード": 206, "所在地": "佐賀県武雄市武雄町永島１３７０６番地４", "緯度": 33.178257, "経度": 130.03412, "url": "https://www.iryou.teikyouseido.mhlw.go.jp/znk-web/juminkanja/S2430/initialize?prefCd=41&kikanCd=3416005580&kikanKbn=3", "url2": null, "内容": "まさよし歯科【3:歯科】佐賀県武雄市武雄町永島１３７０６番地４" }, "geometry": { "type": "Point", "coordinates": [ 130.03412, 33.178257 ] } }
]
}
