{
"type": "FeatureCollection",
"name": "geo_41_2",
"crs": { "type": "name", "properties": { "name": "urn:ogc:def:crs:OGC:1.3:CRS84" } },
"features": [
{ "type": "Feature", "properties": { "ID": 4122415101420, "正式名称": "医療法人メディンフラ江口医院", "機関区分": 2, "都道府県コード": 41, "市区町村コード": 201, "所在地": "佐賀県佐賀市神野東１丁目５番１号", "緯度": 33.262715, "経度": 130.294235, "url": "https://www.iryou.teikyouseido.mhlw.go.jp/znk-web/juminkanja/S2430/initialize?prefCd=41&kikanCd=2415101420&kikanKbn=2", "url2": null, "内容": "医療法人メディンフラ江口医院【2:診療所】【診療科目:内科】佐賀県佐賀市神野東１丁目５番１号" }, "geometry": { "type": "Point", "coordinates": [ 130.294235, 33.262715 ] } },
{ "type": "Feature", "properties": { "ID": 4122415102560, "正式名称": "医療法人金武外科肛門科", "機関区分": 2, "都道府県コード": 41, "市区町村コード": 201, "所在地": "佐賀県佐賀市城内二丁目２ー５６", "緯度": 33.248356, "経度": 130.300846, "url": "https://www.iryou.teikyouseido.mhlw.go.jp/znk-web/juminkanja/S2430/initialize?prefCd=41&kikanCd=2415102560&kikanKbn=2", "url2": "http://kanatake.com", "内容": "医療法人金武外科肛門科【2:診療所】【診療科目:消化器内科_外科_肛門外科】佐賀県佐賀市城内二丁目２ー５６" }, "geometry": { "type": "Point", "coordinates": [ 130.300846, 33.248356 ] } },
{ "type": "Feature", "properties": { "ID": 4122415103570, "正式名称": "医療法人素心庵　栗山医院", "機関区分": 2, "都道府県コード": 41, "市区町村コード": 201, "所在地": "佐賀県佐賀市白山１－４－６", "緯度": 33.254272, "経度": 130.295819, "url": "https://www.iryou.teikyouseido.mhlw.go.jp/znk-web/juminkanja/S2430/initialize?prefCd=41&kikanCd=2415103570&kikanKbn=2", "url2": null, "内容": "医療法人素心庵　栗山医院【2:診療所】【診療科目:内科_漢方内科】佐賀県佐賀市白山１－４－６" }, "geometry": { "type": "Point", "coordinates": [ 130.295819, 33.254272 ] } },
{ "type": "Feature", "properties": { "ID": 4122415103600, "正式名称": "医療法人草場整形外科", "機関区分": 2, "都道府県コード": 41, "市区町村コード": 201, "所在地": "佐賀県佐賀市赤松町１－９", "緯度": 33.247522, "経度": 130.295402, "url": "https://www.iryou.teikyouseido.mhlw.go.jp/znk-web/juminkanja/S2430/initialize?prefCd=41&kikanCd=2415103600&kikanKbn=2", "url2": null, "内容": "医療法人草場整形外科【2:診療所】【診療科目:整形外科_リウマチ科_リハビリテーション科】佐賀県佐賀市赤松町１－９" }, "geometry": { "type": "Point", "coordinates": [ 130.295402, 33.247522 ] } },
{ "type": "Feature", "properties": { "ID": 4122415104450, "正式名称": "小林耳鼻咽喉科クリニック", "機関区分": 2, "都道府県コード": 41, "市区町村コード": 201, "所在地": "佐賀県佐賀市中の小路７－３０", "緯度": 33.252855, "経度": 130.293652, "url": "https://www.iryou.teikyouseido.mhlw.go.jp/znk-web/juminkanja/S2430/initialize?prefCd=41&kikanCd=2415104450&kikanKbn=2", "url2": null, "内容": "小林耳鼻咽喉科クリニック【2:診療所】【診療科目:耳鼻いんこう科_アレルギー科】佐賀県佐賀市中の小路７－３０" }, "geometry": { "type": "Point", "coordinates": [ 130.293652, 33.252855 ] } },
{ "type": "Feature", "properties": { "ID": 4122415104580, "正式名称": "医療法人　佐藤整形外科", "機関区分": 2, "都道府県コード": 41, "市区町村コード": 201, "所在地": "佐賀県佐賀市大財３丁目ー５ー１８", "緯度": 33.260715, "経度": 130.30354, "url": "https://www.iryou.teikyouseido.mhlw.go.jp/znk-web/juminkanja/S2430/initialize?prefCd=41&kikanCd=2415104580&kikanKbn=2", "url2": "http://www.satou-orthopedics.com/", "内容": "医療法人　佐藤整形外科【2:診療所】【診療科目:整形外科_リウマチ科_リハビリテーション科】佐賀県佐賀市大財３丁目ー５ー１８" }, "geometry": { "type": "Point", "coordinates": [ 130.30354, 33.260715 ] } },
{ "type": "Feature", "properties": { "ID": 4122415104740, "正式名称": "凌皮膚科医院", "機関区分": 2, "都道府県コード": 41, "市区町村コード": 201, "所在地": "佐賀県佐賀市松原三丁目４番３号", "緯度": 33.253216, "経度": 130.30554, "url": "https://www.iryou.teikyouseido.mhlw.go.jp/znk-web/juminkanja/S2430/initialize?prefCd=41&kikanCd=2415104740&kikanKbn=2", "url2": "https://shinogidermaclinic.jimdosite.com/", "内容": "凌皮膚科医院【2:診療所】【診療科目:内科_皮膚科】佐賀県佐賀市松原三丁目４番３号" }, "geometry": { "type": "Point", "coordinates": [ 130.30554, 33.253216 ] } },
{ "type": "Feature", "properties": { "ID": 4122415105460, "正式名称": "田尻医院", "機関区分": 2, "都道府県コード": 41, "市区町村コード": 201, "所在地": "佐賀県佐賀市高木町５ー１６", "緯度": 33.255772, "経度": 130.30654, "url": "https://www.iryou.teikyouseido.mhlw.go.jp/znk-web/juminkanja/S2430/initialize?prefCd=41&kikanCd=2415105460&kikanKbn=2", "url2": null, "内容": "田尻医院【2:診療所】【診療科目:内科_呼吸器内科_循環器内科_消化器内科_胃腸内科】佐賀県佐賀市高木町５ー１６" }, "geometry": { "type": "Point", "coordinates": [ 130.30654, 33.255772 ] } },
{ "type": "Feature", "properties": { "ID": 4122415105750, "正式名称": "医療法人中央クリニック", "機関区分": 2, "都道府県コード": 41, "市区町村コード": 201, "所在地": "佐賀県佐賀市八幡小路５ー１５", "緯度": 33.253206, "経度": 130.294451, "url": "https://www.iryou.teikyouseido.mhlw.go.jp/znk-web/juminkanja/S2430/initialize?prefCd=41&kikanCd=2415105750&kikanKbn=2", "url2": null, "内容": "医療法人中央クリニック【2:診療所】【診療科目:消化器内科_外科_整形外科_麻酔科】佐賀県佐賀市八幡小路５ー１５" }, "geometry": { "type": "Point", "coordinates": [ 130.294451, 33.253206 ] } },
{ "type": "Feature", "properties": { "ID": 4122415106180, "正式名称": "富﨑小児科", "機関区分": 2, "都道府県コード": 41, "市区町村コード": 201, "所在地": "佐賀県佐賀市神野東２丁目４ー３８", "緯度": 33.265381, "経度": 130.294624, "url": "https://www.iryou.teikyouseido.mhlw.go.jp/znk-web/juminkanja/S2430/initialize?prefCd=41&kikanCd=2415106180&kikanKbn=2", "url2": null, "内容": "富﨑小児科【2:診療所】【診療科目:小児科_児童精神科_漢方小児科、児童・思春期精神科、発達小児科】佐賀県佐賀市神野東２丁目４ー３８" }, "geometry": { "type": "Point", "coordinates": [ 130.294624, 33.265381 ] } },
{ "type": "Feature", "properties": { "ID": 4122415106210, "正式名称": "中原胃腸科内科", "機関区分": 2, "都道府県コード": 41, "市区町村コード": 201, "所在地": "佐賀県佐賀市城内１－５－９", "緯度": 33.248772, "経度": 130.299152, "url": "https://www.iryou.teikyouseido.mhlw.go.jp/znk-web/juminkanja/S2430/initialize?prefCd=41&kikanCd=2415106210&kikanKbn=2", "url2": "http://www.mikku.co.jp/nakahara-clinic/", "内容": "中原胃腸科内科【2:診療所】【診療科目:内科_呼吸器内科_消化器内科_胃腸内科_禁煙外来】佐賀県佐賀市城内１－５－９" }, "geometry": { "type": "Point", "coordinates": [ 130.299152, 33.248772 ] } },
{ "type": "Feature", "properties": { "ID": 4122415106890, "正式名称": "医療法人社団恵風会　西村医院", "機関区分": 2, "都道府県コード": 41, "市区町村コード": 201, "所在地": "佐賀県佐賀市兵庫町瓦町９７１", "緯度": 33.271548, "経度": 130.332482, "url": "https://www.iryou.teikyouseido.mhlw.go.jp/znk-web/juminkanja/S2430/initialize?prefCd=41&kikanCd=2415106890&kikanKbn=2", "url2": "https://www.nishimura-clinic-saga.com/", "内容": "医療法人社団恵風会　西村医院【2:診療所】【診療科目:内科_神経内科_外科_在宅緩和ケア、在宅医療】佐賀県佐賀市兵庫町瓦町９７１" }, "geometry": { "type": "Point", "coordinates": [ 130.332482, 33.271548 ] } },
{ "type": "Feature", "properties": { "ID": 4122415108100, "正式名称": "深川胃腸科外科医院", "機関区分": 2, "都道府県コード": 41, "市区町村コード": 201, "所在地": "佐賀県佐賀市水ケ江３ー３ー４", "緯度": 33.245578, "経度": 130.307624, "url": "https://www.iryou.teikyouseido.mhlw.go.jp/znk-web/juminkanja/S2430/initialize?prefCd=41&kikanCd=2415108100&kikanKbn=2", "url2": null, "内容": "深川胃腸科外科医院【2:診療所】【診療科目:内科_胃腸内科_外科】佐賀県佐賀市水ケ江３ー３ー４" }, "geometry": { "type": "Point", "coordinates": [ 130.307624, 33.245578 ] } },
{ "type": "Feature", "properties": { "ID": 4122415109790, "正式名称": "むとう内科・脳神経内科クリニック", "機関区分": 2, "都道府県コード": 41, "市区町村コード": 201, "所在地": "佐賀県佐賀市南佐賀二丁目１－１３", "緯度": 33.238774, "経度": 130.317817, "url": "https://www.iryou.teikyouseido.mhlw.go.jp/znk-web/juminkanja/S2430/initialize?prefCd=41&kikanCd=2415109790&kikanKbn=2", "url2": "https://muto-neuro-clinic.com/", "内容": "むとう内科・脳神経内科クリニック【2:診療所】【診療科目:内科_脳神経内科_神経内科】佐賀県佐賀市南佐賀二丁目１－１３" }, "geometry": { "type": "Point", "coordinates": [ 130.317817, 33.238774 ] } },
{ "type": "Feature", "properties": { "ID": 4122415110060, "正式名称": "森医院", "機関区分": 2, "都道府県コード": 41, "市区町村コード": 201, "所在地": "佐賀県佐賀市愛敬町８－１１", "緯度": 33.260715, "経度": 130.30154, "url": "https://www.iryou.teikyouseido.mhlw.go.jp/znk-web/juminkanja/S2430/initialize?prefCd=41&kikanCd=2415110060&kikanKbn=2", "url2": null, "内容": "森医院【2:診療所】【診療科目:内科】佐賀県佐賀市愛敬町８－１１" }, "geometry": { "type": "Point", "coordinates": [ 130.30154, 33.260715 ] } },
{ "type": "Feature", "properties": { "ID": 4122415110640, "正式名称": "山口耳鼻咽喉科医院", "機関区分": 2, "都道府県コード": 41, "市区町村コード": 201, "所在地": "佐賀県佐賀市堀川町１－８", "緯度": 33.250822, "経度": 130.296706, "url": "https://www.iryou.teikyouseido.mhlw.go.jp/znk-web/juminkanja/S2430/initialize?prefCd=41&kikanCd=2415110640&kikanKbn=2", "url2": null, "内容": "山口耳鼻咽喉科医院【2:診療所】【診療科目:耳鼻いんこう科_気管食道・耳鼻いんこう科_頭頸部・耳鼻いんこう科】佐賀県佐賀市堀川町１－８" }, "geometry": { "type": "Point", "coordinates": [ 130.296706, 33.250822 ] } },
{ "type": "Feature", "properties": { "ID": 4122415111100, "正式名称": "医療法人吉松皮フ科", "機関区分": 2, "都道府県コード": 41, "市区町村コード": 201, "所在地": "佐賀県佐賀市本庄町本庄８８８ー５", "緯度": 33.243661, "経度": 130.284542, "url": "https://www.iryou.teikyouseido.mhlw.go.jp/znk-web/juminkanja/S2430/initialize?prefCd=41&kikanCd=2415111100&kikanKbn=2", "url2": null, "内容": "医療法人吉松皮フ科【2:診療所】【診療科目:皮膚科】佐賀県佐賀市本庄町本庄８８８ー５" }, "geometry": { "type": "Point", "coordinates": [ 130.284542, 33.243661 ] } },
{ "type": "Feature", "properties": { "ID": 4122415111650, "正式名称": "医療法人みぞかみ耳鼻咽喉科", "機関区分": 2, "都道府県コード": 41, "市区町村コード": 201, "所在地": "佐賀県佐賀市与賀町４ー２１", "緯度": 33.249689, "経度": 130.292736, "url": "https://www.iryou.teikyouseido.mhlw.go.jp/znk-web/juminkanja/S2430/initialize?prefCd=41&kikanCd=2415111650&kikanKbn=2", "url2": null, "内容": "医療法人みぞかみ耳鼻咽喉科【2:診療所】【診療科目:耳鼻いんこう科_気管食道・耳鼻いんこう科_頭頸部・耳鼻いんこう科_アレルギー科】佐賀県佐賀市与賀町４ー２１" }, "geometry": { "type": "Point", "coordinates": [ 130.292736, 33.249689 ] } },
{ "type": "Feature", "properties": { "ID": 4122415112400, "正式名称": "医療法人力武医院", "機関区分": 2, "都道府県コード": 41, "市区町村コード": 201, "所在地": "佐賀県佐賀市神野東２丁目４番２２号", "緯度": 33.264937, "経度": 130.294124, "url": "https://www.iryou.teikyouseido.mhlw.go.jp/znk-web/juminkanja/S2430/initialize?prefCd=41&kikanCd=2415112400&kikanKbn=2", "url2": "https://rikitake-iin.com/", "内容": "医療法人力武医院【2:診療所】【診療科目:内科_腎臓内科】佐賀県佐賀市神野東２丁目４番２２号" }, "geometry": { "type": "Point", "coordinates": [ 130.294124, 33.264937 ] } },
{ "type": "Feature", "properties": { "ID": 4122415112790, "正式名称": "医療法人純伸会　矢ヶ部医院", "機関区分": 2, "都道府県コード": 41, "市区町村コード": 201, "所在地": "佐賀県佐賀市木原３－２－１１", "緯度": 33.247523, "経度": 130.323233, "url": "https://www.iryou.teikyouseido.mhlw.go.jp/znk-web/juminkanja/S2430/initialize?prefCd=41&kikanCd=2415112790&kikanKbn=2", "url2": "http://yakabeiin.com", "内容": "医療法人純伸会　矢ヶ部医院【2:診療所】【診療科目:内科_糖尿病内科_糖尿病・代謝内科_循環器内科_消化器内科_肝臓内科_内視鏡内科_疼痛緩和内科_ペインクリニック内科_緩和ケア内科_高血圧内科_外科_心臓血管外科_在宅診療、在宅緩和ケア、訪問リハビリテーション】佐賀県佐賀市木原３－２－１１" }, "geometry": { "type": "Point", "coordinates": [ 130.323233, 33.247523 ] } },
{ "type": "Feature", "properties": { "ID": 4122415113120, "正式名称": "医療法人笙船会　飯盛内科", "機関区分": 2, "都道府県コード": 41, "市区町村コード": 201, "所在地": "佐賀県佐賀市多布施２丁目６番２４号", "緯度": 33.258715, "経度": 130.28943, "url": "https://www.iryou.teikyouseido.mhlw.go.jp/znk-web/juminkanja/S2430/initialize?prefCd=41&kikanCd=2415113120&kikanKbn=2", "url2": null, "内容": "医療法人笙船会　飯盛内科【2:診療所】【診療科目:内科】佐賀県佐賀市多布施２丁目６番２４号" }, "geometry": { "type": "Point", "coordinates": [ 130.28943, 33.258715 ] } },
{ "type": "Feature", "properties": { "ID": 4122415113250, "正式名称": "松永内科医院", "機関区分": 2, "都道府県コード": 41, "市区町村コード": 201, "所在地": "佐賀県佐賀市高木瀬西一丁目３番２５号", "緯度": 33.281296, "経度": 130.290624, "url": "https://www.iryou.teikyouseido.mhlw.go.jp/znk-web/juminkanja/S2430/initialize?prefCd=41&kikanCd=2415113250&kikanKbn=2", "url2": null, "内容": "松永内科医院【2:診療所】【診療科目:内科_循環器内科_胃腸内科_小児科】佐賀県佐賀市高木瀬西一丁目３番２５号" }, "geometry": { "type": "Point", "coordinates": [ 130.290624, 33.281296 ] } },
{ "type": "Feature", "properties": { "ID": 4122415113830, "正式名称": "医療法人　牧野医院", "機関区分": 2, "都道府県コード": 41, "市区町村コード": 201, "所在地": "佐賀県佐賀市日の出一丁目１４の２６", "緯度": 33.280685, "経度": 130.297679, "url": "https://www.iryou.teikyouseido.mhlw.go.jp/znk-web/juminkanja/S2430/initialize?prefCd=41&kikanCd=2415113830&kikanKbn=2", "url2": "http://www.makino-clinic.jp/", "内容": "医療法人　牧野医院【2:診療所】【診療科目:泌尿器科】佐賀県佐賀市日の出一丁目１４の２６" }, "geometry": { "type": "Point", "coordinates": [ 130.297679, 33.280685 ] } },
{ "type": "Feature", "properties": { "ID": 4122415114130, "正式名称": "前山医院", "機関区分": 2, "都道府県コード": 41, "市区町村コード": 201, "所在地": "佐賀県佐賀市川原町５番１７号", "緯度": 33.249967, "経度": 130.291253, "url": "https://www.iryou.teikyouseido.mhlw.go.jp/znk-web/juminkanja/S2430/initialize?prefCd=41&kikanCd=2415114130&kikanKbn=2", "url2": "http://www.bunbun.ne.jp/eigen/", "内容": "前山医院【2:診療所】【診療科目:内科_糖尿病内科_消化器内科】佐賀県佐賀市川原町５番１７号" }, "geometry": { "type": "Point", "coordinates": [ 130.291253, 33.249967 ] } },
{ "type": "Feature", "properties": { "ID": 4122415114710, "正式名称": "医療法人　森永整形外科医院", "機関区分": 2, "都道府県コード": 41, "市区町村コード": 201, "所在地": "佐賀県佐賀市開成６丁目１４番４８号", "緯度": 33.269992, "経度": 130.272098, "url": "https://www.iryou.teikyouseido.mhlw.go.jp/znk-web/juminkanja/S2430/initialize?prefCd=41&kikanCd=2415114710&kikanKbn=2", "url2": "https://morinaga-seikei.com/", "内容": "医療法人　森永整形外科医院【2:診療所】【診療科目:整形外科_リウマチ科_リハビリテーション科】佐賀県佐賀市開成６丁目１４番４８号" }, "geometry": { "type": "Point", "coordinates": [ 130.272098, 33.269992 ] } },
{ "type": "Feature", "properties": { "ID": 4122415115010, "正式名称": "医療法人　おそえがわ脳神経内科", "機関区分": 2, "都道府県コード": 41, "市区町村コード": 201, "所在地": "佐賀県佐賀市神園３丁目４－５", "緯度": 33.265242, "経度": 130.284986, "url": "https://www.iryou.teikyouseido.mhlw.go.jp/znk-web/juminkanja/S2430/initialize?prefCd=41&kikanCd=2415115010&kikanKbn=2", "url2": "http://osoegawa.esaga.jp/", "内容": "医療法人　おそえがわ脳神経内科【2:診療所】【診療科目:内科_神経内科_リハビリテーション科】佐賀県佐賀市神園３丁目４－５" }, "geometry": { "type": "Point", "coordinates": [ 130.284986, 33.265242 ] } },
{ "type": "Feature", "properties": { "ID": 4122415115140, "正式名称": "池田内科　消化器科", "機関区分": 2, "都道府県コード": 41, "市区町村コード": 201, "所在地": "佐賀県佐賀市若宮３丁目１－２４", "緯度": 33.273575, "経度": 130.287708, "url": "https://www.iryou.teikyouseido.mhlw.go.jp/znk-web/juminkanja/S2430/initialize?prefCd=41&kikanCd=2415115140&kikanKbn=2", "url2": null, "内容": "池田内科　消化器科【2:診療所】【診療科目:内科_消化器内科】佐賀県佐賀市若宮３丁目１－２４" }, "geometry": { "type": "Point", "coordinates": [ 130.287708, 33.273575 ] } },
{ "type": "Feature", "properties": { "ID": 4122415115300, "正式名称": "陣内胃腸科内科医院", "機関区分": 2, "都道府県コード": 41, "市区町村コード": 201, "所在地": "佐賀県佐賀市新栄西二丁目１番２号", "緯度": 33.253632, "経度": 130.273988, "url": "https://www.iryou.teikyouseido.mhlw.go.jp/znk-web/juminkanja/S2430/initialize?prefCd=41&kikanCd=2415115300&kikanKbn=2", "url2": null, "内容": "陣内胃腸科内科医院【2:診療所】【診療科目:内科_感染症内科_胃腸内科_リハビリテーション科】佐賀県佐賀市新栄西二丁目１番２号" }, "geometry": { "type": "Point", "coordinates": [ 130.273988, 33.253632 ] } },
{ "type": "Feature", "properties": { "ID": 4122415115720, "正式名称": "医療法人　信和会　高柳内科", "機関区分": 2, "都道府県コード": 41, "市区町村コード": 201, "所在地": "佐賀県佐賀市嘉瀬町十五２２９１番地１", "緯度": 33.219509, "経度": 130.256567, "url": "https://www.iryou.teikyouseido.mhlw.go.jp/znk-web/juminkanja/S2430/initialize?prefCd=41&kikanCd=2415115720&kikanKbn=2", "url2": null, "内容": "医療法人　信和会　高柳内科【2:診療所】【診療科目:内科_呼吸器内科_循環器内科_消化器内科_胃腸内科_小児科】佐賀県佐賀市嘉瀬町十五２２９１番地１" }, "geometry": { "type": "Point", "coordinates": [ 130.256567, 33.219509 ] } },
{ "type": "Feature", "properties": { "ID": 4122415116150, "正式名称": "ながえ内科クリニック", "機関区分": 2, "都道府県コード": 41, "市区町村コード": 201, "所在地": "佐賀県佐賀市開成１ー４ー２", "緯度": 33.268186, "経度": 130.27857, "url": "https://www.iryou.teikyouseido.mhlw.go.jp/znk-web/juminkanja/S2430/initialize?prefCd=41&kikanCd=2415116150&kikanKbn=2", "url2": "https://nagae-naika.com/", "内容": "ながえ内科クリニック【2:診療所】【診療科目:内科_呼吸器内科_循環器内科_消化器内科_胃腸内科_小児科】佐賀県佐賀市開成１ー４ー２" }, "geometry": { "type": "Point", "coordinates": [ 130.27857, 33.268186 ] } },
{ "type": "Feature", "properties": { "ID": 4122415116570, "正式名称": "医療法人　おおくま産婦人科", "機関区分": 2, "都道府県コード": 41, "市区町村コード": 201, "所在地": "佐賀県佐賀市高木瀬西２ー１０ー５", "緯度": 33.281213, "経度": 130.289097, "url": "https://www.iryou.teikyouseido.mhlw.go.jp/znk-web/juminkanja/S2430/initialize?prefCd=41&kikanCd=2415116570&kikanKbn=2", "url2": "http://www.ookuma-ladiesclinic.com", "内容": "医療法人　おおくま産婦人科【2:診療所】【診療科目:産婦人科_産婦人科（生殖医療）】佐賀県佐賀市高木瀬西２ー１０ー５" }, "geometry": { "type": "Point", "coordinates": [ 130.289097, 33.281213 ] } },
{ "type": "Feature", "properties": { "ID": 4122415117320, "正式名称": "木原医院", "機関区分": 2, "都道府県コード": 41, "市区町村コード": 201, "所在地": "佐賀県佐賀市鍋島町八戸溝１６２９－１", "緯度": 33.262437, "経度": 130.263905, "url": "https://www.iryou.teikyouseido.mhlw.go.jp/znk-web/juminkanja/S2430/initialize?prefCd=41&kikanCd=2415117320&kikanKbn=2", "url2": null, "内容": "木原医院【2:診療所】【診療科目:消化器内科_外科】佐賀県佐賀市鍋島町八戸溝１６２９－１" }, "geometry": { "type": "Point", "coordinates": [ 130.263905, 33.262437 ] } },
{ "type": "Feature", "properties": { "ID": 4122415117450, "正式名称": "医療法人　光心会　小峯クリニック", "機関区分": 2, "都道府県コード": 41, "市区町村コード": 201, "所在地": "佐賀県佐賀市本庄町袋２７５ー１", "緯度": 33.238551, "経度": 130.303902, "url": "https://www.iryou.teikyouseido.mhlw.go.jp/znk-web/juminkanja/S2430/initialize?prefCd=41&kikanCd=2415117450&kikanKbn=2", "url2": null, "内容": "医療法人　光心会　小峯クリニック【2:診療所】【診療科目:整形外科_リウマチ科_リハビリテーション科】佐賀県佐賀市本庄町袋２７５ー１" }, "geometry": { "type": "Point", "coordinates": [ 130.303902, 33.238551 ] } },
{ "type": "Feature", "properties": { "ID": 4122415118040, "正式名称": "医療法人實生会池田産婦人科", "機関区分": 2, "都道府県コード": 41, "市区町村コード": 201, "所在地": "佐賀県佐賀市諸富町諸富津４３１ー４", "緯度": 33.223887, "経度": 130.361258, "url": "https://www.iryou.teikyouseido.mhlw.go.jp/znk-web/juminkanja/S2430/initialize?prefCd=41&kikanCd=2415118040&kikanKbn=2", "url2": "http://www.ikeda-sanfujinka.info/", "内容": "医療法人實生会池田産婦人科【2:診療所】【診療科目:産科_婦人科】佐賀県佐賀市諸富町諸富津４３１ー４" }, "geometry": { "type": "Point", "coordinates": [ 130.361258, 33.223887 ] } },
{ "type": "Feature", "properties": { "ID": 4122415118170, "正式名称": "斉藤医院", "機関区分": 2, "都道府県コード": 41, "市区町村コード": 201, "所在地": "佐賀県佐賀市諸富町大堂２１４", "緯度": 33.237608, "経度": 130.368924, "url": "https://www.iryou.teikyouseido.mhlw.go.jp/znk-web/juminkanja/S2430/initialize?prefCd=41&kikanCd=2415118170&kikanKbn=2", "url2": null, "内容": "斉藤医院【2:診療所】【診療科目:内科_小児科】佐賀県佐賀市諸富町大堂２１４" }, "geometry": { "type": "Point", "coordinates": [ 130.368924, 33.237608 ] } },
{ "type": "Feature", "properties": { "ID": 4122415120450, "正式名称": "医療法人洋友会みやはら　好川総合クリニック", "機関区分": 2, "都道府県コード": 41, "市区町村コード": 201, "所在地": "佐賀県佐賀市久保田町新田１４６８", "緯度": 33.224941, "経度": 130.241297, "url": "https://www.iryou.teikyouseido.mhlw.go.jp/znk-web/juminkanja/S2430/initialize?prefCd=41&kikanCd=2415120450&kikanKbn=2", "url2": "http://youyuukai-heiseikai.jp", "内容": "医療法人洋友会みやはら　好川総合クリニック【2:診療所】【診療科目:内科_呼吸器内科_循環器内科_消化器内科_神経内科_整形外科_小児科_皮膚科】佐賀県佐賀市久保田町新田１４６８" }, "geometry": { "type": "Point", "coordinates": [ 130.241297, 33.224941 ] } },
{ "type": "Feature", "properties": { "ID": 4122415120740, "正式名称": "医療法人中西内科", "機関区分": 2, "都道府県コード": 41, "市区町村コード": 201, "所在地": "佐賀県佐賀市大和町尼寺２２５７番地８", "緯度": 33.309182, "経度": 130.279736, "url": "https://www.iryou.teikyouseido.mhlw.go.jp/znk-web/juminkanja/S2430/initialize?prefCd=41&kikanCd=2415120740&kikanKbn=2", "url2": null, "内容": "医療法人中西内科【2:診療所】【診療科目:内科_消化器内科】佐賀県佐賀市大和町尼寺２２５７番地８" }, "geometry": { "type": "Point", "coordinates": [ 130.279736, 33.309182 ] } },
{ "type": "Feature", "properties": { "ID": 4122415122210, "正式名称": "木村医院", "機関区分": 2, "都道府県コード": 41, "市区町村コード": 201, "所在地": "佐賀県佐賀市久保泉町下和泉１９３１番地", "緯度": 33.305322, "経度": 130.334064, "url": "https://www.iryou.teikyouseido.mhlw.go.jp/znk-web/juminkanja/S2430/initialize?prefCd=41&kikanCd=2415122210&kikanKbn=2", "url2": null, "内容": "木村医院【2:診療所】【診療科目:内科_糖尿病・内分泌内科_脳神経内科_呼吸器内科_心臓血管内科_消化器内科_胃腸内科_腎臓内科_肝臓内科_内視鏡内科_ペインクリニック内科_外科_整形外科_気管食道・耳鼻いんこう科_皮膚科_泌尿器科_老年精神科_アレルギー科_リハビリテーション科】佐賀県佐賀市久保泉町下和泉１９３１番地" }, "geometry": { "type": "Point", "coordinates": [ 130.334064, 33.305322 ] } },
{ "type": "Feature", "properties": { "ID": 4122415122470, "正式名称": "島田医院", "機関区分": 2, "都道府県コード": 41, "市区町村コード": 201, "所在地": "佐賀県佐賀市嘉瀬町中原１９７３ー１", "緯度": 33.242911, "経度": 130.258323, "url": "https://www.iryou.teikyouseido.mhlw.go.jp/znk-web/juminkanja/S2430/initialize?prefCd=41&kikanCd=2415122470&kikanKbn=2", "url2": "http://www.shimada.or.jp", "内容": "島田医院【2:診療所】【診療科目:内科_循環器内科_小児科】佐賀県佐賀市嘉瀬町中原１９７３ー１" }, "geometry": { "type": "Point", "coordinates": [ 130.258323, 33.242911 ] } },
{ "type": "Feature", "properties": { "ID": 4122415122890, "正式名称": "医療法人島内整形外科医院", "機関区分": 2, "都道府県コード": 41, "市区町村コード": 201, "所在地": "佐賀県佐賀市大和町尼寺２６２８ー１", "緯度": 33.309571, "経度": 130.284902, "url": "https://www.iryou.teikyouseido.mhlw.go.jp/znk-web/juminkanja/S2430/initialize?prefCd=41&kikanCd=2415122890&kikanKbn=2", "url2": "http://www.shimauchi-seikei.jp", "内容": "医療法人島内整形外科医院【2:診療所】【診療科目:整形外科_リハビリテーション科】佐賀県佐賀市大和町尼寺２６２８ー１" }, "geometry": { "type": "Point", "coordinates": [ 130.284902, 33.309571 ] } },
{ "type": "Feature", "properties": { "ID": 4122415124100, "正式名称": "医療法人信愛整形外科医院", "機関区分": 2, "都道府県コード": 41, "市区町村コード": 201, "所在地": "佐賀県佐賀市川原町４番８号", "緯度": 33.250105, "経度": 130.29168, "url": "https://www.iryou.teikyouseido.mhlw.go.jp/znk-web/juminkanja/S2430/initialize?prefCd=41&kikanCd=2415124100&kikanKbn=2", "url2": "https://www.shin-ai-seikei.jp/", "内容": "医療法人信愛整形外科医院【2:診療所】【診療科目:整形外科_リウマチ科_リハビリテーション科】佐賀県佐賀市川原町４番８号" }, "geometry": { "type": "Point", "coordinates": [ 130.29168, 33.250105 ] } },
{ "type": "Feature", "properties": { "ID": 4122415125080, "正式名称": "医療法人三和会　本多整形外科", "機関区分": 2, "都道府県コード": 41, "市区町村コード": 201, "所在地": "佐賀県佐賀市高木瀬東２丁目４番１０号", "緯度": 33.280657, "経度": 130.295818, "url": "https://www.iryou.teikyouseido.mhlw.go.jp/znk-web/juminkanja/S2430/initialize?prefCd=41&kikanCd=2415125080&kikanKbn=2", "url2": null, "内容": "医療法人三和会　本多整形外科【2:診療所】【診療科目:整形外科_リハビリテーション科_通所リハビリテーション】佐賀県佐賀市高木瀬東２丁目４番１０号" }, "geometry": { "type": "Point", "coordinates": [ 130.295818, 33.280657 ] } },
{ "type": "Feature", "properties": { "ID": 4122415125790, "正式名称": "佐賀県医療生活協同組合　神野診療所", "機関区分": 2, "都道府県コード": 41, "市区町村コード": 201, "所在地": "佐賀県佐賀市神野東四丁目１０－５", "緯度": 33.269714, "経度": 130.299124, "url": "https://www.iryou.teikyouseido.mhlw.go.jp/znk-web/juminkanja/S2430/initialize?prefCd=41&kikanCd=2415125790&kikanKbn=2", "url2": "http://www.saga-iryou-s.or.jp", "内容": "佐賀県医療生活協同組合　神野診療所【2:診療所】【診療科目:内科_循環器内科_消化器内科_小児科】佐賀県佐賀市神野東四丁目１０－５" }, "geometry": { "type": "Point", "coordinates": [ 130.299124, 33.269714 ] } },
{ "type": "Feature", "properties": { "ID": 4122415126120, "正式名称": "医療法人中原眼科医院", "機関区分": 2, "都道府県コード": 41, "市区町村コード": 201, "所在地": "佐賀県佐賀市南佐賀二丁目１４番１０号", "緯度": 33.240607, "経度": 130.320789, "url": "https://www.iryou.teikyouseido.mhlw.go.jp/znk-web/juminkanja/S2430/initialize?prefCd=41&kikanCd=2415126120&kikanKbn=2", "url2": null, "内容": "医療法人中原眼科医院【2:診療所】【診療科目:眼科】佐賀県佐賀市南佐賀二丁目１４番１０号" }, "geometry": { "type": "Point", "coordinates": [ 130.320789, 33.240607 ] } },
{ "type": "Feature", "properties": { "ID": 4122415126380, "正式名称": "医療法人永浜眼科医院", "機関区分": 2, "都道府県コード": 41, "市区町村コード": 201, "所在地": "佐賀県佐賀市中央本町３ー８", "緯度": 33.254161, "経度": 130.300318, "url": "https://www.iryou.teikyouseido.mhlw.go.jp/znk-web/juminkanja/S2430/initialize?prefCd=41&kikanCd=2415126380&kikanKbn=2", "url2": null, "内容": "医療法人永浜眼科医院【2:診療所】【診療科目:眼科】佐賀県佐賀市中央本町３ー８" }, "geometry": { "type": "Point", "coordinates": [ 130.300318, 33.254161 ] } },
{ "type": "Feature", "properties": { "ID": 4122415126700, "正式名称": "医療法人謙親会　ナガセ皮ふ科泌尿器科クリニック", "機関区分": 2, "都道府県コード": 41, "市区町村コード": 201, "所在地": "佐賀県佐賀市神園４丁目７－１４", "緯度": 33.269325, "経度": 130.282264, "url": "https://www.iryou.teikyouseido.mhlw.go.jp/znk-web/juminkanja/S2430/initialize?prefCd=41&kikanCd=2415126700&kikanKbn=2", "url2": "http://www.nagaseclinic.jp/", "内容": "医療法人謙親会　ナガセ皮ふ科泌尿器科クリニック【2:診療所】【診療科目:皮膚泌尿器科】佐賀県佐賀市神園４丁目７－１４" }, "geometry": { "type": "Point", "coordinates": [ 130.282264, 33.269325 ] } },
{ "type": "Feature", "properties": { "ID": 4122415126960, "正式名称": "医療法人九曜会こが内科こどもクリニック", "機関区分": 2, "都道府県コード": 41, "市区町村コード": 201, "所在地": "佐賀県佐賀市西与賀町厘外８５９－１５", "緯度": 33.238412, "経度": 130.27871, "url": "https://www.iryou.teikyouseido.mhlw.go.jp/znk-web/juminkanja/S2430/initialize?prefCd=41&kikanCd=2415126960&kikanKbn=2", "url2": "https://www.kuyokai.jp/", "内容": "医療法人九曜会こが内科こどもクリニック【2:診療所】【診療科目:内科_呼吸器内科_循環器内科_消化器内科_小児科_アレルギー科】佐賀県佐賀市西与賀町厘外８５９－１５" }, "geometry": { "type": "Point", "coordinates": [ 130.27871, 33.238412 ] } },
{ "type": "Feature", "properties": { "ID": 4122415127000, "正式名称": "医療法人むつみのかいもろくま心療クリニック", "機関区分": 2, "都道府県コード": 41, "市区町村コード": 201, "所在地": "佐賀県佐賀市高木瀬西２ー１７－２", "緯度": 33.282851, "経度": 130.287291, "url": "https://www.iryou.teikyouseido.mhlw.go.jp/znk-web/juminkanja/S2430/initialize?prefCd=41&kikanCd=2415127000&kikanKbn=2", "url2": "http://www.morokuma-mentalclinic.jimdo.com", "内容": "医療法人むつみのかいもろくま心療クリニック【2:診療所】【診療科目:神経内科_精神科_心療内科】佐賀県佐賀市高木瀬西２ー１７－２" }, "geometry": { "type": "Point", "coordinates": [ 130.287291, 33.282851 ] } },
{ "type": "Feature", "properties": { "ID": 4122415127710, "正式名称": "ひさのう循環器・内科", "機関区分": 2, "都道府県コード": 41, "市区町村コード": 201, "所在地": "佐賀県佐賀市鍋島一丁目５ー１", "緯度": 33.275769, "経度": 130.270265, "url": "https://www.iryou.teikyouseido.mhlw.go.jp/znk-web/juminkanja/S2430/initialize?prefCd=41&kikanCd=2415127710&kikanKbn=2", "url2": null, "内容": "ひさのう循環器・内科【2:診療所】【診療科目:内科_循環器内科】佐賀県佐賀市鍋島一丁目５ー１" }, "geometry": { "type": "Point", "coordinates": [ 130.270265, 33.275769 ] } },
{ "type": "Feature", "properties": { "ID": 4122415128010, "正式名称": "医療法人源勇会枝國医院", "機関区分": 2, "都道府県コード": 41, "市区町村コード": 201, "所在地": "佐賀県佐賀市川副町早津江２６５－２", "緯度": 33.20501, "経度": 130.336031, "url": "https://www.iryou.teikyouseido.mhlw.go.jp/znk-web/juminkanja/S2430/initialize?prefCd=41&kikanCd=2415128010&kikanKbn=2", "url2": "http://www.edakuni-clinic.jp/", "内容": "医療法人源勇会枝國医院【2:診療所】【診療科目:内科_消化器内科_外科_乳腺外科_整形外科】佐賀県佐賀市川副町早津江２６５－２" }, "geometry": { "type": "Point", "coordinates": [ 130.336031, 33.20501 ] } },
{ "type": "Feature", "properties": { "ID": 4122415128270, "正式名称": "くすの木耳鼻咽喉科クリニック", "機関区分": 2, "都道府県コード": 41, "市区町村コード": 201, "所在地": "佐賀県佐賀市鍋島３丁目６－２４", "緯度": 33.28174, "経度": 130.268348, "url": "https://www.iryou.teikyouseido.mhlw.go.jp/znk-web/juminkanja/S2430/initialize?prefCd=41&kikanCd=2415128270&kikanKbn=2", "url2": "http://www.kusunokiclinic.jp", "内容": "くすの木耳鼻咽喉科クリニック【2:診療所】【診療科目:耳鼻いんこう科】佐賀県佐賀市鍋島３丁目６－２４" }, "geometry": { "type": "Point", "coordinates": [ 130.268348, 33.28174 ] } },
{ "type": "Feature", "properties": { "ID": 4122415128430, "正式名称": "医療法人力武クリニック", "機関区分": 2, "都道府県コード": 41, "市区町村コード": 201, "所在地": "佐賀県佐賀市開成３ー５ー５", "緯度": 33.270408, "経度": 130.275959, "url": "https://www.iryou.teikyouseido.mhlw.go.jp/znk-web/juminkanja/S2430/initialize?prefCd=41&kikanCd=2415128430&kikanKbn=2", "url2": null, "内容": "医療法人力武クリニック【2:診療所】【診療科目:内科_消化器内科_胃腸内科_肝臓内科_内視鏡内科_肛門外科】佐賀県佐賀市開成３ー５ー５" }, "geometry": { "type": "Point", "coordinates": [ 130.275959, 33.270408 ] } },
{ "type": "Feature", "properties": { "ID": 4122415128560, "正式名称": "医療法人平林胃腸科外科　平林クリニック", "機関区分": 2, "都道府県コード": 41, "市区町村コード": 201, "所在地": "佐賀県佐賀市下田町　２－２３", "緯度": 33.244189, "経度": 130.276238, "url": "https://www.iryou.teikyouseido.mhlw.go.jp/znk-web/juminkanja/S2430/initialize?prefCd=41&kikanCd=2415128560&kikanKbn=2", "url2": "http://www.hirabayashi-saga.com/", "内容": "医療法人平林胃腸科外科　平林クリニック【2:診療所】【診療科目:内科_胃腸内科_整形外科】佐賀県佐賀市下田町　２－２３" }, "geometry": { "type": "Point", "coordinates": [ 130.276238, 33.244189 ] } },
{ "type": "Feature", "properties": { "ID": 4122415128690, "正式名称": "外科　内科　馬島医院", "機関区分": 2, "都道府県コード": 41, "市区町村コード": 201, "所在地": "佐賀県佐賀市諸富町為重５６４番３号", "緯度": 33.223526, "経度": 130.35212, "url": "https://www.iryou.teikyouseido.mhlw.go.jp/znk-web/juminkanja/S2430/initialize?prefCd=41&kikanCd=2415128690&kikanKbn=2", "url2": null, "内容": "外科　内科　馬島医院【2:診療所】【診療科目:消化器内科_漢方内科_漢方アレルギー科_外科】佐賀県佐賀市諸富町為重５６４番３号" }, "geometry": { "type": "Point", "coordinates": [ 130.35212, 33.223526 ] } },
{ "type": "Feature", "properties": { "ID": 4122415128980, "正式名称": "医療法人北川整形外科", "機関区分": 2, "都道府県コード": 41, "市区町村コード": 201, "所在地": "佐賀県佐賀市川副町鹿江９５３番地", "緯度": 33.192696, "経度": 130.315513, "url": "https://www.iryou.teikyouseido.mhlw.go.jp/znk-web/juminkanja/S2430/initialize?prefCd=41&kikanCd=2415128980&kikanKbn=2", "url2": null, "内容": "医療法人北川整形外科【2:診療所】【診療科目:整形外科_リハビリテーション科】佐賀県佐賀市川副町鹿江９５３番地" }, "geometry": { "type": "Point", "coordinates": [ 130.315513, 33.192696 ] } },
{ "type": "Feature", "properties": { "ID": 4122415129280, "正式名称": "つつみクリニック耳鼻咽喉科", "機関区分": 2, "都道府県コード": 41, "市区町村コード": 201, "所在地": "佐賀県佐賀市大和町尼寺一本松２４７０ー２", "緯度": 33.305877, "経度": 130.283208, "url": "https://www.iryou.teikyouseido.mhlw.go.jp/znk-web/juminkanja/S2430/initialize?prefCd=41&kikanCd=2415129280&kikanKbn=2", "url2": null, "内容": "つつみクリニック耳鼻咽喉科【2:診療所】【診療科目:耳鼻いんこう科】佐賀県佐賀市大和町尼寺一本松２４７０ー２" }, "geometry": { "type": "Point", "coordinates": [ 130.283208, 33.305877 ] } },
{ "type": "Feature", "properties": { "ID": 4122415129310, "正式名称": "神田胃腸科内科医院", "機関区分": 2, "都道府県コード": 41, "市区町村コード": 201, "所在地": "佐賀県佐賀市蓮池町蓮池３６５－７", "緯度": 33.246557, "経度": 130.352118, "url": "https://www.iryou.teikyouseido.mhlw.go.jp/znk-web/juminkanja/S2430/initialize?prefCd=41&kikanCd=2415129310&kikanKbn=2", "url2": null, "内容": "神田胃腸科内科医院【2:診療所】【診療科目:内科_胃腸内科_小児科】佐賀県佐賀市蓮池町蓮池３６５－７" }, "geometry": { "type": "Point", "coordinates": [ 130.352118, 33.246557 ] } },
{ "type": "Feature", "properties": { "ID": 4122415129730, "正式名称": "医療法人明雄会　深町眼科医院", "機関区分": 2, "都道府県コード": 41, "市区町村コード": 201, "所在地": "佐賀県佐賀市与賀町２ー６９", "緯度": 33.249939, "経度": 130.29493, "url": "https://www.iryou.teikyouseido.mhlw.go.jp/znk-web/juminkanja/S2430/initialize?prefCd=41&kikanCd=2415129730&kikanKbn=2", "url2": "http://www.fukamachi-eye.com", "内容": "医療法人明雄会　深町眼科医院【2:診療所】【診療科目:眼科】佐賀県佐賀市与賀町２ー６９" }, "geometry": { "type": "Point", "coordinates": [ 130.29493, 33.249939 ] } },
{ "type": "Feature", "properties": { "ID": 4122415129990, "正式名称": "医療法人北野整形外科医院", "機関区分": 2, "都道府県コード": 41, "市区町村コード": 201, "所在地": "佐賀県佐賀市若楠２ー４ー１０", "緯度": 33.278935, "経度": 130.285347, "url": "https://www.iryou.teikyouseido.mhlw.go.jp/znk-web/juminkanja/S2430/initialize?prefCd=41&kikanCd=2415129990&kikanKbn=2", "url2": null, "内容": "医療法人北野整形外科医院【2:診療所】【診療科目:整形外科_リハビリテーション科】佐賀県佐賀市若楠２ー４ー１０" }, "geometry": { "type": "Point", "coordinates": [ 130.285347, 33.278935 ] } },
{ "type": "Feature", "properties": { "ID": 4122415130130, "正式名称": "日浦呼吸器科内科小児科医院", "機関区分": 2, "都道府県コード": 41, "市区町村コード": 201, "所在地": "佐賀県佐賀市鍋島２ー１２ー３１", "緯度": 33.278157, "経度": 130.266515, "url": "https://www.iryou.teikyouseido.mhlw.go.jp/znk-web/juminkanja/S2430/initialize?prefCd=41&kikanCd=2415130130&kikanKbn=2", "url2": null, "内容": "日浦呼吸器科内科小児科医院【2:診療所】【診療科目:内科_呼吸器内科_小児科_アレルギー科】佐賀県佐賀市鍋島２ー１２ー３１" }, "geometry": { "type": "Point", "coordinates": [ 130.266515, 33.278157 ] } },
{ "type": "Feature", "properties": { "ID": 4122415130260, "正式名称": "小田クリニック", "機関区分": 2, "都道府県コード": 41, "市区町村コード": 201, "所在地": "佐賀県佐賀市西田代２－２－１７", "緯度": 33.249328, "経度": 130.288875, "url": "https://www.iryou.teikyouseido.mhlw.go.jp/znk-web/juminkanja/S2430/initialize?prefCd=41&kikanCd=2415130260&kikanKbn=2", "url2": null, "内容": "小田クリニック【2:診療所】【診療科目:内科_ペインクリニック内科_リハビリテーション科_麻酔科】佐賀県佐賀市西田代２－２－１７" }, "geometry": { "type": "Point", "coordinates": [ 130.288875, 33.249328 ] } },
{ "type": "Feature", "properties": { "ID": 4122415130390, "正式名称": "さとうクリニック", "機関区分": 2, "都道府県コード": 41, "市区町村コード": 201, "所在地": "佐賀県佐賀市川副町南里３７２ー１", "緯度": 33.21211, "経度": 130.311985, "url": "https://www.iryou.teikyouseido.mhlw.go.jp/znk-web/juminkanja/S2430/initialize?prefCd=41&kikanCd=2415130390&kikanKbn=2", "url2": "https://satohclinic.jp/", "内容": "さとうクリニック【2:診療所】【診療科目:内科_消化器内科_胃腸内科_外科_整形外科_リハビリテーション科】佐賀県佐賀市川副町南里３７２ー１" }, "geometry": { "type": "Point", "coordinates": [ 130.311985, 33.21211 ] } },
{ "type": "Feature", "properties": { "ID": 4122415130680, "正式名称": "医療法人　ばばこどもクリニック", "機関区分": 2, "都道府県コード": 41, "市区町村コード": 201, "所在地": "佐賀県佐賀市鍋島３丁目１５－２６", "緯度": 33.28174, "経度": 130.263682, "url": "https://www.iryou.teikyouseido.mhlw.go.jp/znk-web/juminkanja/S2430/initialize?prefCd=41&kikanCd=2415130680&kikanKbn=2", "url2": "https://ssc5.doctorqube.com/babakodomo/", "内容": "医療法人　ばばこどもクリニック【2:診療所】【診療科目:小児科】佐賀県佐賀市鍋島３丁目１５－２６" }, "geometry": { "type": "Point", "coordinates": [ 130.263682, 33.28174 ] } },
{ "type": "Feature", "properties": { "ID": 4122415130710, "正式名称": "医療法人山口内科胃腸科クリニック", "機関区分": 2, "都道府県コード": 41, "市区町村コード": 201, "所在地": "佐賀県佐賀市大和町久池井９８７－４", "緯度": 33.317598, "経度": 130.292595, "url": "https://www.iryou.teikyouseido.mhlw.go.jp/znk-web/juminkanja/S2430/initialize?prefCd=41&kikanCd=2415130710&kikanKbn=2", "url2": "https://www.yamacli-saga.com", "内容": "医療法人山口内科胃腸科クリニック【2:診療所】【診療科目:内科_糖尿病内科_消化器内科_アレルギー科】佐賀県佐賀市大和町久池井９８７－４" }, "geometry": { "type": "Point", "coordinates": [ 130.292595, 33.317598 ] } },
{ "type": "Feature", "properties": { "ID": 4122415130970, "正式名称": "医療法人やまと眼科医院", "機関区分": 2, "都道府県コード": 41, "市区町村コード": 201, "所在地": "佐賀県佐賀市大和町尼寺２５２４ー１０", "緯度": 33.308848, "経度": 130.280735, "url": "https://www.iryou.teikyouseido.mhlw.go.jp/znk-web/juminkanja/S2430/initialize?prefCd=41&kikanCd=2415130970&kikanKbn=2", "url2": "http://yamatoganka.jimdo.com/", "内容": "医療法人やまと眼科医院【2:診療所】【診療科目:眼科】佐賀県佐賀市大和町尼寺２５２４ー１０" }, "geometry": { "type": "Point", "coordinates": [ 130.280735, 33.308848 ] } },
{ "type": "Feature", "properties": { "ID": 4122415131140, "正式名称": "森医院", "機関区分": 2, "都道府県コード": 41, "市区町村コード": 201, "所在地": "佐賀県佐賀市八戸２－１－１３", "緯度": 33.245994, "経度": 130.274515, "url": "https://www.iryou.teikyouseido.mhlw.go.jp/znk-web/juminkanja/S2430/initialize?prefCd=41&kikanCd=2415131140&kikanKbn=2", "url2": "https://mori-iin-saga.jp/", "内容": "森医院【2:診療所】【診療科目:内科_胃腸内科】佐賀県佐賀市八戸２－１－１３" }, "geometry": { "type": "Point", "coordinates": [ 130.274515, 33.245994 ] } },
{ "type": "Feature", "properties": { "ID": 4122415131300, "正式名称": "しまだこども医院", "機関区分": 2, "都道府県コード": 41, "市区町村コード": 201, "所在地": "佐賀県佐賀市久保田町新田", "緯度": 33.23316, "経度": 130.239401, "url": "https://www.iryou.teikyouseido.mhlw.go.jp/znk-web/juminkanja/S2430/initialize?prefCd=41&kikanCd=2415131300&kikanKbn=2", "url2": "http://paa.jp/clinic/116001/", "内容": "しまだこども医院【2:診療所】【診療科目:小児科】佐賀県佐賀市久保田町新田" }, "geometry": { "type": "Point", "coordinates": [ 130.239401, 33.23316 ] } },
{ "type": "Feature", "properties": { "ID": 4122415200440, "正式名称": "栗並医院", "機関区分": 2, "都道府県コード": 41, "市区町村コード": 210, "所在地": "佐賀県神埼市神埼町枝ヶ里７６番地１", "緯度": 33.305767, "経度": 130.3717, "url": "https://www.iryou.teikyouseido.mhlw.go.jp/znk-web/juminkanja/S2430/initialize?prefCd=41&kikanCd=2415200440&kikanKbn=2", "url2": null, "内容": "栗並医院【2:診療所】【診療科目:内科_糖尿病内科_歯科】佐賀県神埼市神埼町枝ヶ里７６番地１" }, "geometry": { "type": "Point", "coordinates": [ 130.3717, 33.305767 ] } },
{ "type": "Feature", "properties": { "ID": 4122415200990, "正式名称": "医療法人久和会　和田医院", "機関区分": 2, "都道府県コード": 41, "市区町村コード": 210, "所在地": "佐賀県神埼市神埼町神埼２９３", "緯度": 33.305712, "経度": 130.373977, "url": "https://www.iryou.teikyouseido.mhlw.go.jp/znk-web/juminkanja/S2430/initialize?prefCd=41&kikanCd=2415200990&kikanKbn=2", "url2": "https://www.kyuwakai.jp/", "内容": "医療法人久和会　和田医院【2:診療所】【診療科目:内科_胃腸内科_小児科】佐賀県神埼市神埼町神埼２９３" }, "geometry": { "type": "Point", "coordinates": [ 130.373977, 33.305712 ] } },
{ "type": "Feature", "properties": { "ID": 4122415201290, "正式名称": "医療法人たけうち小児科", "機関区分": 2, "都道府県コード": 41, "市区町村コード": 210, "所在地": "佐賀県神埼市神埼町本堀２７０７ー２", "緯度": 33.305712, "経度": 130.378017, "url": "https://www.iryou.teikyouseido.mhlw.go.jp/znk-web/juminkanja/S2430/initialize?prefCd=41&kikanCd=2415201290&kikanKbn=2", "url2": "http://takesyo123.com", "内容": "医療法人たけうち小児科【2:診療所】【診療科目:小児科_アレルギー科】佐賀県神埼市神埼町本堀２７０７ー２" }, "geometry": { "type": "Point", "coordinates": [ 130.378017, 33.305712 ] } },
{ "type": "Feature", "properties": { "ID": 4122415202170, "正式名称": "最所医院", "機関区分": 2, "都道府県コード": 41, "市区町村コード": 327, "所在地": "佐賀県神埼郡吉野ヶ里町吉田８２６ー３", "緯度": 33.324599, "経度": 130.402585, "url": "https://www.iryou.teikyouseido.mhlw.go.jp/znk-web/juminkanja/S2430/initialize?prefCd=41&kikanCd=2415202170&kikanKbn=2", "url2": null, "内容": "最所医院【2:診療所】【診療科目:内科_呼吸器内科_胃腸内科_リハビリテーション科】佐賀県神埼郡吉野ヶ里町吉田８２６ー３" }, "geometry": { "type": "Point", "coordinates": [ 130.402585, 33.324599 ] } },
{ "type": "Feature", "properties": { "ID": 4122415202200, "正式名称": "小森医院", "機関区分": 2, "都道府県コード": 41, "市区町村コード": 327, "所在地": "佐賀県神埼郡吉野ヶ里町豆田１２５４−２", "緯度": 33.31921, "経度": 130.396225, "url": "https://www.iryou.teikyouseido.mhlw.go.jp/znk-web/juminkanja/S2430/initialize?prefCd=41&kikanCd=2415202200&kikanKbn=2", "url2": null, "内容": "小森医院【2:診療所】【診療科目:内科_小児科_皮膚科】佐賀県神埼郡吉野ヶ里町豆田１２５４−２" }, "geometry": { "type": "Point", "coordinates": [ 130.396225, 33.31921 ] } },
{ "type": "Feature", "properties": { "ID": 4122415202750, "正式名称": "医療法人　神埼クリニック", "機関区分": 2, "都道府県コード": 41, "市区町村コード": 210, "所在地": "佐賀県神埼市神埼町田道ケ里２３９６", "緯度": 33.3111, "経度": 130.373921, "url": "https://www.iryou.teikyouseido.mhlw.go.jp/znk-web/juminkanja/S2430/initialize?prefCd=41&kikanCd=2415202750&kikanKbn=2", "url2": "http://kanzakiclinic.com/sp", "内容": "医療法人　神埼クリニック【2:診療所】【診療科目:内科_消化器内科_胃腸内科_内視鏡内科_放射線科】佐賀県神埼市神埼町田道ケ里２３９６" }, "geometry": { "type": "Point", "coordinates": [ 130.373921, 33.3111 ] } },
{ "type": "Feature", "properties": { "ID": 4122415203050, "正式名称": "福嶋内科医院", "機関区分": 2, "都道府県コード": 41, "市区町村コード": 210, "所在地": "佐賀県神埼市千代田町境原２４９６ー３", "緯度": 33.278404, "経度": 130.342677, "url": "https://www.iryou.teikyouseido.mhlw.go.jp/znk-web/juminkanja/S2430/initialize?prefCd=41&kikanCd=2415203050&kikanKbn=2", "url2": null, "内容": "福嶋内科医院【2:診療所】【診療科目:内科_呼吸器内科_循環器内科_胃腸内科_小児科】佐賀県神埼市千代田町境原２４９６ー３" }, "geometry": { "type": "Point", "coordinates": [ 130.342677, 33.278404 ] } },
{ "type": "Feature", "properties": { "ID": 4122415203500, "正式名称": "松本医院", "機関区分": 2, "都道府県コード": 41, "市区町村コード": 327, "所在地": "佐賀県神埼郡吉野ヶ里町三津７５１－９", "緯度": 33.348513, "経度": 130.398918, "url": "https://www.iryou.teikyouseido.mhlw.go.jp/znk-web/juminkanja/S2430/initialize?prefCd=41&kikanCd=2415203500&kikanKbn=2", "url2": null, "内容": "松本医院【2:診療所】【診療科目:内科_胃腸内科_小児科_リウマチ科】佐賀県神埼郡吉野ヶ里町三津７５１－９" }, "geometry": { "type": "Point", "coordinates": [ 130.398918, 33.348513 ] } },
{ "type": "Feature", "properties": { "ID": 4122415203630, "正式名称": "中下医院", "機関区分": 2, "都道府県コード": 41, "市区町村コード": 210, "所在地": "佐賀県神埼市千代田町餘江１２８番地", "緯度": 33.258717, "経度": 130.369562, "url": "https://www.iryou.teikyouseido.mhlw.go.jp/znk-web/juminkanja/S2430/initialize?prefCd=41&kikanCd=2415203630&kikanKbn=2", "url2": "https://www.nakashita-cl.com", "内容": "中下医院【2:診療所】【診療科目:内科_呼吸器内科_胃腸内科_放射線科】佐賀県神埼市千代田町餘江１２８番地" }, "geometry": { "type": "Point", "coordinates": [ 130.369562, 33.258717 ] } },
{ "type": "Feature", "properties": { "ID": 4122415203760, "正式名称": "医療法人聖母会　古賀内科", "機関区分": 2, "都道府県コード": 41, "市区町村コード": 210, "所在地": "佐賀県神埼市千代田町境原２８２ー２", "緯度": 33.262355, "経度": 130.356285, "url": "https://www.iryou.teikyouseido.mhlw.go.jp/znk-web/juminkanja/S2430/initialize?prefCd=41&kikanCd=2415203760&kikanKbn=2", "url2": "http://www.seibokai.net/", "内容": "医療法人聖母会　古賀内科【2:診療所】【診療科目:内科_糖尿病・内分泌内科_呼吸器内科_循環器内科_消化器内科_胃腸内科_肝臓内科_内視鏡内科_アレルギー疾患内科_高血圧内科_小児科_もの忘れ科_プラセンタ治療、禁煙外来】佐賀県神埼市千代田町境原２８２ー２" }, "geometry": { "type": "Point", "coordinates": [ 130.356285, 33.262355 ] } },
{ "type": "Feature", "properties": { "ID": 4122415203890, "正式名称": "南医院", "機関区分": 2, "都道府県コード": 41, "市区町村コード": 210, "所在地": "佐賀県神埼市千代田町直８０８－１", "緯度": 33.273298, "経度": 130.364729, "url": "https://www.iryou.teikyouseido.mhlw.go.jp/znk-web/juminkanja/S2430/initialize?prefCd=41&kikanCd=2415203890&kikanKbn=2", "url2": null, "内容": "南医院【2:診療所】【診療科目:消化器内科_胃腸内科_外科_肛門外科_整形外科_リハビリテーション科】佐賀県神埼市千代田町直８０８－１" }, "geometry": { "type": "Point", "coordinates": [ 130.364729, 33.273298 ] } },
{ "type": "Feature", "properties": { "ID": 4122415203920, "正式名称": "和田医院", "機関区分": 2, "都道府県コード": 41, "市区町村コード": 210, "所在地": "佐賀県神埼市千代田町嘉納１３１９ー１８", "緯度": 33.275771, "経度": 130.377672, "url": "https://www.iryou.teikyouseido.mhlw.go.jp/znk-web/juminkanja/S2430/initialize?prefCd=41&kikanCd=2415203920&kikanKbn=2", "url2": null, "内容": "和田医院【2:診療所】【診療科目:内科_小児科】佐賀県神埼市千代田町嘉納１３１９ー１８" }, "geometry": { "type": "Point", "coordinates": [ 130.377672, 33.275771 ] } },
{ "type": "Feature", "properties": { "ID": 4122415204190, "正式名称": "目達原整形外科", "機関区分": 2, "都道府県コード": 41, "市区町村コード": 327, "所在地": "佐賀県神埼郡吉野ヶ里町吉田２９００", "緯度": 33.331245, "経度": 130.412586, "url": "https://www.iryou.teikyouseido.mhlw.go.jp/znk-web/juminkanja/S2430/initialize?prefCd=41&kikanCd=2415204190&kikanKbn=2", "url2": "https://metabaru-seikei.com/", "内容": "目達原整形外科【2:診療所】【診療科目:整形外科_リウマチ科_リハビリテーション科】佐賀県神埼郡吉野ヶ里町吉田２９００" }, "geometry": { "type": "Point", "coordinates": [ 130.412586, 33.331245 ] } },
{ "type": "Feature", "properties": { "ID": 4122415204220, "正式名称": "医療法人輝秀会くらとみ眼科医院", "機関区分": 2, "都道府県コード": 41, "市区町村コード": 210, "所在地": "佐賀県神埼市神埼町田道ケ里２４３５―１", "緯度": 33.3126, "経度": 130.373838, "url": "https://www.iryou.teikyouseido.mhlw.go.jp/znk-web/juminkanja/S2430/initialize?prefCd=41&kikanCd=2415204220&kikanKbn=2", "url2": "http://kuratomiganka.com", "内容": "医療法人輝秀会くらとみ眼科医院【2:診療所】【診療科目:眼科】佐賀県神埼市神埼町田道ケ里２４３５―１" }, "geometry": { "type": "Point", "coordinates": [ 130.373838, 33.3126 ] } },
{ "type": "Feature", "properties": { "ID": 4122415204350, "正式名称": "しらいし内科", "機関区分": 2, "都道府県コード": 41, "市区町村コード": 210, "所在地": "佐賀県神埼市神埼町城原１２５６ー１　ダイレックス日の隈店２階", "緯度": 33.326514, "経度": 130.358089, "url": "https://www.iryou.teikyouseido.mhlw.go.jp/znk-web/juminkanja/S2430/initialize?prefCd=41&kikanCd=2415204350&kikanKbn=2", "url2": null, "内容": "しらいし内科【2:診療所】【診療科目:内科_呼吸器内科_循環器内科】佐賀県神埼市神埼町城原１２５６ー１　ダイレックス日の隈店２階" }, "geometry": { "type": "Point", "coordinates": [ 130.358089, 33.326514 ] } },
{ "type": "Feature", "properties": { "ID": 4122415301220, "正式名称": "医療法人　黒岩医院", "機関区分": 2, "都道府県コード": 41, "市区町村コード": 203, "所在地": "佐賀県鳥栖市鎗田町３２７―４", "緯度": 33.381428, "経度": 130.511852, "url": "https://www.iryou.teikyouseido.mhlw.go.jp/znk-web/juminkanja/S2430/initialize?prefCd=41&kikanCd=2415301220&kikanKbn=2", "url2": null, "内容": "医療法人　黒岩医院【2:診療所】【診療科目:小児耳鼻いんこう科_耳鼻いんこう科_気管食道・耳鼻いんこう科_頭頸部・耳鼻いんこう科_難聴外来】佐賀県鳥栖市鎗田町３２７―４" }, "geometry": { "type": "Point", "coordinates": [ 130.511852, 33.381428 ] } },
{ "type": "Feature", "properties": { "ID": 4122415301350, "正式名称": "医療法人眞正会古賀医院", "機関区分": 2, "都道府県コード": 41, "市区町村コード": 203, "所在地": "佐賀県鳥栖市原古賀町６０９番地２", "緯度": 33.374428, "経度": 130.48366, "url": "https://www.iryou.teikyouseido.mhlw.go.jp/znk-web/juminkanja/S2430/initialize?prefCd=41&kikanCd=2415301350&kikanKbn=2", "url2": null, "内容": "医療法人眞正会古賀医院【2:診療所】【診療科目:内科_呼吸器内科_循環器内科_消化器内科_神経内科_膠原病科_外科_小児科_リウマチ科_膠原病科、健康診断、在宅医療】佐賀県鳥栖市原古賀町６０９番地２" }, "geometry": { "type": "Point", "coordinates": [ 130.48366, 33.374428 ] } },
{ "type": "Feature", "properties": { "ID": 4122415301480, "正式名称": "医療法人健裕会古賀内科医院", "機関区分": 2, "都道府県コード": 41, "市区町村コード": 203, "所在地": "佐賀県鳥栖市宿町１１０６－２", "緯度": 33.376928, "経度": 130.504658, "url": "https://www.iryou.teikyouseido.mhlw.go.jp/znk-web/juminkanja/S2430/initialize?prefCd=41&kikanCd=2415301480&kikanKbn=2", "url2": "https://www.mikku.co.jp/koga/", "内容": "医療法人健裕会古賀内科医院【2:診療所】【診療科目:内科_呼吸器内科_循環器内科_消化器内科_小児科_心療内科_リハビリテーション科】佐賀県鳥栖市宿町１１０６－２" }, "geometry": { "type": "Point", "coordinates": [ 130.504658, 33.376928 ] } },
{ "type": "Feature", "properties": { "ID": 4122415302100, "正式名称": "医療法人白水レディースクリニック", "機関区分": 2, "都道府県コード": 41, "市区町村コード": 203, "所在地": "佐賀県鳥栖市本通町２丁目８８２番地７", "緯度": 33.371873, "経度": 130.514796, "url": "https://www.iryou.teikyouseido.mhlw.go.jp/znk-web/juminkanja/S2430/initialize?prefCd=41&kikanCd=2415302100&kikanKbn=2", "url2": "http://www.shiramizu.or.jp", "内容": "医療法人白水レディースクリニック【2:診療所】【診療科目:産婦人科_麻酔科】佐賀県鳥栖市本通町２丁目８８２番地７" }, "geometry": { "type": "Point", "coordinates": [ 130.514796, 33.371873 ] } },
{ "type": "Feature", "properties": { "ID": 4122415303110, "正式名称": "野下医院", "機関区分": 2, "都道府県コード": 41, "市区町村コード": 203, "所在地": "佐賀県鳥栖市曽根崎町１５５３番地１", "緯度": 33.378348, "経度": 130.526703, "url": "https://www.iryou.teikyouseido.mhlw.go.jp/znk-web/juminkanja/S2430/initialize?prefCd=41&kikanCd=2415303110&kikanKbn=2", "url2": null, "内容": "野下医院【2:診療所】【診療科目:内科_呼吸器内科_消化器内科_胃腸内科】佐賀県鳥栖市曽根崎町１５５３番地１" }, "geometry": { "type": "Point", "coordinates": [ 130.526703, 33.378348 ] } },
{ "type": "Feature", "properties": { "ID": 4122415303820, "正式名称": "宮崎医院", "機関区分": 2, "都道府県コード": 41, "市区町村コード": 203, "所在地": "佐賀県鳥栖市東町１丁目１０５９ー１", "緯度": 33.371619, "経度": 130.516366, "url": "https://www.iryou.teikyouseido.mhlw.go.jp/znk-web/juminkanja/S2430/initialize?prefCd=41&kikanCd=2415303820&kikanKbn=2", "url2": "https://miyazakiclinictosu.com/", "内容": "宮崎医院【2:診療所】【診療科目:内科】佐賀県鳥栖市東町１丁目１０５９ー１" }, "geometry": { "type": "Point", "coordinates": [ 130.516366, 33.371619 ] } },
{ "type": "Feature", "properties": { "ID": 4122415305680, "正式名称": "医療法人　野田内科", "機関区分": 2, "都道府県コード": 41, "市区町村コード": 203, "所在地": "佐賀県鳥栖市西田町２１１－１", "緯度": 33.349181, "経度": 130.491271, "url": "https://www.iryou.teikyouseido.mhlw.go.jp/znk-web/juminkanja/S2430/initialize?prefCd=41&kikanCd=2415305680&kikanKbn=2", "url2": null, "内容": "医療法人　野田内科【2:診療所】【診療科目:内科_呼吸器内科_消化器内科_胃腸内科_小児科_アレルギー科】佐賀県鳥栖市西田町２１１－１" }, "geometry": { "type": "Point", "coordinates": [ 130.491271, 33.349181 ] } },
{ "type": "Feature", "properties": { "ID": 4122415305840, "正式名称": "医療法人千鳥会石橋整形外科", "機関区分": 2, "都道府県コード": 41, "市区町村コード": 203, "所在地": "佐賀県鳥栖市桜町１４６５ー１", "緯度": 33.384789, "経度": 130.523017, "url": "https://www.iryou.teikyouseido.mhlw.go.jp/znk-web/juminkanja/S2430/initialize?prefCd=41&kikanCd=2415305840&kikanKbn=2", "url2": null, "内容": "医療法人千鳥会石橋整形外科【2:診療所】【診療科目:整形外科_リハビリテーション科】佐賀県鳥栖市桜町１４６５ー１" }, "geometry": { "type": "Point", "coordinates": [ 130.523017, 33.384789 ] } },
{ "type": "Feature", "properties": { "ID": 4122415305970, "正式名称": "医療法人石田医院", "機関区分": 2, "都道府県コード": 41, "市区町村コード": 203, "所在地": "佐賀県鳥栖市古賀町３６６－１", "緯度": 33.385177, "経度": 130.50163, "url": "https://www.iryou.teikyouseido.mhlw.go.jp/znk-web/juminkanja/S2430/initialize?prefCd=41&kikanCd=2415305970&kikanKbn=2", "url2": null, "内容": "医療法人石田医院【2:診療所】【診療科目:内科_循環器内科_胃腸内科_小児科】佐賀県鳥栖市古賀町３６６－１" }, "geometry": { "type": "Point", "coordinates": [ 130.50163, 33.385177 ] } },
{ "type": "Feature", "properties": { "ID": 4122415306010, "正式名称": "池田胃腸科外科", "機関区分": 2, "都道府県コード": 41, "市区町村コード": 341, "所在地": "佐賀県三養基郡基山町小倉５４５－５５", "緯度": 33.42009, "経度": 130.533626, "url": "https://www.iryou.teikyouseido.mhlw.go.jp/znk-web/juminkanja/S2430/initialize?prefCd=41&kikanCd=2415306010&kikanKbn=2", "url2": "http://www.ikeda-clinic.info", "内容": "池田胃腸科外科【2:診療所】【診療科目:内科_糖尿病内科_循環器内科_消化器内科_胃腸内科_肝臓内科_漢方内科_外科_ペインクリニック外科_アレルギー科_リハビリテーション科_放射線科_健診、人間ドック、プラセンタ治療、在宅医療、禁煙外来】佐賀県三養基郡基山町小倉５４５－５５" }, "geometry": { "type": "Point", "coordinates": [ 130.533626, 33.42009 ] } },
{ "type": "Feature", "properties": { "ID": 4122415306300, "正式名称": "医療法人　秋吉医院", "機関区分": 2, "都道府県コード": 41, "市区町村コード": 346, "所在地": "佐賀県三養基郡みやき町原古賀５１８－４", "緯度": 33.343209, "経度": 130.44097, "url": "https://www.iryou.teikyouseido.mhlw.go.jp/znk-web/juminkanja/S2430/initialize?prefCd=41&kikanCd=2415306300&kikanKbn=2", "url2": null, "内容": "医療法人　秋吉医院【2:診療所】【診療科目:内科_循環器内科_消化器内科_小児科_リハビリテーション科】佐賀県三養基郡みやき町原古賀５１８－４" }, "geometry": { "type": "Point", "coordinates": [ 130.44097, 33.343209 ] } },
{ "type": "Feature", "properties": { "ID": 4122415306720, "正式名称": "医療法人まつおクリニック", "機関区分": 2, "都道府県コード": 41, "市区町村コード": 346, "所在地": "佐賀県三養基郡みやき町東尾２２８０ー２", "緯度": 33.325794, "経度": 130.455608, "url": "https://www.iryou.teikyouseido.mhlw.go.jp/znk-web/juminkanja/S2430/initialize?prefCd=41&kikanCd=2415306720&kikanKbn=2", "url2": null, "内容": "医療法人まつおクリニック【2:診療所】【診療科目:内科_循環器内科_消化器内科_内視鏡内科】佐賀県三養基郡みやき町東尾２２８０ー２" }, "geometry": { "type": "Point", "coordinates": [ 130.455608, 33.325794 ] } },
{ "type": "Feature", "properties": { "ID": 4122415306850, "正式名称": "宮原医院", "機関区分": 2, "都道府県コード": 41, "市区町村コード": 346, "所在地": "佐賀県三養基郡みやき町東尾１１５５", "緯度": 33.324794, "経度": 130.450136, "url": "https://www.iryou.teikyouseido.mhlw.go.jp/znk-web/juminkanja/S2430/initialize?prefCd=41&kikanCd=2415306850&kikanKbn=2", "url2": null, "内容": "宮原医院【2:診療所】【診療科目:内科_小児科_皮膚科_アレルギー科】佐賀県三養基郡みやき町東尾１１５５" }, "geometry": { "type": "Point", "coordinates": [ 130.450136, 33.324794 ] } },
{ "type": "Feature", "properties": { "ID": 4122415308610, "正式名称": "岩岡整形外科", "機関区分": 2, "都道府県コード": 41, "市区町村コード": 203, "所在地": "佐賀県鳥栖市蔵上２丁目１１２番地", "緯度": 33.3749, "経度": 130.498464, "url": "https://www.iryou.teikyouseido.mhlw.go.jp/znk-web/juminkanja/S2430/initialize?prefCd=41&kikanCd=2415308610&kikanKbn=2", "url2": "iwaokaseikei.com", "内容": "岩岡整形外科【2:診療所】【診療科目:整形外科_リハビリテーション科】佐賀県鳥栖市蔵上２丁目１１２番地" }, "geometry": { "type": "Point", "coordinates": [ 130.498464, 33.3749 ] } },
{ "type": "Feature", "properties": { "ID": 4122415308870, "正式名称": "医療法人　さかい胃腸　内視鏡内科クリニック", "機関区分": 2, "都道府県コード": 41, "市区町村コード": 341, "所在地": "佐賀県三養基郡基山町小倉１０５９番地２", "緯度": 33.428312, "経度": 130.529988, "url": "https://www.iryou.teikyouseido.mhlw.go.jp/znk-web/juminkanja/S2430/initialize?prefCd=41&kikanCd=2415308870&kikanKbn=2", "url2": "https://www.kiyama-naishikyou.jp/", "内容": "医療法人　さかい胃腸　内視鏡内科クリニック【2:診療所】【診療科目:胃腸内科_肝臓内科_漢方内科_内視鏡内科_ペインクリニック外科_小児科】佐賀県三養基郡基山町小倉１０５９番地２" }, "geometry": { "type": "Point", "coordinates": [ 130.529988, 33.428312 ] } },
{ "type": "Feature", "properties": { "ID": 4122415309170, "正式名称": "医療法人前山内科", "機関区分": 2, "都道府県コード": 41, "市区町村コード": 203, "所在地": "佐賀県鳥栖市宿町１４６５ー１", "緯度": 33.380372, "経度": 130.50138, "url": "https://www.iryou.teikyouseido.mhlw.go.jp/znk-web/juminkanja/S2430/initialize?prefCd=41&kikanCd=2415309170&kikanKbn=2", "url2": null, "内容": "医療法人前山内科【2:診療所】【診療科目:内科_呼吸器内科_循環器内科_消化器内科_胃腸内科_肝臓内科_小児科】佐賀県鳥栖市宿町１４６５ー１" }, "geometry": { "type": "Point", "coordinates": [ 130.50138, 33.380372 ] } },
{ "type": "Feature", "properties": { "ID": 4122415309330, "正式名称": "ひよし小児科", "機関区分": 2, "都道府県コード": 41, "市区町村コード": 203, "所在地": "佐賀県鳥栖市宿町１２６８", "緯度": 33.381483, "経度": 130.506796, "url": "https://www.iryou.teikyouseido.mhlw.go.jp/znk-web/juminkanja/S2430/initialize?prefCd=41&kikanCd=2415309330&kikanKbn=2", "url2": null, "内容": "ひよし小児科【2:診療所】【診療科目:小児科】佐賀県鳥栖市宿町１２６８" }, "geometry": { "type": "Point", "coordinates": [ 130.506796, 33.381483 ] } },
{ "type": "Feature", "properties": { "ID": 4122415309460, "正式名称": "医療法人　きざと外科医院", "機関区分": 2, "都道府県コード": 41, "市区町村コード": 203, "所在地": "佐賀県鳥栖市原町８６１ー１", "緯度": 33.384206, "経度": 130.529128, "url": "https://www.iryou.teikyouseido.mhlw.go.jp/znk-web/juminkanja/S2430/initialize?prefCd=41&kikanCd=2415309460&kikanKbn=2", "url2": "http://www.mikku.co.jp/kizato.htm", "内容": "医療法人　きざと外科医院【2:診療所】【診療科目:内科_糖尿病・内分泌内科_糖尿病・代謝内科_呼吸器内科_消化器内科_胃腸内科_肝臓内科_高血圧内科_外科_消化器外科_肝臓・胆のう・膵臓外科_乳腺外科_肛門外科_アレルギー科_リハビリテーション科】佐賀県鳥栖市原町８６１ー１" }, "geometry": { "type": "Point", "coordinates": [ 130.529128, 33.384206 ] } },
{ "type": "Feature", "properties": { "ID": 4122415309590, "正式名称": "医療法人社団　三善会　山津医院", "機関区分": 2, "都道府県コード": 41, "市区町村コード": 203, "所在地": "佐賀県鳥栖市萱方町２７０", "緯度": 33.390232, "経度": 130.499936, "url": "https://www.iryou.teikyouseido.mhlw.go.jp/znk-web/juminkanja/S2430/initialize?prefCd=41&kikanCd=2415309590&kikanKbn=2", "url2": "http://www.sanzenkai.jp/", "内容": "医療法人社団　三善会　山津医院【2:診療所】【診療科目:内科_リハビリテーション科_放射線科】佐賀県鳥栖市萱方町２７０" }, "geometry": { "type": "Point", "coordinates": [ 130.499936, 33.390232 ] } },
{ "type": "Feature", "properties": { "ID": 4122415309880, "正式名称": "医療法人社団武田内科医院", "機関区分": 2, "都道府県コード": 41, "市区町村コード": 203, "所在地": "佐賀県鳥栖市村田町", "緯度": 33.356125, "経度": 130.483244, "url": "https://www.iryou.teikyouseido.mhlw.go.jp/znk-web/juminkanja/S2430/initialize?prefCd=41&kikanCd=2415309880&kikanKbn=2", "url2": null, "内容": "医療法人社団武田内科医院【2:診療所】【診療科目:内科_麻酔科】佐賀県鳥栖市村田町" }, "geometry": { "type": "Point", "coordinates": [ 130.483244, 33.356125 ] } },
{ "type": "Feature", "properties": { "ID": 4122415309910, "正式名称": "鳥栖市休日救急医療センター", "機関区分": 2, "都道府県コード": 41, "市区町村コード": 203, "所在地": "佐賀県鳥栖市本町３丁目１４９６－１", "緯度": 33.378095, "経度": 130.507824, "url": "https://www.iryou.teikyouseido.mhlw.go.jp/znk-web/juminkanja/S2430/initialize?prefCd=41&kikanCd=2415309910&kikanKbn=2", "url2": null, "内容": "鳥栖市休日救急医療センター【2:診療所】【診療科目:内科_小児科】佐賀県鳥栖市本町３丁目１４９６－１" }, "geometry": { "type": "Point", "coordinates": [ 130.507824, 33.378095 ] } },
{ "type": "Feature", "properties": { "ID": 4122415310280, "正式名称": "医療法人藤戸医院", "機関区分": 2, "都道府県コード": 41, "市区町村コード": 203, "所在地": "佐賀県鳥栖市今泉町", "緯度": 33.36268, "経度": 130.516102, "url": "https://www.iryou.teikyouseido.mhlw.go.jp/znk-web/juminkanja/S2430/initialize?prefCd=41&kikanCd=2415310280&kikanKbn=2", "url2": null, "内容": "医療法人藤戸医院【2:診療所】【診療科目:内科_外科_肛門外科_小児外科_麻酔科】佐賀県鳥栖市今泉町" }, "geometry": { "type": "Point", "coordinates": [ 130.516102, 33.36268 ] } },
{ "type": "Feature", "properties": { "ID": 4122415310440, "正式名称": "おか眼科クリニック", "機関区分": 2, "都道府県コード": 41, "市区町村コード": 203, "所在地": "佐賀県鳥栖市萱方町１８９ー１", "緯度": 33.3839, "経度": 130.50813, "url": "https://www.iryou.teikyouseido.mhlw.go.jp/znk-web/juminkanja/S2430/initialize?prefCd=41&kikanCd=2415310440&kikanKbn=2", "url2": null, "内容": "おか眼科クリニック【2:診療所】【診療科目:眼科】佐賀県鳥栖市萱方町１８９ー１" }, "geometry": { "type": "Point", "coordinates": [ 130.50813, 33.3839 ] } },
{ "type": "Feature", "properties": { "ID": 4122415311160, "正式名称": "医療法人　なかしまクリニック", "機関区分": 2, "都道府県コード": 41, "市区町村コード": 203, "所在地": "佐賀県鳥栖市蔵上町６６５－１", "緯度": 33.3754, "経度": 130.49852, "url": "https://www.iryou.teikyouseido.mhlw.go.jp/znk-web/juminkanja/S2430/initialize?prefCd=41&kikanCd=2415311160&kikanKbn=2", "url2": null, "内容": "医療法人　なかしまクリニック【2:診療所】【診療科目:内科_脳神経外科】佐賀県鳥栖市蔵上町６６５－１" }, "geometry": { "type": "Point", "coordinates": [ 130.49852, 33.3754 ] } },
{ "type": "Feature", "properties": { "ID": 4122415311290, "正式名称": "医療法人　平井内科", "機関区分": 2, "都道府県コード": 41, "市区町村コード": 345, "所在地": "佐賀県三養基郡上峰町坊所２７３３ー１", "緯度": 33.320595, "経度": 130.418025, "url": "https://www.iryou.teikyouseido.mhlw.go.jp/znk-web/juminkanja/S2430/initialize?prefCd=41&kikanCd=2415311290&kikanKbn=2", "url2": "https://hirai-naika.com/", "内容": "医療法人　平井内科【2:診療所】【診療科目:内科_消化器内科_肝臓内科】佐賀県三養基郡上峰町坊所２７３３ー１" }, "geometry": { "type": "Point", "coordinates": [ 130.418025, 33.320595 ] } },
{ "type": "Feature", "properties": { "ID": 4122415311320, "正式名称": "つくし整形外科医院", "機関区分": 2, "都道府県コード": 41, "市区町村コード": 341, "所在地": "佐賀県三養基郡基山町園部２７６５－２５", "緯度": 33.418896, "経度": 130.522461, "url": "https://www.iryou.teikyouseido.mhlw.go.jp/znk-web/juminkanja/S2430/initialize?prefCd=41&kikanCd=2415311320&kikanKbn=2", "url2": null, "内容": "つくし整形外科医院【2:診療所】【診療科目:整形外科_リウマチ科_リハビリテーション科】佐賀県三養基郡基山町園部２７６５－２５" }, "geometry": { "type": "Point", "coordinates": [ 130.522461, 33.418896 ] } },
{ "type": "Feature", "properties": { "ID": 4122415311580, "正式名称": "まなこ耳鼻咽喉科クリニック", "機関区分": 2, "都道府県コード": 41, "市区町村コード": 346, "所在地": "佐賀県三養基郡みやき町白壁１０５４－１", "緯度": 33.329294, "経度": 130.474162, "url": "https://www.iryou.teikyouseido.mhlw.go.jp/znk-web/juminkanja/S2430/initialize?prefCd=41&kikanCd=2415311580&kikanKbn=2", "url2": null, "内容": "まなこ耳鼻咽喉科クリニック【2:診療所】【診療科目:耳鼻いんこう科】佐賀県三養基郡みやき町白壁１０５４－１" }, "geometry": { "type": "Point", "coordinates": [ 130.474162, 33.329294 ] } },
{ "type": "Feature", "properties": { "ID": 4122415311740, "正式名称": "医療法人なるお内科小児科", "機関区分": 2, "都道府県コード": 41, "市区町村コード": 341, "所在地": "佐賀県三養基郡基山町けやき台１－２３ー７", "緯度": 33.434339, "経度": 130.531793, "url": "https://www.iryou.teikyouseido.mhlw.go.jp/znk-web/juminkanja/S2430/initialize?prefCd=41&kikanCd=2415311740&kikanKbn=2", "url2": null, "内容": "医療法人なるお内科小児科【2:診療所】【診療科目:内科_循環器内科_消化器内科_小児科_泌尿器科_リハビリテーション科】佐賀県三養基郡基山町けやき台１－２３ー７" }, "geometry": { "type": "Point", "coordinates": [ 130.531793, 33.434339 ] } },
{ "type": "Feature", "properties": { "ID": 4122415311900, "正式名称": "いとうクリニック", "機関区分": 2, "都道府県コード": 41, "市区町村コード": 203, "所在地": "佐賀県鳥栖市轟木町", "緯度": 33.367793, "経度": 130.507793, "url": "https://www.iryou.teikyouseido.mhlw.go.jp/znk-web/juminkanja/S2430/initialize?prefCd=41&kikanCd=2415311900&kikanKbn=2", "url2": "http://www.mikku.co.jp/itou.htm", "内容": "いとうクリニック【2:診療所】【診療科目:皮膚科_泌尿器科】佐賀県鳥栖市轟木町" }, "geometry": { "type": "Point", "coordinates": [ 130.507793, 33.367793 ] } },
{ "type": "Feature", "properties": { "ID": 4122415312040, "正式名称": "医療法人やまだ小児科クリニック", "機関区分": 2, "都道府県コード": 41, "市区町村コード": 345, "所在地": "佐賀県三養基郡上峰町坊所４４４番地７", "緯度": 33.318656, "経度": 130.426944, "url": "https://www.iryou.teikyouseido.mhlw.go.jp/znk-web/juminkanja/S2430/initialize?prefCd=41&kikanCd=2415312040&kikanKbn=2", "url2": "http://paa.jp/t/105801/", "内容": "医療法人やまだ小児科クリニック【2:診療所】【診療科目:小児科_アレルギー科】佐賀県三養基郡上峰町坊所４４４番地７" }, "geometry": { "type": "Point", "coordinates": [ 130.426944, 33.318656 ] } },
{ "type": "Feature", "properties": { "ID": 4122415312200, "正式名称": "医療法人はらだ会　はらだ内科胃腸科", "機関区分": 2, "都道府県コード": 41, "市区町村コード": 203, "所在地": "佐賀県鳥栖市鎗田町２８１番地３", "緯度": 33.380372, "経度": 130.513157, "url": "https://www.iryou.teikyouseido.mhlw.go.jp/znk-web/juminkanja/S2430/initialize?prefCd=41&kikanCd=2415312200&kikanKbn=2", "url2": "http://haradakai.com", "内容": "医療法人はらだ会　はらだ内科胃腸科【2:診療所】【診療科目:内科_糖尿病内科_内分泌内科_糖尿病・内分泌内科_糖尿病・代謝内科_呼吸器内科_循環器内科_消化器内科_胃腸内科_肝臓内科_神経内科_漢方内科_老年内科_内視鏡内科_アレルギー疾患内科_緩和ケア内科_高血圧内科、脳血管内科_ペインクリニック外科_もの忘れ科_アレルギー科_リウマチ科_リハビリテーション科_放射線科_在宅医療、禁煙外来、膠原病科、健康診断】佐賀県鳥栖市鎗田町２８１番地３" }, "geometry": { "type": "Point", "coordinates": [ 130.513157, 33.380372 ] } },
{ "type": "Feature", "properties": { "ID": 4122415312330, "正式名称": "医療法人　上野クリニック", "機関区分": 2, "都道府県コード": 41, "市区町村コード": 346, "所在地": "佐賀県三養基郡みやき町簑原１６７６－７", "緯度": 33.345514, "経度": 130.448692, "url": "https://www.iryou.teikyouseido.mhlw.go.jp/znk-web/juminkanja/S2430/initialize?prefCd=41&kikanCd=2415312330&kikanKbn=2", "url2": "http://saga-uenoclinic.com", "内容": "医療法人　上野クリニック【2:診療所】【診療科目:内科_胃腸内科_外科_小児科_リハビリテーション科】佐賀県三養基郡みやき町簑原１６７６－７" }, "geometry": { "type": "Point", "coordinates": [ 130.448692, 33.345514 ] } },
{ "type": "Feature", "properties": { "ID": 4122415312460, "正式名称": "高木クリニック", "機関区分": 2, "都道府県コード": 41, "市区町村コード": 346, "所在地": "佐賀県三養基郡みやき町原古賀１１７４－１", "緯度": 33.345014, "経度": 130.442025, "url": "https://www.iryou.teikyouseido.mhlw.go.jp/znk-web/juminkanja/S2430/initialize?prefCd=41&kikanCd=2415312460&kikanKbn=2", "url2": null, "内容": "高木クリニック【2:診療所】【診療科目:内科_消化器内科_外科_リハビリテーション科】佐賀県三養基郡みやき町原古賀１１７４－１" }, "geometry": { "type": "Point", "coordinates": [ 130.442025, 33.345014 ] } },
{ "type": "Feature", "properties": { "ID": 4122415312590, "正式名称": "医療法人じゅんせんせいのこども総合クリニック", "機関区分": 2, "都道府県コード": 41, "市区町村コード": 203, "所在地": "佐賀県鳥栖市下野町３０９７－２", "緯度": 33.329656, "経度": 130.490466, "url": "https://www.iryou.teikyouseido.mhlw.go.jp/znk-web/juminkanja/S2430/initialize?prefCd=41&kikanCd=2415312590&kikanKbn=2", "url2": null, "内容": "医療法人じゅんせんせいのこども総合クリニック【2:診療所】【診療科目:内科_アレルギー疾患内科_整形外科_小児科_小児外科_耳鼻いんこう科_皮膚科_アレルギー科】佐賀県鳥栖市下野町３０９７－２" }, "geometry": { "type": "Point", "coordinates": [ 130.490466, 33.329656 ] } },
{ "type": "Feature", "properties": { "ID": 4122415312620, "正式名称": "医療法人斎藤整形外科医院", "機関区分": 2, "都道府県コード": 41, "市区町村コード": 346, "所在地": "佐賀県三養基郡みやき町寄人１５０９ー１", "緯度": 33.287576, "経度": 130.415613, "url": "https://www.iryou.teikyouseido.mhlw.go.jp/znk-web/juminkanja/S2430/initialize?prefCd=41&kikanCd=2415312620&kikanKbn=2", "url2": "https://www.saito-seikei-miyaki-saga.com", "内容": "医療法人斎藤整形外科医院【2:診療所】【診療科目:内科_整形外科_リハビリテーション科】佐賀県三養基郡みやき町寄人１５０９ー１" }, "geometry": { "type": "Point", "coordinates": [ 130.415613, 33.287576 ] } },
{ "type": "Feature", "properties": { "ID": 4122415312750, "正式名称": "医療法人　むらかみ小児科", "機関区分": 2, "都道府県コード": 41, "市区町村コード": 203, "所在地": "佐賀県鳥栖市古野町１９０－１０", "緯度": 33.379622, "経度": 130.511463, "url": "https://www.iryou.teikyouseido.mhlw.go.jp/znk-web/juminkanja/S2430/initialize?prefCd=41&kikanCd=2415312750&kikanKbn=2", "url2": "http://www.mikku.co.jp/murakami/", "内容": "医療法人　むらかみ小児科【2:診療所】【診療科目:小児科】佐賀県鳥栖市古野町１９０－１０" }, "geometry": { "type": "Point", "coordinates": [ 130.511463, 33.379622 ] } },
{ "type": "Feature", "properties": { "ID": 4122415312910, "正式名称": "平川医院", "機関区分": 2, "都道府県コード": 41, "市区町村コード": 346, "所在地": "佐賀県三養基郡みやき町西島２９７９ー８", "緯度": 33.295492, "経度": 130.444249, "url": "https://www.iryou.teikyouseido.mhlw.go.jp/znk-web/juminkanja/S2430/initialize?prefCd=41&kikanCd=2415312910&kikanKbn=2", "url2": null, "内容": "平川医院【2:診療所】【診療科目:内科_消化器内科】佐賀県三養基郡みやき町西島２９７９ー８" }, "geometry": { "type": "Point", "coordinates": [ 130.444249, 33.295492 ] } },
{ "type": "Feature", "properties": { "ID": 4122415313470, "正式名称": "医療法人希望会レディースクリニック山田産婦人科", "機関区分": 2, "都道府県コード": 41, "市区町村コード": 203, "所在地": "佐賀県鳥栖市蔵上２ー１８６", "緯度": 33.374067, "経度": 130.491909, "url": "https://www.iryou.teikyouseido.mhlw.go.jp/znk-web/juminkanja/S2430/initialize?prefCd=41&kikanCd=2415313470&kikanKbn=2", "url2": "http://www.lcy.or.jp/sp", "内容": "医療法人希望会レディースクリニック山田産婦人科【2:診療所】【診療科目:産婦人科】佐賀県鳥栖市蔵上２ー１８６" }, "geometry": { "type": "Point", "coordinates": [ 130.491909, 33.374067 ] } },
{ "type": "Feature", "properties": { "ID": 4122415313630, "正式名称": "医療法人やましたクリニック", "機関区分": 2, "都道府県コード": 41, "市区町村コード": 203, "所在地": "佐賀県鳥栖市蔵上４丁目３２５番地", "緯度": 33.373539, "経度": 130.491826, "url": "https://www.iryou.teikyouseido.mhlw.go.jp/znk-web/juminkanja/S2430/initialize?prefCd=41&kikanCd=2415313630&kikanKbn=2", "url2": "https://mikurin48.web.fc2.com/", "内容": "医療法人やましたクリニック【2:診療所】【診療科目:内科_呼吸器内科_小児科】佐賀県鳥栖市蔵上４丁目３２５番地" }, "geometry": { "type": "Point", "coordinates": [ 130.491826, 33.373539 ] } },
{ "type": "Feature", "properties": { "ID": 4122415313760, "正式名称": "医療法人　芳生会　和田内科循環器科", "機関区分": 2, "都道府県コード": 41, "市区町村コード": 203, "所在地": "佐賀県鳥栖市原古賀町１３３４－８", "緯度": 33.369429, "経度": 130.483743, "url": "https://www.iryou.teikyouseido.mhlw.go.jp/znk-web/juminkanja/S2430/initialize?prefCd=41&kikanCd=2415313760&kikanKbn=2", "url2": "http://wada-heart-kidney.or.jp/", "内容": "医療法人　芳生会　和田内科循環器科【2:診療所】【診療科目:内科_循環器内科_腎臓内科_人工透析内科_高血圧内科_血管外科_心臓血管外科_人工透析_リウマチ科】佐賀県鳥栖市原古賀町１３３４－８" }, "geometry": { "type": "Point", "coordinates": [ 130.483743, 33.369429 ] } },
{ "type": "Feature", "properties": { "ID": 4122415313890, "正式名称": "志賀眼科医院", "機関区分": 2, "都道府県コード": 41, "市区町村コード": 341, "所在地": "佐賀県三養基郡基山町宮浦７３５番地１４", "緯度": 33.425895, "経度": 130.522405, "url": "https://www.iryou.teikyouseido.mhlw.go.jp/znk-web/juminkanja/S2430/initialize?prefCd=41&kikanCd=2415313890&kikanKbn=2", "url2": "http://www1.odn.ne.jp/shiga-ganka/", "内容": "志賀眼科医院【2:診療所】【診療科目:眼科】佐賀県三養基郡基山町宮浦７３５番地１４" }, "geometry": { "type": "Point", "coordinates": [ 130.522405, 33.425895 ] } },
{ "type": "Feature", "properties": { "ID": 4122415314220, "正式名称": "医療法人昭和会永岡眼科医院", "機関区分": 2, "都道府県コード": 41, "市区町村コード": 345, "所在地": "佐賀県三養基郡上峰町坊所１５７０－６４", "緯度": 33.33121, "経度": 130.418195, "url": "https://www.iryou.teikyouseido.mhlw.go.jp/znk-web/juminkanja/S2430/initialize?prefCd=41&kikanCd=2415314220&kikanKbn=2", "url2": "https://nagaokaganka.com", "内容": "医療法人昭和会永岡眼科医院【2:診療所】【診療科目:眼科】佐賀県三養基郡上峰町坊所１５７０－６４" }, "geometry": { "type": "Point", "coordinates": [ 130.418195, 33.33121 ] } },
{ "type": "Feature", "properties": { "ID": 4122415314480, "正式名称": "医療法人　太啓会　大園内科医院", "機関区分": 2, "都道府県コード": 41, "市区町村コード": 203, "所在地": "佐賀県鳥栖市萱方町１５８－１０", "緯度": 33.384733, "経度": 130.507435, "url": "https://www.iryou.teikyouseido.mhlw.go.jp/znk-web/juminkanja/S2430/initialize?prefCd=41&kikanCd=2415314480&kikanKbn=2", "url2": "http://www.oozono.co.jp", "内容": "医療法人　太啓会　大園内科医院【2:診療所】【診療科目:内科_消化器内科_胃腸内科_内視鏡内科_リハビリテーション科】佐賀県鳥栖市萱方町１５８－１０" }, "geometry": { "type": "Point", "coordinates": [ 130.507435, 33.384733 ] } },
{ "type": "Feature", "properties": { "ID": 4122415314510, "正式名称": "医療法人梁井眼科医院", "機関区分": 2, "都道府県コード": 41, "市区町村コード": 203, "所在地": "佐賀県鳥栖市田代大官町７９８－３", "緯度": 33.389205, "経度": 130.518267, "url": "https://www.iryou.teikyouseido.mhlw.go.jp/znk-web/juminkanja/S2430/initialize?prefCd=41&kikanCd=2415314510&kikanKbn=2", "url2": "https://yanaiganka.com", "内容": "医療法人梁井眼科医院【2:診療所】【診療科目:眼科】佐賀県鳥栖市田代大官町７９８－３" }, "geometry": { "type": "Point", "coordinates": [ 130.518267, 33.389205 ] } },
{ "type": "Feature", "properties": { "ID": 4122415314770, "正式名称": "皮ふ科駒井あやこクリニック", "機関区分": 2, "都道府県コード": 41, "市区町村コード": 203, "所在地": "佐賀県鳥栖市蔵上４丁目１９２番地", "緯度": 33.37765, "経度": 130.495103, "url": "https://www.iryou.teikyouseido.mhlw.go.jp/znk-web/juminkanja/S2430/initialize?prefCd=41&kikanCd=2415314770&kikanKbn=2", "url2": "http://www.mikku.co.jp/komai/", "内容": "皮ふ科駒井あやこクリニック【2:診療所】【診療科目:皮膚科_アレルギー科】佐賀県鳥栖市蔵上４丁目１９２番地" }, "geometry": { "type": "Point", "coordinates": [ 130.495103, 33.37765 ] } },
{ "type": "Feature", "properties": { "ID": 4122415314800, "正式名称": "医療法人　廣松クリニック", "機関区分": 2, "都道府県コード": 41, "市区町村コード": 203, "所在地": "佐賀県鳥栖市宿町９９４ー１", "緯度": 33.37379, "経度": 130.504352, "url": "https://www.iryou.teikyouseido.mhlw.go.jp/znk-web/juminkanja/S2430/initialize?prefCd=41&kikanCd=2415314800&kikanKbn=2", "url2": null, "内容": "医療法人　廣松クリニック【2:診療所】【診療科目:形成外科_皮膚科】佐賀県鳥栖市宿町９９４ー１" }, "geometry": { "type": "Point", "coordinates": [ 130.504352, 33.37379 ] } },
{ "type": "Feature", "properties": { "ID": 4122415315070, "正式名称": "医療法人まごころ医療館", "機関区分": 2, "都道府県コード": 41, "市区町村コード": 203, "所在地": "佐賀県鳥栖市蔵上２丁目２１０番地", "緯度": 33.374499, "経度": 130.494319, "url": "https://www.iryou.teikyouseido.mhlw.go.jp/znk-web/juminkanja/S2430/initialize?prefCd=41&kikanCd=2415315070&kikanKbn=2", "url2": "http://magokoroiryoukan.com/", "内容": "医療法人まごころ医療館【2:診療所】【診療科目:内科_糖尿病内科_呼吸器内科_循環器内科_消化器内科_内視鏡内科_ペインクリニック内科_緩和ケア内科_高血圧内科_外科_整形外科_リウマチ科_リハビリテーション科_麻酔科_健康診断、禁煙外来、プラセンタ治療、在宅医療、在宅緩和ケア】佐賀県鳥栖市蔵上２丁目２１０番地" }, "geometry": { "type": "Point", "coordinates": [ 130.494319, 33.374499 ] } },
{ "type": "Feature", "properties": { "ID": 4122415315100, "正式名称": "医療法人回生会　うえきクリニック", "機関区分": 2, "都道府県コード": 41, "市区町村コード": 345, "所在地": "佐賀県三養基郡上峰町坊所１５７０ー５５", "緯度": 33.335737, "経度": 130.418195, "url": "https://www.iryou.teikyouseido.mhlw.go.jp/znk-web/juminkanja/S2430/initialize?prefCd=41&kikanCd=2415315100&kikanKbn=2", "url2": null, "内容": "医療法人回生会　うえきクリニック【2:診療所】【診療科目:内科_循環器内科_胃腸内科_リハビリテーション科】佐賀県三養基郡上峰町坊所１５７０ー５５" }, "geometry": { "type": "Point", "coordinates": [ 130.418195, 33.335737 ] } },
{ "type": "Feature", "properties": { "ID": 4122415315520, "正式名称": "医療法人鵬之風いのくち医院", "機関区分": 2, "都道府県コード": 41, "市区町村コード": 346, "所在地": "佐賀県三養基郡みやき町簑原２９４６－１", "緯度": 33.357707, "経度": 130.447497, "url": "https://www.iryou.teikyouseido.mhlw.go.jp/znk-web/juminkanja/S2430/initialize?prefCd=41&kikanCd=2415315520&kikanKbn=2", "url2": "hounokaze.com", "内容": "医療法人鵬之風いのくち医院【2:診療所】【診療科目:内科_外科_整形外科】佐賀県三養基郡みやき町簑原２９４６－１" }, "geometry": { "type": "Point", "coordinates": [ 130.447497, 33.357707 ] } },
{ "type": "Feature", "properties": { "ID": 4122415315780, "正式名称": "医療法人せとじまクリニック", "機関区分": 2, "都道府県コード": 41, "市区町村コード": 203, "所在地": "佐賀県鳥栖市真木町１９７４－４", "緯度": 33.360486, "経度": 130.506686, "url": "https://www.iryou.teikyouseido.mhlw.go.jp/znk-web/juminkanja/S2430/initialize?prefCd=41&kikanCd=2415315780&kikanKbn=2", "url2": "http://setojima-clinic.com/", "内容": "医療法人せとじまクリニック【2:診療所】【診療科目:内科_循環器内科_胃腸内科_内視鏡内科_外科_リハビリテーション科_放射線科】佐賀県鳥栖市真木町１９７４－４" }, "geometry": { "type": "Point", "coordinates": [ 130.506686, 33.360486 ] } },
{ "type": "Feature", "properties": { "ID": 4122415315940, "正式名称": "やまさき眼科", "機関区分": 2, "都道府県コード": 41, "市区町村コード": 203, "所在地": "佐賀県鳥栖市宿町９８５", "緯度": 33.374012, "経度": 130.502741, "url": "https://www.iryou.teikyouseido.mhlw.go.jp/znk-web/juminkanja/S2430/initialize?prefCd=41&kikanCd=2415315940&kikanKbn=2", "url2": "http://www.yamasaki-eye-clinic.com/", "内容": "やまさき眼科【2:診療所】【診療科目:眼科】佐賀県鳥栖市宿町９８５" }, "geometry": { "type": "Point", "coordinates": [ 130.502741, 33.374012 ] } },
{ "type": "Feature", "properties": { "ID": 4122415316240, "正式名称": "医療法人まえはらクリニック　まえはら耳鼻咽喉科アレルギー科クリニック", "機関区分": 2, "都道府県コード": 41, "市区町村コード": 341, "所在地": "佐賀県三養基郡基山町園部２７７２－１０", "緯度": 33.418535, "経度": 130.523683, "url": "https://www.iryou.teikyouseido.mhlw.go.jp/znk-web/juminkanja/S2430/initialize?prefCd=41&kikanCd=2415316240&kikanKbn=2", "url2": "http://www.maehara-ent.jp", "内容": "医療法人まえはらクリニック　まえはら耳鼻咽喉科アレルギー科クリニック【2:診療所】【診療科目:耳鼻いんこう科_アレルギー科】佐賀県三養基郡基山町園部２７７２－１０" }, "geometry": { "type": "Point", "coordinates": [ 130.523683, 33.418535 ] } },
{ "type": "Feature", "properties": { "ID": 4122415316370, "正式名称": "医療法人ひかり医院", "機関区分": 2, "都道府県コード": 41, "市区町村コード": 203, "所在地": "佐賀県鳥栖市宿町１２４７ー４", "緯度": 33.380928, "経度": 130.508296, "url": "https://www.iryou.teikyouseido.mhlw.go.jp/znk-web/juminkanja/S2430/initialize?prefCd=41&kikanCd=2415316370&kikanKbn=2", "url2": null, "内容": "医療法人ひかり医院【2:診療所】【診療科目:内科_外科_肛門外科_皮膚科】佐賀県鳥栖市宿町１２４７ー４" }, "geometry": { "type": "Point", "coordinates": [ 130.508296, 33.380928 ] } },
{ "type": "Feature", "properties": { "ID": 4122415316660, "正式名称": "こやなぎ内科循環器科クリニック", "機関区分": 2, "都道府県コード": 41, "市区町村コード": 203, "所在地": "佐賀県鳥栖市原町１０７７ー３", "緯度": 33.384789, "経度": 130.529044, "url": "https://www.iryou.teikyouseido.mhlw.go.jp/znk-web/juminkanja/S2430/initialize?prefCd=41&kikanCd=2415316660&kikanKbn=2", "url2": "https://koyanagi-clin.jp", "内容": "こやなぎ内科循環器科クリニック【2:診療所】【診療科目:内科_呼吸器内科_循環器内科】佐賀県鳥栖市原町１０７７ー３" }, "geometry": { "type": "Point", "coordinates": [ 130.529044, 33.384789 ] } },
{ "type": "Feature", "properties": { "ID": 4122415317120, "正式名称": "医療法人梅野耳鼻咽喉科", "機関区分": 2, "都道府県コード": 41, "市区町村コード": 203, "所在地": "佐賀県鳥栖市本町１－９２４－１", "緯度": 33.375067, "経度": 130.513379, "url": "https://www.iryou.teikyouseido.mhlw.go.jp/znk-web/juminkanja/S2430/initialize?prefCd=41&kikanCd=2415317120&kikanKbn=2", "url2": null, "内容": "医療法人梅野耳鼻咽喉科【2:診療所】【診療科目:気管食道外科_耳鼻いんこう科_アレルギー科】佐賀県鳥栖市本町１－９２４－１" }, "geometry": { "type": "Point", "coordinates": [ 130.513379, 33.375067 ] } },
{ "type": "Feature", "properties": { "ID": 4122415318420, "正式名称": "医療法人　かわらハートクリニック", "機関区分": 2, "都道府県コード": 41, "市区町村コード": 203, "所在地": "佐賀県鳥栖市曽根崎町２３７５", "緯度": 33.377926, "経度": 130.524176, "url": "https://www.iryou.teikyouseido.mhlw.go.jp/znk-web/juminkanja/S2430/initialize?prefCd=41&kikanCd=2415318420&kikanKbn=2", "url2": "https://kawara-heartclinic.net/", "内容": "医療法人　かわらハートクリニック【2:診療所】【診療科目:内科_循環器内科_外科_形成外科】佐賀県鳥栖市曽根崎町２３７５" }, "geometry": { "type": "Point", "coordinates": [ 130.524176, 33.377926 ] } },
{ "type": "Feature", "properties": { "ID": 4122415318550, "正式名称": "医療法人光寿權藤医院", "機関区分": 2, "都道府県コード": 41, "市区町村コード": 203, "所在地": "佐賀県鳥栖市弥生が丘２丁目１番地光寿弥生が丘１Ｆ", "緯度": 33.403203, "経度": 130.524961, "url": "https://www.iryou.teikyouseido.mhlw.go.jp/znk-web/juminkanja/S2430/initialize?prefCd=41&kikanCd=2415318550&kikanKbn=2", "url2": "http://www.kohju.or.jp", "内容": "医療法人光寿權藤医院【2:診療所】【診療科目:内科_糖尿病・内分泌内科_消化器内科_リウマチ科】佐賀県鳥栖市弥生が丘２丁目１番地光寿弥生が丘１Ｆ" }, "geometry": { "type": "Point", "coordinates": [ 130.524961, 33.403203 ] } },
{ "type": "Feature", "properties": { "ID": 4122415319430, "正式名称": "こが医療館　明彦　まきこクリニック", "機関区分": 2, "都道府県コード": 41, "市区町村コード": 203, "所在地": "佐賀県鳥栖市大正町７６４ー５", "緯度": 33.376022, "経度": 130.514794, "url": "https://www.iryou.teikyouseido.mhlw.go.jp/znk-web/juminkanja/S2430/initialize?prefCd=41&kikanCd=2415319430&kikanKbn=2", "url2": "http://www.kogaclinic.jp", "内容": "こが医療館　明彦　まきこクリニック【2:診療所】【診療科目:内科_糖尿病内科_循環器内科_消化器内科_外科_乳腺外科_肛門外科_アレルギー科_リハビリテーション科】佐賀県鳥栖市大正町７６４ー５" }, "geometry": { "type": "Point", "coordinates": [ 130.514794, 33.376022 ] } },
{ "type": "Feature", "properties": { "ID": 4122415319690, "正式名称": "サンロードクリニック", "機関区分": 2, "都道府県コード": 41, "市区町村コード": 203, "所在地": "佐賀県鳥栖市弥生が丘２丁目５番", "緯度": 33.403222, "経度": 130.524252, "url": "https://www.iryou.teikyouseido.mhlw.go.jp/znk-web/juminkanja/S2430/initialize?prefCd=41&kikanCd=2415319690&kikanKbn=2", "url2": "http://www.sunroad-clinic.jp/", "内容": "サンロードクリニック【2:診療所】【診療科目:形成外科_美容外科_皮膚科_美容皮膚科】佐賀県鳥栖市弥生が丘２丁目５番" }, "geometry": { "type": "Point", "coordinates": [ 130.524252, 33.403222 ] } },
{ "type": "Feature", "properties": { "ID": 4122415320250, "正式名称": "九州国際重粒子線がん治療センター", "機関区分": 2, "都道府県コード": 41, "市区町村コード": 203, "所在地": "佐賀県鳥栖市原古賀町３０４９番地", "緯度": 33.370068, "経度": 130.48964, "url": "https://www.iryou.teikyouseido.mhlw.go.jp/znk-web/juminkanja/S2430/initialize?prefCd=41&kikanCd=2415320250&kikanKbn=2", "url2": "http://www.saga-himat.jp/", "内容": "九州国際重粒子線がん治療センター【2:診療所】【診療科目:放射線科】佐賀県鳥栖市原古賀町３０４９番地" }, "geometry": { "type": "Point", "coordinates": [ 130.48964, 33.370068 ] } },
{ "type": "Feature", "properties": { "ID": 4122415320380, "正式名称": "あおぞらクリニック", "機関区分": 2, "都道府県コード": 41, "市区町村コード": 346, "所在地": "佐賀県三養基郡みやき町原古賀１０６８ー４", "緯度": 33.344498, "経度": 130.440552, "url": "https://www.iryou.teikyouseido.mhlw.go.jp/znk-web/juminkanja/S2430/initialize?prefCd=41&kikanCd=2415320380&kikanKbn=2", "url2": "http://www.aozora-cli.com/", "内容": "あおぞらクリニック【2:診療所】【診療科目:糖尿病内科】佐賀県三養基郡みやき町原古賀１０６８ー４" }, "geometry": { "type": "Point", "coordinates": [ 130.440552, 33.344498 ] } },
{ "type": "Feature", "properties": { "ID": 4122415320540, "正式名称": "品川内科クリニック", "機関区分": 2, "都道府県コード": 41, "市区町村コード": 203, "所在地": "佐賀県鳥栖市弥生が丘５丁目２２２番地", "緯度": 33.402713, "経度": 130.516462, "url": "https://www.iryou.teikyouseido.mhlw.go.jp/znk-web/juminkanja/S2430/initialize?prefCd=41&kikanCd=2415320540&kikanKbn=2", "url2": "http://www.shinagawa-c.com", "内容": "品川内科クリニック【2:診療所】【診療科目:内科_消化器内科】佐賀県鳥栖市弥生が丘５丁目２２２番地" }, "geometry": { "type": "Point", "coordinates": [ 130.516462, 33.402713 ] } },
{ "type": "Feature", "properties": { "ID": 4122415320700, "正式名称": "医療法人　徳隣会　　つつみクリニック", "機関区分": 2, "都道府県コード": 41, "市区町村コード": 203, "所在地": "佐賀県鳥栖市弥生が丘６丁目ー８２", "緯度": 33.400711, "経度": 130.516874, "url": "https://www.iryou.teikyouseido.mhlw.go.jp/znk-web/juminkanja/S2430/initialize?prefCd=41&kikanCd=2415320700&kikanKbn=2", "url2": "http://www.tsutsumiclinic.net/", "内容": "医療法人　徳隣会　　つつみクリニック【2:診療所】【診療科目:内科_呼吸器内科_気管食道内科_循環器内科_消化器内科_胃腸内科_整形外科_小児科_精神科】佐賀県鳥栖市弥生が丘６丁目ー８２" }, "geometry": { "type": "Point", "coordinates": [ 130.516874, 33.400711 ] } },
{ "type": "Feature", "properties": { "ID": 4122415321000, "正式名称": "医療法人　柳寿　ごんどう皮膚科", "機関区分": 2, "都道府県コード": 41, "市区町村コード": 203, "所在地": "佐賀県鳥栖市弥生が丘２丁目３番", "緯度": 33.403304, "経度": 130.524799, "url": "https://www.iryou.teikyouseido.mhlw.go.jp/znk-web/juminkanja/S2430/initialize?prefCd=41&kikanCd=2415321000&kikanKbn=2", "url2": "http://gondo-dermatology.or.jp/", "内容": "医療法人　柳寿　ごんどう皮膚科【2:診療所】【診療科目:皮膚科】佐賀県鳥栖市弥生が丘２丁目３番" }, "geometry": { "type": "Point", "coordinates": [ 130.524799, 33.403304 ] } },
{ "type": "Feature", "properties": { "ID": 4122415321130, "正式名称": "医療法人　　三樹会　　みきクリニック", "機関区分": 2, "都道府県コード": 41, "市区町村コード": 346, "所在地": "佐賀県三養基郡みやき町市武", "緯度": 33.296183, "経度": 130.430015, "url": "https://www.iryou.teikyouseido.mhlw.go.jp/znk-web/juminkanja/S2430/initialize?prefCd=41&kikanCd=2415321130&kikanKbn=2", "url2": "https://www.miki-hosp.gr.jp", "内容": "医療法人　　三樹会　　みきクリニック【2:診療所】【診療科目:内科_在宅医療】佐賀県三養基郡みやき町市武" }, "geometry": { "type": "Point", "coordinates": [ 130.430015, 33.296183 ] } },
{ "type": "Feature", "properties": { "ID": 4122415321420, "正式名称": "内科　外科　くろだ医院", "機関区分": 2, "都道府県コード": 41, "市区町村コード": 203, "所在地": "佐賀県鳥栖市元町１３２８ー５ＮＴＴ鳥栖ビル１階", "緯度": 33.373868, "経度": 130.509081, "url": "https://www.iryou.teikyouseido.mhlw.go.jp/znk-web/juminkanja/S2430/initialize?prefCd=41&kikanCd=2415321420&kikanKbn=2", "url2": "http://kuroda-familyclinic.com", "内容": "内科　外科　くろだ医院【2:診療所】【診療科目:内科_糖尿病内科_内分泌内科_消化器内科_内視鏡内科_ペインクリニック内科_アレルギー疾患内科_外科_肛門外科_小児皮膚科_アレルギー科_リハビリテーション科】佐賀県鳥栖市元町１３２８ー５ＮＴＴ鳥栖ビル１階" }, "geometry": { "type": "Point", "coordinates": [ 130.509081, 33.373868 ] } },
{ "type": "Feature", "properties": { "ID": 4122415321550, "正式名称": "医療法人　しばやま整形外科", "機関区分": 2, "都道府県コード": 41, "市区町村コード": 203, "所在地": "佐賀県鳥栖市本鳥栖町６３３‐４３", "緯度": 33.376457, "経度": 130.519187, "url": "https://www.iryou.teikyouseido.mhlw.go.jp/znk-web/juminkanja/S2430/initialize?prefCd=41&kikanCd=2415321550&kikanKbn=2", "url2": "https://www.shibayama-seikei.net", "内容": "医療法人　しばやま整形外科【2:診療所】【診療科目:整形外科_リハビリテーション科_通所リハビリテーション】佐賀県鳥栖市本鳥栖町６３３‐４３" }, "geometry": { "type": "Point", "coordinates": [ 130.519187, 33.376457 ] } },
{ "type": "Feature", "properties": { "ID": 4122415321710, "正式名称": "荒木眼科", "機関区分": 2, "都道府県コード": 41, "市区町村コード": 203, "所在地": "佐賀県鳥栖市本鳥栖町５３７ー１　フレスポ鳥栖２階", "緯度": 33.375922, "経度": 130.517216, "url": "https://www.iryou.teikyouseido.mhlw.go.jp/znk-web/juminkanja/S2430/initialize?prefCd=41&kikanCd=2415321710&kikanKbn=2", "url2": "http://arakiganka.com", "内容": "荒木眼科【2:診療所】【診療科目:眼科】佐賀県鳥栖市本鳥栖町５３７ー１　フレスポ鳥栖２階" }, "geometry": { "type": "Point", "coordinates": [ 130.517216, 33.375922 ] } },
{ "type": "Feature", "properties": { "ID": 4122415321970, "正式名称": "医療法人鳥越脳神経外科クリニック", "機関区分": 2, "都道府県コード": 41, "市区町村コード": 203, "所在地": "佐賀県鳥栖市藤木町１４５０ー６", "緯度": 33.363385, "経度": 130.525432, "url": "https://www.iryou.teikyouseido.mhlw.go.jp/znk-web/juminkanja/S2430/initialize?prefCd=41&kikanCd=2415321970&kikanKbn=2", "url2": "http://www.torigoe-clinic.com/", "内容": "医療法人鳥越脳神経外科クリニック【2:診療所】【診療科目:脳神経外科_リハビリテーション科】佐賀県鳥栖市藤木町１４５０ー６" }, "geometry": { "type": "Point", "coordinates": [ 130.525432, 33.363385 ] } },
{ "type": "Feature", "properties": { "ID": 4122415322010, "正式名称": "医療法人　斎藤内科医院", "機関区分": 2, "都道府県コード": 41, "市区町村コード": 203, "所在地": "佐賀県鳥栖市東町１丁目１０５４－６", "緯度": 33.371099, "経度": 130.51584, "url": "https://www.iryou.teikyouseido.mhlw.go.jp/znk-web/juminkanja/S2430/initialize?prefCd=41&kikanCd=2415322010&kikanKbn=2", "url2": "http://www.saitou-naika.com", "内容": "医療法人　斎藤内科医院【2:診療所】【診療科目:内科_消化器内科_小児科_在宅医療、健康診断、禁煙外来、在宅緩和ケア】佐賀県鳥栖市東町１丁目１０５４－６" }, "geometry": { "type": "Point", "coordinates": [ 130.51584, 33.371099 ] } },
{ "type": "Feature", "properties": { "ID": 4122415322140, "正式名称": "おおば内科　循環器科医院", "機関区分": 2, "都道府県コード": 41, "市区町村コード": 346, "所在地": "佐賀県三養基郡みやき町白壁２３２ー２", "緯度": 33.326261, "経度": 130.464191, "url": "https://www.iryou.teikyouseido.mhlw.go.jp/znk-web/juminkanja/S2430/initialize?prefCd=41&kikanCd=2415322140&kikanKbn=2", "url2": "http://www.ooba-clinic.com", "内容": "おおば内科　循環器科医院【2:診療所】【診療科目:内科_糖尿病内科_循環器内科_高血圧内科】佐賀県三養基郡みやき町白壁２３２ー２" }, "geometry": { "type": "Point", "coordinates": [ 130.464191, 33.326261 ] } },
{ "type": "Feature", "properties": { "ID": 4122415322270, "正式名称": "きやま鹿毛医院", "機関区分": 2, "都道府県コード": 41, "市区町村コード": 341, "所在地": "佐賀県三養基郡基山町大字宮浦３９９ー１", "緯度": 33.421667, "経度": 130.52814, "url": "https://www.iryou.teikyouseido.mhlw.go.jp/znk-web/juminkanja/S2430/initialize?prefCd=41&kikanCd=2415322270&kikanKbn=2", "url2": "https://kagehospital.or.jp", "内容": "きやま鹿毛医院【2:診療所】【診療科目:内科_腎臓内科_－】佐賀県三養基郡基山町大字宮浦３９９ー１" }, "geometry": { "type": "Point", "coordinates": [ 130.52814, 33.421667 ] } },
{ "type": "Feature", "properties": { "ID": 4122415322300, "正式名称": "鹿毛診療所", "機関区分": 2, "都道府県コード": 41, "市区町村コード": 341, "所在地": "佐賀県三養基郡基山町宮浦１８６番地６５", "緯度": 33.422774, "経度": 130.529938, "url": "https://www.iryou.teikyouseido.mhlw.go.jp/znk-web/juminkanja/S2430/initialize?prefCd=41&kikanCd=2415322300&kikanKbn=2", "url2": "http://kagehospital.or.jp/", "内容": "鹿毛診療所【2:診療所】【診療科目:内科_循環器内科】佐賀県三養基郡基山町宮浦１８６番地６５" }, "geometry": { "type": "Point", "coordinates": [ 130.529938, 33.422774 ] } },
{ "type": "Feature", "properties": { "ID": 4122415322430, "正式名称": "ばば整形外科", "機関区分": 2, "都道府県コード": 41, "市区町村コード": 341, "所在地": "佐賀県三養基郡基山町大字宮浦１８６ー１８", "緯度": 33.421814, "経度": 130.530451, "url": "https://www.iryou.teikyouseido.mhlw.go.jp/znk-web/juminkanja/S2430/initialize?prefCd=41&kikanCd=2415322430&kikanKbn=2", "url2": "http://baba-seikei.com/", "内容": "ばば整形外科【2:診療所】【診療科目:整形外科_リウマチ科_リハビリテーション科】佐賀県三養基郡基山町大字宮浦１８６ー１８" }, "geometry": { "type": "Point", "coordinates": [ 130.530451, 33.421814 ] } },
{ "type": "Feature", "properties": { "ID": 4122415323020, "正式名称": "お元気でクリニック", "機関区分": 2, "都道府県コード": 41, "市区町村コード": 203, "所在地": "佐賀県鳥栖市立石町２１５９番地１", "緯度": 33.365024, "経度": 130.466559, "url": "https://www.iryou.teikyouseido.mhlw.go.jp/znk-web/juminkanja/S2430/initialize?prefCd=41&kikanCd=2415323020&kikanKbn=2", "url2": "https://ogenkitosu.wixsite.com/ogenkideclinic", "内容": "お元気でクリニック【2:診療所】【診療科目:内科_呼吸器内科_アレルギー科】佐賀県鳥栖市立石町２１５９番地１" }, "geometry": { "type": "Point", "coordinates": [ 130.466559, 33.365024 ] } },
{ "type": "Feature", "properties": { "ID": 4122415323150, "正式名称": "玄々堂内科　呼吸器内科", "機関区分": 2, "都道府県コード": 41, "市区町村コード": 203, "所在地": "佐賀県鳥栖市神辺町１５７４ー２", "緯度": 33.381234, "経度": 130.525656, "url": "https://www.iryou.teikyouseido.mhlw.go.jp/znk-web/juminkanja/S2430/initialize?prefCd=41&kikanCd=2415323150&kikanKbn=2", "url2": "https://ggd-cl.com", "内容": "玄々堂内科　呼吸器内科【2:診療所】【診療科目:内科_糖尿病・内分泌内科_呼吸器内科_消化器内科_小児科_禁煙外来】佐賀県鳥栖市神辺町１５７４ー２" }, "geometry": { "type": "Point", "coordinates": [ 130.525656, 33.381234 ] } },
{ "type": "Feature", "properties": { "ID": 4122415323440, "正式名称": "みやき統合医療クリニック", "機関区分": 2, "都道府県コード": 41, "市区町村コード": 346, "所在地": "佐賀県三養基郡みやき町大字白壁字三本松１０７４番地３（２階）", "緯度": 33.32666, "経度": 130.475297, "url": "https://www.iryou.teikyouseido.mhlw.go.jp/znk-web/juminkanja/S2430/initialize?prefCd=41&kikanCd=2415323440&kikanKbn=2", "url2": null, "内容": "みやき統合医療クリニック【2:診療所】【診療科目:内科_リハビリテーション科】佐賀県三養基郡みやき町大字白壁字三本松１０７４番地３（２階）" }, "geometry": { "type": "Point", "coordinates": [ 130.475297, 33.32666 ] } },
{ "type": "Feature", "properties": { "ID": 4122415323730, "正式名称": "みやき腎クリニック", "機関区分": 2, "都道府県コード": 41, "市区町村コード": 345, "所在地": "佐賀県三養基郡上峰町坊所１５７０ー４", "緯度": 33.320694, "経度": 130.42659, "url": "https://www.iryou.teikyouseido.mhlw.go.jp/znk-web/juminkanja/S2430/initialize?prefCd=41&kikanCd=2415323730&kikanKbn=2", "url2": null, "内容": "みやき腎クリニック【2:診療所】【診療科目:循環器内科_腎臓内科_リウマチ科】佐賀県三養基郡上峰町坊所１５７０ー４" }, "geometry": { "type": "Point", "coordinates": [ 130.42659, 33.320694 ] } },
{ "type": "Feature", "properties": { "ID": 4122415323860, "正式名称": "みくりや鼻の診療所", "機関区分": 2, "都道府県コード": 41, "市区町村コード": 346, "所在地": "佐賀県三養基郡みやき町白壁２９０２番８", "緯度": 33.333231, "経度": 130.470469, "url": "https://www.iryou.teikyouseido.mhlw.go.jp/znk-web/juminkanja/S2430/initialize?prefCd=41&kikanCd=2415323860&kikanKbn=2", "url2": "https://mikuriya-hana-shinryojo.jp/access/", "内容": "みくりや鼻の診療所【2:診療所】【診療科目:耳鼻いんこう科】佐賀県三養基郡みやき町白壁２９０２番８" }, "geometry": { "type": "Point", "coordinates": [ 130.470469, 33.333231 ] } },
{ "type": "Feature", "properties": { "ID": 4122415323990, "正式名称": "名取医院", "機関区分": 2, "都道府県コード": 41, "市区町村コード": 203, "所在地": "佐賀県鳥栖市村田町１３８番地１", "緯度": 33.351711, "経度": 130.485851, "url": "https://www.iryou.teikyouseido.mhlw.go.jp/znk-web/juminkanja/S2430/initialize?prefCd=41&kikanCd=2415323990&kikanKbn=2", "url2": "https://www.natori.clinic", "内容": "名取医院【2:診療所】【診療科目:内科_小児科】佐賀県鳥栖市村田町１３８番地１" }, "geometry": { "type": "Point", "coordinates": [ 130.485851, 33.351711 ] } },
{ "type": "Feature", "properties": { "ID": 4122415324160, "正式名称": "おかむら内科", "機関区分": 2, "都道府県コード": 41, "市区町村コード": 203, "所在地": "佐賀県鳥栖市古野町１７６－５", "緯度": 33.379172, "経度": 130.512928, "url": "https://www.iryou.teikyouseido.mhlw.go.jp/znk-web/juminkanja/S2430/initialize?prefCd=41&kikanCd=2415324160&kikanKbn=2", "url2": "https://o-cvc.com/", "内容": "おかむら内科【2:診療所】【診療科目:内科_循環器内科】佐賀県鳥栖市古野町１７６－５" }, "geometry": { "type": "Point", "coordinates": [ 130.512928, 33.379172 ] } },
{ "type": "Feature", "properties": { "ID": 4122415324290, "正式名称": "上村クリニック", "機関区分": 2, "都道府県コード": 41, "市区町村コード": 203, "所在地": "佐賀県鳥栖市古賀町３４３", "緯度": 33.0, "経度": 130.0, "url": "https://www.iryou.teikyouseido.mhlw.go.jp/znk-web/juminkanja/S2430/initialize?prefCd=41&kikanCd=2415324290&kikanKbn=2", "url2": "https://uemura-pain.com", "内容": "上村クリニック【2:診療所】【診療科目:漢方内科_ペインクリニック内科_アレルギー疾患内科_ペインクリニック外科_リハビリテーション科_麻酔科】佐賀県鳥栖市古賀町３４３" }, "geometry": { "type": "Point", "coordinates": [ 130.0, 33.0 ] } },
{ "type": "Feature", "properties": { "ID": 4122415401670, "正式名称": "医療法人上坂医院", "機関区分": 2, "都道府県コード": 41, "市区町村コード": 208, "所在地": "佐賀県小城市小城町２５１ー５", "緯度": 33.293071, "経度": 130.198104, "url": "https://www.iryou.teikyouseido.mhlw.go.jp/znk-web/juminkanja/S2430/initialize?prefCd=41&kikanCd=2415401670&kikanKbn=2", "url2": null, "内容": "医療法人上坂医院【2:診療所】【診療科目:耳鼻いんこう科】佐賀県小城市小城町２５１ー５" }, "geometry": { "type": "Point", "coordinates": [ 130.198104, 33.293071 ] } },
{ "type": "Feature", "properties": { "ID": 4122415401830, "正式名称": "伊東医院", "機関区分": 2, "都道府県コード": 41, "市区町村コード": 208, "所在地": "佐賀県小城市小城町２７８", "緯度": 33.292321, "経度": 130.199382, "url": "https://www.iryou.teikyouseido.mhlw.go.jp/znk-web/juminkanja/S2430/initialize?prefCd=41&kikanCd=2415401830&kikanKbn=2", "url2": null, "内容": "伊東医院【2:診療所】【診療科目:内科_整形外科_小児科_リハビリテーション科_禁煙外来】佐賀県小城市小城町２７８" }, "geometry": { "type": "Point", "coordinates": [ 130.199382, 33.292321 ] } },
{ "type": "Feature", "properties": { "ID": 4122415403430, "正式名称": "徳富医院", "機関区分": 2, "都道府県コード": 41, "市区町村コード": 208, "所在地": "佐賀県小城市芦刈町三王崎３１６－３", "緯度": 33.218163, "経度": 130.208578, "url": "https://www.iryou.teikyouseido.mhlw.go.jp/znk-web/juminkanja/S2430/initialize?prefCd=41&kikanCd=2415403430&kikanKbn=2", "url2": "https://rikkakai.com", "内容": "徳富医院【2:診療所】【診療科目:内科_小児科_産婦人科_麻酔科】佐賀県小城市芦刈町三王崎３１６－３" }, "geometry": { "type": "Point", "coordinates": [ 130.208578, 33.218163 ] } },
{ "type": "Feature", "properties": { "ID": 4122415405030, "正式名称": "太田医院", "機関区分": 2, "都道府県コード": 41, "市区町村コード": 204, "所在地": "佐賀県多久市北多久町小侍６３０", "緯度": 33.288986, "経度": 130.099197, "url": "https://www.iryou.teikyouseido.mhlw.go.jp/znk-web/juminkanja/S2430/initialize?prefCd=41&kikanCd=2415405030&kikanKbn=2", "url2": null, "内容": "太田医院【2:診療所】【診療科目:内科_小児科】佐賀県多久市北多久町小侍６３０" }, "geometry": { "type": "Point", "coordinates": [ 130.099197, 33.288986 ] } },
{ "type": "Feature", "properties": { "ID": 4122415405160, "正式名称": "医療法人やなぎしまこども医院", "機関区分": 2, "都道府県コード": 41, "市区町村コード": 208, "所在地": "佐賀県小城市小城町５４９ー１", "緯度": 33.296737, "経度": 130.201687, "url": "https://www.iryou.teikyouseido.mhlw.go.jp/znk-web/juminkanja/S2430/initialize?prefCd=41&kikanCd=2415405160&kikanKbn=2", "url2": null, "内容": "医療法人やなぎしまこども医院【2:診療所】【診療科目:小児科_小児神経科】佐賀県小城市小城町５４９ー１" }, "geometry": { "type": "Point", "coordinates": [ 130.201687, 33.296737 ] } },
{ "type": "Feature", "properties": { "ID": 4122415405580, "正式名称": "医療法人　りゅう整形外科", "機関区分": 2, "都道府県コード": 41, "市区町村コード": 204, "所在地": "佐賀県多久市東多久町別府大字４１５６−７", "緯度": 33.281266, "経度": 130.143749, "url": "https://www.iryou.teikyouseido.mhlw.go.jp/znk-web/juminkanja/S2430/initialize?prefCd=41&kikanCd=2415405580&kikanKbn=2", "url2": "https://ryu-orthopedics-clinic.jimdofree.com/", "内容": "医療法人　りゅう整形外科【2:診療所】【診療科目:整形外科_小児整形_リウマチ科_リハビリテーション科_ホギトクス外来】佐賀県多久市東多久町別府大字４１５６−７" }, "geometry": { "type": "Point", "coordinates": [ 130.143749, 33.281266 ] } },
{ "type": "Feature", "properties": { "ID": 4122415405610, "正式名称": "医療法人江口医院", "機関区分": 2, "都道府県コード": 41, "市区町村コード": 204, "所在地": "佐賀県多久市東多久町別府５３１８－１", "緯度": 33.283904, "経度": 130.142999, "url": "https://www.iryou.teikyouseido.mhlw.go.jp/znk-web/juminkanja/S2430/initialize?prefCd=41&kikanCd=2415405610&kikanKbn=2", "url2": null, "内容": "医療法人江口医院【2:診療所】【診療科目:内科_消化器内科_小児科】佐賀県多久市東多久町別府５３１８－１" }, "geometry": { "type": "Point", "coordinates": [ 130.142999, 33.283904 ] } },
{ "type": "Feature", "properties": { "ID": 4122415405900, "正式名称": "藤井整形外科医院", "機関区分": 2, "都道府県コード": 41, "市区町村コード": 208, "所在地": "佐賀県小城市小城町畑田２３４５ー１", "緯度": 33.292654, "経度": 130.186522, "url": "https://www.iryou.teikyouseido.mhlw.go.jp/znk-web/juminkanja/S2430/initialize?prefCd=41&kikanCd=2415405900&kikanKbn=2", "url2": null, "内容": "藤井整形外科医院【2:診療所】【診療科目:整形外科_小児整形_リウマチ科_リハビリテーション科_プラセンタ治療】佐賀県小城市小城町畑田２３４５ー１" }, "geometry": { "type": "Point", "coordinates": [ 130.186522, 33.292654 ] } },
{ "type": "Feature", "properties": { "ID": 4122415406040, "正式名称": "医療法人高橋内科", "機関区分": 2, "都道府県コード": 41, "市区町村コード": 208, "所在地": "佐賀県小城市小城町晴気２００－３", "緯度": 33.296515, "経度": 130.182189, "url": "https://www.iryou.teikyouseido.mhlw.go.jp/znk-web/juminkanja/S2430/initialize?prefCd=41&kikanCd=2415406040&kikanKbn=2", "url2": null, "内容": "医療法人高橋内科【2:診療所】【診療科目:内科_小児科_皮膚科_心療内科_リハビリテーション科】佐賀県小城市小城町晴気２００－３" }, "geometry": { "type": "Point", "coordinates": [ 130.182189, 33.296515 ] } },
{ "type": "Feature", "properties": { "ID": 4122415406200, "正式名称": "医療法人　野田好生医院", "機関区分": 2, "都道府県コード": 41, "市区町村コード": 208, "所在地": "佐賀県小城市小城町栗原５番４", "緯度": 33.29121, "経度": 130.178217, "url": "https://www.iryou.teikyouseido.mhlw.go.jp/znk-web/juminkanja/S2430/initialize?prefCd=41&kikanCd=2415406200&kikanKbn=2", "url2": "https://nodakousei.clinic.saga.jp", "内容": "医療法人　野田好生医院【2:診療所】【診療科目:内科_糖尿病内科_脳神経内科_呼吸器内科_循環器内科_胃腸内科_小児科】佐賀県小城市小城町栗原５番４" }, "geometry": { "type": "Point", "coordinates": [ 130.178217, 33.29121 ] } },
{ "type": "Feature", "properties": { "ID": 4122415501150, "正式名称": "医療法人友和会　今村医院", "機関区分": 2, "都道府県コード": 41, "市区町村コード": 202, "所在地": "佐賀県唐津市神田２２０２－２０", "緯度": 33.443577, "経度": 129.959705, "url": "https://www.iryou.teikyouseido.mhlw.go.jp/znk-web/juminkanja/S2430/initialize?prefCd=41&kikanCd=2415501150&kikanKbn=2", "url2": "http://imamura.moo.jp", "内容": "医療法人友和会　今村医院【2:診療所】【診療科目:内科_消化器内科_胃腸内科】佐賀県唐津市神田２２０２－２０" }, "geometry": { "type": "Point", "coordinates": [ 129.959705, 33.443577 ] } },
{ "type": "Feature", "properties": { "ID": 4122415501280, "正式名称": "医療法人希清会岩本内科", "機関区分": 2, "都道府県コード": 41, "市区町村コード": 202, "所在地": "佐賀県唐津市海岸通７１８２－３０６", "緯度": 33.468213, "経度": 129.957122, "url": "https://www.iryou.teikyouseido.mhlw.go.jp/znk-web/juminkanja/S2430/initialize?prefCd=41&kikanCd=2415501280&kikanKbn=2", "url2": null, "内容": "医療法人希清会岩本内科【2:診療所】【診療科目:内科_糖尿病内科_循環器内科_消化器内科_腎臓内科_人工透析】佐賀県唐津市海岸通７１８２－３０６" }, "geometry": { "type": "Point", "coordinates": [ 129.957122, 33.468213 ] } },
{ "type": "Feature", "properties": { "ID": 4122415501730, "正式名称": "川添医院", "機関区分": 2, "都道府県コード": 41, "市区町村コード": 202, "所在地": "佐賀県唐津市西城内１－８", "緯度": 33.449493, "経度": 129.967399, "url": "https://www.iryou.teikyouseido.mhlw.go.jp/znk-web/juminkanja/S2430/initialize?prefCd=41&kikanCd=2415501730&kikanKbn=2", "url2": null, "内容": "川添医院【2:診療所】【診療科目:循環器内科_胃腸内科_外科】佐賀県唐津市西城内１－８" }, "geometry": { "type": "Point", "coordinates": [ 129.967399, 33.449493 ] } },
{ "type": "Feature", "properties": { "ID": 4122415502580, "正式名称": "仁愛クリニック", "機関区分": 2, "都道府県コード": 41, "市区町村コード": 202, "所在地": "佐賀県唐津市大名小路５番３号", "緯度": 33.449979, "経度": 129.972253, "url": "https://www.iryou.teikyouseido.mhlw.go.jp/znk-web/juminkanja/S2430/initialize?prefCd=41&kikanCd=2415502580&kikanKbn=2", "url2": "http://nagomisakai.or.jp", "内容": "仁愛クリニック【2:診療所】【診療科目:内科_胃腸内科_外科_リハビリテーション科】佐賀県唐津市大名小路５番３号" }, "geometry": { "type": "Point", "coordinates": [ 129.972253, 33.449979 ] } },
{ "type": "Feature", "properties": { "ID": 4122415503460, "正式名称": "夏秋レディースクリニック", "機関区分": 2, "都道府県コード": 41, "市区町村コード": 202, "所在地": "佐賀県唐津市南城内２ー８", "緯度": 33.449993, "経度": 129.969427, "url": "https://www.iryou.teikyouseido.mhlw.go.jp/znk-web/juminkanja/S2430/initialize?prefCd=41&kikanCd=2415503460&kikanKbn=2", "url2": "http://www.natsuaki-lc.com/", "内容": "夏秋レディースクリニック【2:診療所】【診療科目:産婦人科_産科_婦人科】佐賀県唐津市南城内２ー８" }, "geometry": { "type": "Point", "coordinates": [ 129.969427, 33.449993 ] } },
{ "type": "Feature", "properties": { "ID": 4122415503620, "正式名称": "医療法人春陽会野口内科", "機関区分": 2, "都道府県コード": 41, "市区町村コード": 202, "所在地": "佐賀県唐津市大名小路２－４４", "緯度": 33.451687, "経度": 129.972371, "url": "https://www.iryou.teikyouseido.mhlw.go.jp/znk-web/juminkanja/S2430/initialize?prefCd=41&kikanCd=2415503620&kikanKbn=2", "url2": "https://noguchiclinic.jp/", "内容": "医療法人春陽会野口内科【2:診療所】【診療科目:内科_糖尿病内科】佐賀県唐津市大名小路２－４４" }, "geometry": { "type": "Point", "coordinates": [ 129.972371, 33.451687 ] } },
{ "type": "Feature", "properties": { "ID": 4122415504500, "正式名称": "医療法人　本城医院", "機関区分": 2, "都道府県コード": 41, "市区町村コード": 202, "所在地": "佐賀県唐津市刀町１５３７－４", "緯度": 33.448604, "経度": 129.967871, "url": "https://www.iryou.teikyouseido.mhlw.go.jp/znk-web/juminkanja/S2430/initialize?prefCd=41&kikanCd=2415504500&kikanKbn=2", "url2": null, "内容": "医療法人　本城医院【2:診療所】【診療科目:内科_気管食道内科_耳鼻いんこう科_歯科_歯科口腔外科_アレルギー科】佐賀県唐津市刀町１５３７－４" }, "geometry": { "type": "Point", "coordinates": [ 129.967871, 33.448604 ] } },
{ "type": "Feature", "properties": { "ID": 4122415504630, "正式名称": "宮崎耳鼻咽喉科医院", "機関区分": 2, "都道府県コード": 41, "市区町村コード": 202, "所在地": "佐賀県唐津市千代田町２５６６ー６", "緯度": 33.44841, "経度": 129.975037, "url": "https://www.iryou.teikyouseido.mhlw.go.jp/znk-web/juminkanja/S2430/initialize?prefCd=41&kikanCd=2415504630&kikanKbn=2", "url2": null, "内容": "宮崎耳鼻咽喉科医院【2:診療所】【診療科目:小児耳鼻いんこう科_耳鼻いんこう科_頭頸部・耳鼻いんこう科_アレルギー科】佐賀県唐津市千代田町２５６６ー６" }, "geometry": { "type": "Point", "coordinates": [ 129.975037, 33.44841 ] } },
{ "type": "Feature", "properties": { "ID": 4122415505220, "正式名称": "医療法人　清心会　服巻医院", "機関区分": 2, "都道府県コード": 41, "市区町村コード": 202, "所在地": "佐賀県唐津市船宮町２５８８－３", "緯度": 33.445216, "経度": 129.980342, "url": "https://www.iryou.teikyouseido.mhlw.go.jp/znk-web/juminkanja/S2430/initialize?prefCd=41&kikanCd=2415505220&kikanKbn=2", "url2": "http://www.haramaki-iin.jp", "内容": "医療法人　清心会　服巻医院【2:診療所】【診療科目:内科_呼吸器内科_循環器内科_消化器内科_胃腸内科_整形外科_リウマチ科_リハビリテーション科】佐賀県唐津市船宮町２５８８－３" }, "geometry": { "type": "Point", "coordinates": [ 129.980342, 33.445216 ] } },
{ "type": "Feature", "properties": { "ID": 4122415505480, "正式名称": "医療法人虹心会　たなべクリニック産科婦人科", "機関区分": 2, "都道府県コード": 41, "市区町村コード": 202, "所在地": "佐賀県唐津市坊主町５５０番地１", "緯度": 33.451243, "経度": 129.964816, "url": "https://www.iryou.teikyouseido.mhlw.go.jp/znk-web/juminkanja/S2430/initialize?prefCd=41&kikanCd=2415505480&kikanKbn=2", "url2": "http://www.tanabeclinic.com/", "内容": "医療法人虹心会　たなべクリニック産科婦人科【2:診療所】【診療科目:産婦人科】佐賀県唐津市坊主町５５０番地１" }, "geometry": { "type": "Point", "coordinates": [ 129.964816, 33.451243 ] } },
{ "type": "Feature", "properties": { "ID": 4122415505930, "正式名称": "黒崎医院", "機関区分": 2, "都道府県コード": 41, "市区町村コード": 202, "所在地": "佐賀県唐津市浦５０６３ー１", "緯度": 33.48535, "経度": 129.940817, "url": "https://www.iryou.teikyouseido.mhlw.go.jp/znk-web/juminkanja/S2430/initialize?prefCd=41&kikanCd=2415505930&kikanKbn=2", "url2": null, "内容": "黒崎医院【2:診療所】【診療科目:内科_胃腸内科_放射線科】佐賀県唐津市浦５０６３ー１" }, "geometry": { "type": "Point", "coordinates": [ 129.940817, 33.48535 ] } },
{ "type": "Feature", "properties": { "ID": 4122415506230, "正式名称": "医療法人　関医院", "機関区分": 2, "都道府県コード": 41, "市区町村コード": 202, "所在地": "佐賀県唐津市船宮町２３０２－３３", "緯度": 33.444772, "経度": 129.979704, "url": "https://www.iryou.teikyouseido.mhlw.go.jp/znk-web/juminkanja/S2430/initialize?prefCd=41&kikanCd=2415506230&kikanKbn=2", "url2": null, "内容": "医療法人　関医院【2:診療所】【診療科目:内科_感染症内科_糖尿病内科_消化器内科_アレルギー疾患内科_皮膚科_泌尿器科_アレルギー科_プラセンタ治療、健康診断、禁煙外来、健診、人間ドック、美容ダイエット】佐賀県唐津市船宮町２３０２－３３" }, "geometry": { "type": "Point", "coordinates": [ 129.979704, 33.444772 ] } },
{ "type": "Feature", "properties": { "ID": 4122415506490, "正式名称": "長生堂渡辺医院", "機関区分": 2, "都道府県コード": 41, "市区町村コード": 202, "所在地": "佐賀県唐津市海岸通７１８２－５８", "緯度": 33.469018, "経度": 129.953566, "url": "https://www.iryou.teikyouseido.mhlw.go.jp/znk-web/juminkanja/S2430/initialize?prefCd=41&kikanCd=2415506490&kikanKbn=2", "url2": "http://www.myclinic.ne.jp/choseido/pc/index.html", "内容": "長生堂渡辺医院【2:診療所】【診療科目:内科_呼吸器内科_小児科_リハビリテーション科】佐賀県唐津市海岸通７１８２－５８" }, "geometry": { "type": "Point", "coordinates": [ 129.953566, 33.469018 ] } },
{ "type": "Feature", "properties": { "ID": 4122415506780, "正式名称": "ふじい胃腸内科小児科", "機関区分": 2, "都道府県コード": 41, "市区町村コード": 202, "所在地": "佐賀県唐津市大石町２４１４", "緯度": 33.445605, "経度": 129.976787, "url": "https://www.iryou.teikyouseido.mhlw.go.jp/znk-web/juminkanja/S2430/initialize?prefCd=41&kikanCd=2415506780&kikanKbn=2", "url2": null, "内容": "ふじい胃腸内科小児科【2:診療所】【診療科目:内科_消化器内科_胃腸内科_内視鏡内科_小児科】佐賀県唐津市大石町２４１４" }, "geometry": { "type": "Point", "coordinates": [ 129.976787, 33.445605 ] } },
{ "type": "Feature", "properties": { "ID": 4122415507400, "正式名称": "唐津市神集島診療所", "機関区分": 2, "都道府県コード": 41, "市区町村コード": 202, "所在地": "佐賀県唐津市神集島２７８２－３", "緯度": 33.540705, "経度": 129.969869, "url": "https://www.iryou.teikyouseido.mhlw.go.jp/znk-web/juminkanja/S2430/initialize?prefCd=41&kikanCd=2415507400&kikanKbn=2", "url2": null, "内容": "唐津市神集島診療所【2:診療所】【診療科目:内科_外科_小児科】佐賀県唐津市神集島２７８２－３" }, "geometry": { "type": "Point", "coordinates": [ 129.969869, 33.540705 ] } },
{ "type": "Feature", "properties": { "ID": 4122415508250, "正式名称": "医療法人桑原医院", "機関区分": 2, "都道府県コード": 41, "市区町村コード": 202, "所在地": "佐賀県唐津市浜玉町浜崎", "緯度": 33.447634, "経度": 130.036809, "url": "https://www.iryou.teikyouseido.mhlw.go.jp/znk-web/juminkanja/S2430/initialize?prefCd=41&kikanCd=2415508250&kikanKbn=2", "url2": null, "内容": "医療法人桑原医院【2:診療所】【診療科目:内科_小児科】佐賀県唐津市浜玉町浜崎" }, "geometry": { "type": "Point", "coordinates": [ 130.036809, 33.447634 ] } },
{ "type": "Feature", "properties": { "ID": 4122415508700, "正式名称": "黒木医院", "機関区分": 2, "都道府県コード": 41, "市区町村コード": 202, "所在地": "佐賀県唐津市厳木町牧瀬３９－４", "緯度": 33.314733, "経度": 130.069032, "url": "https://www.iryou.teikyouseido.mhlw.go.jp/znk-web/juminkanja/S2430/initialize?prefCd=41&kikanCd=2415508700&kikanKbn=2", "url2": null, "内容": "黒木医院【2:診療所】【診療科目:内科】佐賀県唐津市厳木町牧瀬３９－４" }, "geometry": { "type": "Point", "coordinates": [ 130.069032, 33.314733 ] } },
{ "type": "Feature", "properties": { "ID": 4122415509390, "正式名称": "もりなが医院", "機関区分": 2, "都道府県コード": 41, "市区町村コード": 202, "所在地": "佐賀県唐津市相知町相知３０６０－１", "緯度": 33.353144, "経度": 130.004926, "url": "https://www.iryou.teikyouseido.mhlw.go.jp/znk-web/juminkanja/S2430/initialize?prefCd=41&kikanCd=2415509390&kikanKbn=2", "url2": null, "内容": "もりなが医院【2:診療所】【診療科目:内科_外科】佐賀県唐津市相知町相知３０６０－１" }, "geometry": { "type": "Point", "coordinates": [ 130.004926, 33.353144 ] } },
{ "type": "Feature", "properties": { "ID": 4122415509970, "正式名称": "堀田医院", "機関区分": 2, "都道府県コード": 41, "市区町村コード": 387, "所在地": "佐賀県東松浦郡玄海町今村６１１６", "緯度": 33.504679, "経度": 129.850103, "url": "https://www.iryou.teikyouseido.mhlw.go.jp/znk-web/juminkanja/S2430/initialize?prefCd=41&kikanCd=2415509970&kikanKbn=2", "url2": null, "内容": "堀田医院【2:診療所】【診療科目:内科_呼吸器内科_循環器内科_アレルギー科】佐賀県東松浦郡玄海町今村６１１６" }, "geometry": { "type": "Point", "coordinates": [ 129.850103, 33.504679 ] } },
{ "type": "Feature", "properties": { "ID": 4122415510530, "正式名称": "唐津市加唐島診療所", "機関区分": 2, "都道府県コード": 41, "市区町村コード": 202, "所在地": "佐賀県唐津市鎮西町加唐島４０７", "緯度": 33.589059, "経度": 129.862044, "url": "https://www.iryou.teikyouseido.mhlw.go.jp/znk-web/juminkanja/S2430/initialize?prefCd=41&kikanCd=2415510530&kikanKbn=2", "url2": null, "内容": "唐津市加唐島診療所【2:診療所】【診療科目:内科_外科_小児科】佐賀県唐津市鎮西町加唐島４０７" }, "geometry": { "type": "Point", "coordinates": [ 129.862044, 33.589059 ] } },
{ "type": "Feature", "properties": { "ID": 4122415510790, "正式名称": "唐津市馬渡島診療所", "機関区分": 2, "都道府県コード": 41, "市区町村コード": 202, "所在地": "佐賀県唐津市鎮西町馬渡島２４番地", "緯度": 33.567476, "経度": 129.764359, "url": "https://www.iryou.teikyouseido.mhlw.go.jp/znk-web/juminkanja/S2430/initialize?prefCd=41&kikanCd=2415510790&kikanKbn=2", "url2": null, "内容": "唐津市馬渡島診療所【2:診療所】【診療科目:内科_外科_小児科】佐賀県唐津市鎮西町馬渡島２４番地" }, "geometry": { "type": "Point", "coordinates": [ 129.764359, 33.567476 ] } },
{ "type": "Feature", "properties": { "ID": 4122415510820, "正式名称": "唐津市小川島診療所", "機関区分": 2, "都道府県コード": 41, "市区町村コード": 202, "所在地": "佐賀県唐津市呼子町小川島１６１－１", "緯度": 33.596308, "経度": 129.899818, "url": "https://www.iryou.teikyouseido.mhlw.go.jp/znk-web/juminkanja/S2430/initialize?prefCd=41&kikanCd=2415510820&kikanKbn=2", "url2": null, "内容": "唐津市小川島診療所【2:診療所】【診療科目:内科_外科_小児科】佐賀県唐津市呼子町小川島１６１－１" }, "geometry": { "type": "Point", "coordinates": [ 129.899818, 33.596308 ] } },
{ "type": "Feature", "properties": { "ID": 4122415511410, "正式名称": "夏秋皮フ科クリニック", "機関区分": 2, "都道府県コード": 41, "市区町村コード": 202, "所在地": "佐賀県唐津市和多田用尺１２－３８", "緯度": 33.437634, "経度": 129.982037, "url": "https://www.iryou.teikyouseido.mhlw.go.jp/znk-web/juminkanja/S2430/initialize?prefCd=41&kikanCd=2415511410&kikanKbn=2", "url2": null, "内容": "夏秋皮フ科クリニック【2:診療所】【診療科目:皮膚科】佐賀県唐津市和多田用尺１２－３８" }, "geometry": { "type": "Point", "coordinates": [ 129.982037, 33.437634 ] } },
{ "type": "Feature", "properties": { "ID": 4122415512130, "正式名称": "草場医院", "機関区分": 2, "都道府県コード": 41, "市区町村コード": 202, "所在地": "佐賀県唐津市肥前町田野甲２９２９ー１", "緯度": 33.424244, "経度": 129.831662, "url": "https://www.iryou.teikyouseido.mhlw.go.jp/znk-web/juminkanja/S2430/initialize?prefCd=41&kikanCd=2415512130&kikanKbn=2", "url2": null, "内容": "草場医院【2:診療所】【診療科目:内科_循環器内科_胃腸内科】佐賀県唐津市肥前町田野甲２９２９ー１" }, "geometry": { "type": "Point", "coordinates": [ 129.831662, 33.424244 ] } },
{ "type": "Feature", "properties": { "ID": 4122415512390, "正式名称": "医療法人田渕医院", "機関区分": 2, "都道府県コード": 41, "市区町村コード": 387, "所在地": "佐賀県東松浦郡玄海町大字諸浦６ー１", "緯度": 33.4736, "経度": 129.87649, "url": "https://www.iryou.teikyouseido.mhlw.go.jp/znk-web/juminkanja/S2430/initialize?prefCd=41&kikanCd=2415512390&kikanKbn=2", "url2": null, "内容": "医療法人田渕医院【2:診療所】【診療科目:内科_循環器内科_胃腸内科_外科_整形外科】佐賀県東松浦郡玄海町大字諸浦６ー１" }, "geometry": { "type": "Point", "coordinates": [ 129.87649, 33.4736 ] } },
{ "type": "Feature", "properties": { "ID": 4122415512550, "正式名称": "医療法人心和会藤原外科医院", "機関区分": 2, "都道府県コード": 41, "市区町村コード": 202, "所在地": "佐賀県唐津市朝日町９８８番地１", "緯度": 33.453576, "経度": 129.961788, "url": "https://www.iryou.teikyouseido.mhlw.go.jp/znk-web/juminkanja/S2430/initialize?prefCd=41&kikanCd=2415512550&kikanKbn=2", "url2": null, "内容": "医療法人心和会藤原外科医院【2:診療所】【診療科目:内科_胃腸内科_外科_整形外科】佐賀県唐津市朝日町９８８番地１" }, "geometry": { "type": "Point", "coordinates": [ 129.961788, 33.453576 ] } },
{ "type": "Feature", "properties": { "ID": 4122415512680, "正式名称": "医療法人ひまわり　　坂本小児科医院", "機関区分": 2, "都道府県コード": 41, "市区町村コード": 202, "所在地": "佐賀県唐津市西城内６番４２号", "緯度": 33.450549, "経度": 129.968843, "url": "https://www.iryou.teikyouseido.mhlw.go.jp/znk-web/juminkanja/S2430/initialize?prefCd=41&kikanCd=2415512680&kikanKbn=2", "url2": null, "内容": "医療法人ひまわり　　坂本小児科医院【2:診療所】【診療科目:小児科_アレルギー科】佐賀県唐津市西城内６番４２号" }, "geometry": { "type": "Point", "coordinates": [ 129.968843, 33.450549 ] } },
{ "type": "Feature", "properties": { "ID": 4122415512840, "正式名称": "医療法人あおぞら胃腸科", "機関区分": 2, "都道府県コード": 41, "市区町村コード": 202, "所在地": "佐賀県唐津市浜玉町浜崎西８０３番地", "緯度": 33.447967, "経度": 130.040892, "url": "https://www.iryou.teikyouseido.mhlw.go.jp/znk-web/juminkanja/S2430/initialize?prefCd=41&kikanCd=2415512840&kikanKbn=2", "url2": null, "内容": "医療法人あおぞら胃腸科【2:診療所】【診療科目:内科_児童精神科】佐賀県唐津市浜玉町浜崎西８０３番地" }, "geometry": { "type": "Point", "coordinates": [ 130.040892, 33.447967 ] } },
{ "type": "Feature", "properties": { "ID": 4122415513140, "正式名称": "医療法人社団藤松内科医院", "機関区分": 2, "都道府県コード": 41, "市区町村コード": 202, "所在地": "佐賀県唐津市西城内６－４", "緯度": 33.450382, "経度": 129.968704, "url": "https://www.iryou.teikyouseido.mhlw.go.jp/znk-web/juminkanja/S2430/initialize?prefCd=41&kikanCd=2415513140&kikanKbn=2", "url2": "https://fujimatsu-clinic.jp/", "内容": "医療法人社団藤松内科医院【2:診療所】【診療科目:内科_糖尿病内科_循環器内科】佐賀県唐津市西城内６－４" }, "geometry": { "type": "Point", "coordinates": [ 129.968704, 33.450382 ] } },
{ "type": "Feature", "properties": { "ID": 4122415513270, "正式名称": "唐津市高島診療所", "機関区分": 2, "都道府県コード": 41, "市区町村コード": 202, "所在地": "佐賀県唐津市高島６７５番地５", "緯度": 33.473241, "経度": 129.987758, "url": "https://www.iryou.teikyouseido.mhlw.go.jp/znk-web/juminkanja/S2430/initialize?prefCd=41&kikanCd=2415513270&kikanKbn=2", "url2": null, "内容": "唐津市高島診療所【2:診療所】【診療科目:内科_外科_小児科】佐賀県唐津市高島６７５番地５" }, "geometry": { "type": "Point", "coordinates": [ 129.987758, 33.473241 ] } },
{ "type": "Feature", "properties": { "ID": 4122415513560, "正式名称": "医療法人久間内科", "機関区分": 2, "都道府県コード": 41, "市区町村コード": 202, "所在地": "佐賀県唐津市和多田天満町一丁目１番３号", "緯度": 33.432745, "経度": 129.988064, "url": "https://www.iryou.teikyouseido.mhlw.go.jp/znk-web/juminkanja/S2430/initialize?prefCd=41&kikanCd=2415513560&kikanKbn=2", "url2": null, "内容": "医療法人久間内科【2:診療所】【診療科目:内科_呼吸器内科_循環器内科_消化器内科】佐賀県唐津市和多田天満町一丁目１番３号" }, "geometry": { "type": "Point", "coordinates": [ 129.988064, 33.432745 ] } },
{ "type": "Feature", "properties": { "ID": 4122415513980, "正式名称": "医療法人成瀬胃腸科内科クリニック", "機関区分": 2, "都道府県コード": 41, "市区町村コード": 202, "所在地": "佐賀県唐津市鏡３５００番地１", "緯度": 33.431413, "経度": 130.002591, "url": "https://www.iryou.teikyouseido.mhlw.go.jp/znk-web/juminkanja/S2430/initialize?prefCd=41&kikanCd=2415513980&kikanKbn=2", "url2": "https://www.naruse-clinic.net/", "内容": "医療法人成瀬胃腸科内科クリニック【2:診療所】【診療科目:内科_糖尿病内科_呼吸器内科_循環器内科_胃腸内科_小児科_放射線科】佐賀県唐津市鏡３５００番地１" }, "geometry": { "type": "Point", "coordinates": [ 130.002591, 33.431413 ] } },
{ "type": "Feature", "properties": { "ID": 4122415514310, "正式名称": "冬野医院", "機関区分": 2, "都道府県コード": 41, "市区町村コード": 202, "所在地": "佐賀県唐津市西城内", "緯度": 33.450826, "経度": 129.967177, "url": "https://www.iryou.teikyouseido.mhlw.go.jp/znk-web/juminkanja/S2430/initialize?prefCd=41&kikanCd=2415514310&kikanKbn=2", "url2": null, "内容": "冬野医院【2:診療所】【診療科目:内科_呼吸器内科】佐賀県唐津市西城内" }, "geometry": { "type": "Point", "coordinates": [ 129.967177, 33.450826 ] } },
{ "type": "Feature", "properties": { "ID": 4122415514440, "正式名称": "医療法人小出眼科", "機関区分": 2, "都道府県コード": 41, "市区町村コード": 202, "所在地": "佐賀県唐津市刀町１５２２－１", "緯度": 33.448549, "経度": 129.968593, "url": "https://www.iryou.teikyouseido.mhlw.go.jp/znk-web/juminkanja/S2430/initialize?prefCd=41&kikanCd=2415514440&kikanKbn=2", "url2": null, "内容": "医療法人小出眼科【2:診療所】【診療科目:眼科】佐賀県唐津市刀町１５２２－１" }, "geometry": { "type": "Point", "coordinates": [ 129.968593, 33.448549 ] } },
{ "type": "Feature", "properties": { "ID": 4122415514600, "正式名称": "医療法人きりの内科小児科クリニック", "機関区分": 2, "都道府県コード": 41, "市区町村コード": 202, "所在地": "佐賀県唐津市山本１５６１−１", "緯度": 33.394972, "経度": 129.977316, "url": "https://www.iryou.teikyouseido.mhlw.go.jp/znk-web/juminkanja/S2430/initialize?prefCd=41&kikanCd=2415514600&kikanKbn=2", "url2": "http://kirinoclinic.byoinnavi.jp/pc/", "内容": "医療法人きりの内科小児科クリニック【2:診療所】【診療科目:内科_小児科】佐賀県唐津市山本１５６１−１" }, "geometry": { "type": "Point", "coordinates": [ 129.977316, 33.394972 ] } },
{ "type": "Feature", "properties": { "ID": 4122415514730, "正式名称": "医療法人　誠仁会　なばたけ冬野クリニック", "機関区分": 2, "都道府県コード": 41, "市区町村コード": 202, "所在地": "佐賀県唐津市菜畑３６６０ー１", "緯度": 33.450271, "経度": 129.958483, "url": "https://www.iryou.teikyouseido.mhlw.go.jp/znk-web/juminkanja/S2430/initialize?prefCd=41&kikanCd=2415514730&kikanKbn=2", "url2": "https://www.nabatakefuyuno.com", "内容": "医療法人　誠仁会　なばたけ冬野クリニック【2:診療所】【診療科目:内科_呼吸器内科_循環器内科_腎臓内科_人工透析内科】佐賀県唐津市菜畑３６６０ー１" }, "geometry": { "type": "Point", "coordinates": [ 129.958483, 33.450271 ] } },
{ "type": "Feature", "properties": { "ID": 4122415515290, "正式名称": "渡辺内科", "機関区分": 2, "都道府県コード": 41, "市区町村コード": 202, "所在地": "佐賀県唐津市肥前町入野９１５－７", "緯度": 33.441769, "経度": 129.814274, "url": "https://www.iryou.teikyouseido.mhlw.go.jp/znk-web/juminkanja/S2430/initialize?prefCd=41&kikanCd=2415515290&kikanKbn=2", "url2": null, "内容": "渡辺内科【2:診療所】【診療科目:内科_呼吸器内科_循環器内科_消化器内科_リハビリテーション科】佐賀県唐津市肥前町入野９１５－７" }, "geometry": { "type": "Point", "coordinates": [ 129.814274, 33.441769 ] } },
{ "type": "Feature", "properties": { "ID": 4122415515450, "正式名称": "医療法人北島内科", "機関区分": 2, "都道府県コード": 41, "市区町村コード": 202, "所在地": "佐賀県唐津市和多田用尺１２ー３１", "緯度": 33.437228, "経度": 129.981719, "url": "https://www.iryou.teikyouseido.mhlw.go.jp/znk-web/juminkanja/S2430/initialize?prefCd=41&kikanCd=2415515450&kikanKbn=2", "url2": null, "内容": "医療法人北島内科【2:診療所】【診療科目:内科_呼吸器内科_循環器内科_消化器内科】佐賀県唐津市和多田用尺１２ー３１" }, "geometry": { "type": "Point", "coordinates": [ 129.981719, 33.437228 ] } },
{ "type": "Feature", "properties": { "ID": 4122415515870, "正式名称": "唐津休日急患センター", "機関区分": 2, "都道府県コード": 41, "市区町村コード": 202, "所在地": "佐賀県唐津市千代田町２５６６ー１１", "緯度": 33.448521, "経度": 129.974565, "url": "https://www.iryou.teikyouseido.mhlw.go.jp/znk-web/juminkanja/S2430/initialize?prefCd=41&kikanCd=2415515870&kikanKbn=2", "url2": null, "内容": "唐津休日急患センター【2:診療所】【診療科目:内科_外科】佐賀県唐津市千代田町２５６６ー１１" }, "geometry": { "type": "Point", "coordinates": [ 129.974565, 33.448521 ] } },
{ "type": "Feature", "properties": { "ID": 4122415516170, "正式名称": "山下町クリニック", "機関区分": 2, "都道府県コード": 41, "市区町村コード": 202, "所在地": "佐賀県唐津市山下町１１４１－２", "緯度": 33.451227, "経度": 129.963015, "url": "https://www.iryou.teikyouseido.mhlw.go.jp/znk-web/juminkanja/S2430/initialize?prefCd=41&kikanCd=2415516170&kikanKbn=2", "url2": null, "内容": "山下町クリニック【2:診療所】【診療科目:内科】佐賀県唐津市山下町１１４１－２" }, "geometry": { "type": "Point", "coordinates": [ 129.963015, 33.451227 ] } },
{ "type": "Feature", "properties": { "ID": 4122415516200, "正式名称": "医療法人　山田整形外科クリニック", "機関区分": 2, "都道府県コード": 41, "市区町村コード": 202, "所在地": "佐賀県唐津市呼子町呼子３７５３", "緯度": 33.539259, "経度": 129.895042, "url": "https://www.iryou.teikyouseido.mhlw.go.jp/znk-web/juminkanja/S2430/initialize?prefCd=41&kikanCd=2415516200&kikanKbn=2", "url2": null, "内容": "医療法人　山田整形外科クリニック【2:診療所】【診療科目:外科_整形外科_リウマチ科_リハビリテーション科】佐賀県唐津市呼子町呼子３７５３" }, "geometry": { "type": "Point", "coordinates": [ 129.895042, 33.539259 ] } },
{ "type": "Feature", "properties": { "ID": 4122415516330, "正式名称": "医療法人　肥前内科クリニック", "機関区分": 2, "都道府県コード": 41, "市区町村コード": 202, "所在地": "佐賀県唐津市肥前町入野１８７６ー７", "緯度": 33.445546, "経度": 129.814968, "url": "https://www.iryou.teikyouseido.mhlw.go.jp/znk-web/juminkanja/S2430/initialize?prefCd=41&kikanCd=2415516330&kikanKbn=2", "url2": null, "内容": "医療法人　肥前内科クリニック【2:診療所】【診療科目:内科】佐賀県唐津市肥前町入野１８７６ー７" }, "geometry": { "type": "Point", "coordinates": [ 129.814968, 33.445546 ] } },
{ "type": "Feature", "properties": { "ID": 4122415516460, "正式名称": "医療法人　平川俊彦脳神経外科", "機関区分": 2, "都道府県コード": 41, "市区町村コード": 202, "所在地": "佐賀県唐津市鏡４６４３番地１", "緯度": 33.436051, "経度": 130.015839, "url": "https://www.iryou.teikyouseido.mhlw.go.jp/znk-web/juminkanja/S2430/initialize?prefCd=41&kikanCd=2415516460&kikanKbn=2", "url2": "http://hirakawatoshihiko.jp", "内容": "医療法人　平川俊彦脳神経外科【2:診療所】【診療科目:脳神経外科】佐賀県唐津市鏡４６４３番地１" }, "geometry": { "type": "Point", "coordinates": [ 130.015839, 33.436051 ] } },
{ "type": "Feature", "properties": { "ID": 4122415516620, "正式名称": "わきやま眼科", "機関区分": 2, "都道府県コード": 41, "市区町村コード": 202, "所在地": "佐賀県唐津市和多田先石３８６４ー１", "緯度": 33.435967, "経度": 129.983092, "url": "https://www.iryou.teikyouseido.mhlw.go.jp/znk-web/juminkanja/S2430/initialize?prefCd=41&kikanCd=2415516620&kikanKbn=2", "url2": null, "内容": "わきやま眼科【2:診療所】【診療科目:眼科】佐賀県唐津市和多田先石３８６４ー１" }, "geometry": { "type": "Point", "coordinates": [ 129.983092, 33.435967 ] } },
{ "type": "Feature", "properties": { "ID": 4122415516910, "正式名称": "井本整形外科　内科クリニック", "機関区分": 2, "都道府県コード": 41, "市区町村コード": 202, "所在地": "佐賀県唐津市東城内１７ー２６", "緯度": 33.45141, "経度": 129.974565, "url": "https://www.iryou.teikyouseido.mhlw.go.jp/znk-web/juminkanja/S2430/initialize?prefCd=41&kikanCd=2415516910&kikanKbn=2", "url2": "http://nttbj.itp.ne.jp/0955748700/index.html", "内容": "井本整形外科　内科クリニック【2:診療所】【診療科目:内科_糖尿病内科_整形外科_リハビリテーション科】佐賀県唐津市東城内１７ー２６" }, "geometry": { "type": "Point", "coordinates": [ 129.974565, 33.45141 ] } },
{ "type": "Feature", "properties": { "ID": 4122415517050, "正式名称": "日高内科循環器科医院", "機関区分": 2, "都道府県コード": 41, "市区町村コード": 202, "所在地": "佐賀県唐津市鏡２６５２ー１", "緯度": 33.423719, "経度": 130.001174, "url": "https://www.iryou.teikyouseido.mhlw.go.jp/znk-web/juminkanja/S2430/initialize?prefCd=41&kikanCd=2415517050&kikanKbn=2", "url2": null, "内容": "日高内科循環器科医院【2:診療所】【診療科目:内科_循環器内科】佐賀県唐津市鏡２６５２ー１" }, "geometry": { "type": "Point", "coordinates": [ 130.001174, 33.423719 ] } },
{ "type": "Feature", "properties": { "ID": 4122415517180, "正式名称": "医療法人いのうえ内科クリニック", "機関区分": 2, "都道府県コード": 41, "市区町村コード": 202, "所在地": "佐賀県唐津市町田", "緯度": 33.443161, "経度": 129.966427, "url": "https://www.iryou.teikyouseido.mhlw.go.jp/znk-web/juminkanja/S2430/initialize?prefCd=41&kikanCd=2415517180&kikanKbn=2", "url2": null, "内容": "医療法人いのうえ内科クリニック【2:診療所】【診療科目:内科_消化器内科】佐賀県唐津市町田" }, "geometry": { "type": "Point", "coordinates": [ 129.966427, 33.443161 ] } },
{ "type": "Feature", "properties": { "ID": 4122415517500, "正式名称": "医療法人賛健会保利クリニック", "機関区分": 2, "都道府県コード": 41, "市区町村コード": 202, "所在地": "佐賀県唐津市南城内３ー３４", "緯度": 33.450299, "経度": 129.970093, "url": "https://www.iryou.teikyouseido.mhlw.go.jp/znk-web/juminkanja/S2430/initialize?prefCd=41&kikanCd=2415517500&kikanKbn=2", "url2": null, "内容": "医療法人賛健会保利クリニック【2:診療所】【診療科目:外科_整形外科_リハビリテーション科】佐賀県唐津市南城内３ー３４" }, "geometry": { "type": "Point", "coordinates": [ 129.970093, 33.450299 ] } },
{ "type": "Feature", "properties": { "ID": 4122415517890, "正式名称": "医療法人整和会副島整形外科クリニック", "機関区分": 2, "都道府県コード": 41, "市区町村コード": 202, "所在地": "佐賀県唐津市和多田天満町１－２－１", "緯度": 33.432801, "経度": 129.987036, "url": "https://www.iryou.teikyouseido.mhlw.go.jp/znk-web/juminkanja/S2430/initialize?prefCd=41&kikanCd=2415517890&kikanKbn=2", "url2": "http://seiwakai-karatsu.or.jp/", "内容": "医療法人整和会副島整形外科クリニック【2:診療所】【診療科目:整形外科_リハビリテーション科】佐賀県唐津市和多田天満町１－２－１" }, "geometry": { "type": "Point", "coordinates": [ 129.987036, 33.432801 ] } },
{ "type": "Feature", "properties": { "ID": 4122415517920, "正式名称": "医療法人元生會　脇山内科", "機関区分": 2, "都道府県コード": 41, "市区町村コード": 202, "所在地": "佐賀県唐津市町田１ー２３９８ー２", "緯度": 33.442716, "経度": 129.967705, "url": "https://www.iryou.teikyouseido.mhlw.go.jp/znk-web/juminkanja/S2430/initialize?prefCd=41&kikanCd=2415517920&kikanKbn=2", "url2": "http://genseikai.com", "内容": "医療法人元生會　脇山内科【2:診療所】【診療科目:内科_呼吸器内科_循環器内科_神経内科_小児科】佐賀県唐津市町田１ー２３９８ー２" }, "geometry": { "type": "Point", "coordinates": [ 129.967705, 33.442716 ] } },
{ "type": "Feature", "properties": { "ID": 4122415518190, "正式名称": "医療法人社団　三浦医院", "機関区分": 2, "都道府県コード": 41, "市区町村コード": 202, "所在地": "佐賀県唐津市呼子町殿ノ浦１２３", "緯度": 33.531288, "経度": 129.89232, "url": "https://www.iryou.teikyouseido.mhlw.go.jp/znk-web/juminkanja/S2430/initialize?prefCd=41&kikanCd=2415518190&kikanKbn=2", "url2": null, "内容": "医療法人社団　三浦医院【2:診療所】【診療科目:内科】佐賀県唐津市呼子町殿ノ浦１２３" }, "geometry": { "type": "Point", "coordinates": [ 129.89232, 33.531288 ] } },
{ "type": "Feature", "properties": { "ID": 4122415518350, "正式名称": "医療法人　なかおだクリニック", "機関区分": 2, "都道府県コード": 41, "市区町村コード": 202, "所在地": "佐賀県唐津市和多田本村２ー１７ー８", "緯度": 33.435912, "経度": 129.978371, "url": "https://www.iryou.teikyouseido.mhlw.go.jp/znk-web/juminkanja/S2430/initialize?prefCd=41&kikanCd=2415518350&kikanKbn=2", "url2": null, "内容": "医療法人　なかおだクリニック【2:診療所】【診療科目:内科_消化器内科_胃腸内科_放射線科】佐賀県唐津市和多田本村２ー１７ー８" }, "geometry": { "type": "Point", "coordinates": [ 129.978371, 33.435912 ] } },
{ "type": "Feature", "properties": { "ID": 4122415518480, "正式名称": "いざわ耳鼻咽喉科クリニック", "機関区分": 2, "都道府県コード": 41, "市区町村コード": 202, "所在地": "佐賀県唐津市町田１７８４－１", "緯度": 33.437883, "経度": 129.970093, "url": "https://www.iryou.teikyouseido.mhlw.go.jp/znk-web/juminkanja/S2430/initialize?prefCd=41&kikanCd=2415518480&kikanKbn=2", "url2": null, "内容": "いざわ耳鼻咽喉科クリニック【2:診療所】【診療科目:頭頸部・耳鼻いんこう科】佐賀県唐津市町田１７８４－１" }, "geometry": { "type": "Point", "coordinates": [ 129.970093, 33.437883 ] } },
{ "type": "Feature", "properties": { "ID": 4122415518510, "正式名称": "医療法人吉田内科クリニック", "機関区分": 2, "都道府県コード": 41, "市区町村コード": 202, "所在地": "佐賀県唐津市紺屋町１６７５－２", "緯度": 33.446716, "経度": 129.968371, "url": "https://www.iryou.teikyouseido.mhlw.go.jp/znk-web/juminkanja/S2430/initialize?prefCd=41&kikanCd=2415518510&kikanKbn=2", "url2": "https://yoshidaclinic-rh.com", "内容": "医療法人吉田内科クリニック【2:診療所】【診療科目:内科_呼吸器内科_循環器内科_美容皮膚科_リウマチ科】佐賀県唐津市紺屋町１６７５－２" }, "geometry": { "type": "Point", "coordinates": [ 129.968371, 33.446716 ] } },
{ "type": "Feature", "properties": { "ID": 4122415518640, "正式名称": "唐津市松島診療所", "機関区分": 2, "都道府県コード": 41, "市区町村コード": 202, "所在地": "佐賀県唐津市鎮西町松島３４８７ー１", "緯度": 33.587308, "経度": 129.84099, "url": "https://www.iryou.teikyouseido.mhlw.go.jp/znk-web/juminkanja/S2430/initialize?prefCd=41&kikanCd=2415518640&kikanKbn=2", "url2": null, "内容": "唐津市松島診療所【2:診療所】【診療科目:内科_外科_小児科】佐賀県唐津市鎮西町松島３４８７ー１" }, "geometry": { "type": "Point", "coordinates": [ 129.84099, 33.587308 ] } },
{ "type": "Feature", "properties": { "ID": 4122415518800, "正式名称": "藤松眼科", "機関区分": 2, "都道府県コード": 41, "市区町村コード": 202, "所在地": "佐賀県唐津市平野町１４４５", "緯度": 33.44716, "経度": 129.966871, "url": "https://www.iryou.teikyouseido.mhlw.go.jp/znk-web/juminkanja/S2430/initialize?prefCd=41&kikanCd=2415518800&kikanKbn=2", "url2": null, "内容": "藤松眼科【2:診療所】【診療科目:眼科】佐賀県唐津市平野町１４４５" }, "geometry": { "type": "Point", "coordinates": [ 129.966871, 33.44716 ] } },
{ "type": "Feature", "properties": { "ID": 4122415518930, "正式名称": "医療法人水光会　呼子中央クリニック", "機関区分": 2, "都道府県コード": 41, "市区町村コード": 202, "所在地": "佐賀県唐津市呼子町呼子４１８２ー１", "緯度": 33.536871, "経度": 129.893681, "url": "https://www.iryou.teikyouseido.mhlw.go.jp/znk-web/juminkanja/S2430/initialize?prefCd=41&kikanCd=2415518930&kikanKbn=2", "url2": null, "内容": "医療法人水光会　呼子中央クリニック【2:診療所】【診療科目:内科_循環器内科_消化器内科_健康診断、在宅医療】佐賀県唐津市呼子町呼子４１８２ー１" }, "geometry": { "type": "Point", "coordinates": [ 129.893681, 33.536871 ] } },
{ "type": "Feature", "properties": { "ID": 4122415519070, "正式名称": "こころクリニック", "機関区分": 2, "都道府県コード": 41, "市区町村コード": 202, "所在地": "佐賀県唐津市紺屋町１６６８ー３", "緯度": 33.447078, "経度": 129.968133, "url": "https://www.iryou.teikyouseido.mhlw.go.jp/znk-web/juminkanja/S2430/initialize?prefCd=41&kikanCd=2415519070&kikanKbn=2", "url2": "http://kokoro.life.coocan.jp", "内容": "こころクリニック【2:診療所】【診療科目:精神科_神経科_心療内科】佐賀県唐津市紺屋町１６６８ー３" }, "geometry": { "type": "Point", "coordinates": [ 129.968133, 33.447078 ] } },
{ "type": "Feature", "properties": { "ID": 4122415519100, "正式名称": "医療法人　健英会　丸田耳鼻咽喉科クリニック", "機関区分": 2, "都道府県コード": 41, "市区町村コード": 202, "所在地": "佐賀県唐津市呼子町呼子４１８２－１", "緯度": 33.536926, "経度": 129.893931, "url": "https://www.iryou.teikyouseido.mhlw.go.jp/znk-web/juminkanja/S2430/initialize?prefCd=41&kikanCd=2415519100&kikanKbn=2", "url2": "http://www2.saganet.ne.jp/maruta/", "内容": "医療法人　健英会　丸田耳鼻咽喉科クリニック【2:診療所】【診療科目:気管食道内科_漢方内科_アレルギー疾患内科_頭頸部外科_小児耳鼻いんこう科_耳鼻いんこう科_気管食道・耳鼻いんこう科_頭頸部・耳鼻いんこう科_日帰り手術_アレルギー科】佐賀県唐津市呼子町呼子４１８２－１" }, "geometry": { "type": "Point", "coordinates": [ 129.893931, 33.536926 ] } },
{ "type": "Feature", "properties": { "ID": 4122415519230, "正式名称": "加藤眼科医院", "機関区分": 2, "都道府県コード": 41, "市区町村コード": 202, "所在地": "佐賀県唐津市西城内６ー４３", "緯度": 33.449993, "経度": 129.96951, "url": "https://www.iryou.teikyouseido.mhlw.go.jp/znk-web/juminkanja/S2430/initialize?prefCd=41&kikanCd=2415519230&kikanKbn=2", "url2": "https://www.kato-eyeclinic.jp/", "内容": "加藤眼科医院【2:診療所】【診療科目:眼科】佐賀県唐津市西城内６ー４３" }, "geometry": { "type": "Point", "coordinates": [ 129.96951, 33.449993 ] } },
{ "type": "Feature", "properties": { "ID": 4122415519360, "正式名称": "医療法人　うらごう小児科医院", "機関区分": 2, "都道府県コード": 41, "市区町村コード": 202, "所在地": "佐賀県唐津市浜玉町横田下干居９３７ー２", "緯度": 33.437579, "経度": 130.033699, "url": "https://www.iryou.teikyouseido.mhlw.go.jp/znk-web/juminkanja/S2430/initialize?prefCd=41&kikanCd=2415519360&kikanKbn=2", "url2": null, "内容": "医療法人　うらごう小児科医院【2:診療所】【診療科目:小児科】佐賀県唐津市浜玉町横田下干居９３７ー２" }, "geometry": { "type": "Point", "coordinates": [ 130.033699, 33.437579 ] } },
{ "type": "Feature", "properties": { "ID": 4122415519490, "正式名称": "岸川内科", "機関区分": 2, "都道府県コード": 41, "市区町村コード": 202, "所在地": "佐賀県唐津市湊町７６９－１", "緯度": 33.525206, "経度": 129.951037, "url": "https://www.iryou.teikyouseido.mhlw.go.jp/znk-web/juminkanja/S2430/initialize?prefCd=41&kikanCd=2415519490&kikanKbn=2", "url2": null, "内容": "岸川内科【2:診療所】【診療科目:内科_循環器内科】佐賀県唐津市湊町７６９－１" }, "geometry": { "type": "Point", "coordinates": [ 129.951037, 33.525206 ] } },
{ "type": "Feature", "properties": { "ID": 4122415520050, "正式名称": "医療法人ＢｅーＭｅｄ　おだくらクリニック", "機関区分": 2, "都道府県コード": 41, "市区町村コード": 202, "所在地": "佐賀県唐津市大名小路３０８－８", "緯度": 33.448882, "経度": 129.97176, "url": "https://www.iryou.teikyouseido.mhlw.go.jp/znk-web/juminkanja/S2430/initialize?prefCd=41&kikanCd=2415520050&kikanKbn=2", "url2": "http://odakura.jp", "内容": "医療法人ＢｅーＭｅｄ　おだくらクリニック【2:診療所】【診療科目:内科_漢方内科_美容外科_美容皮膚科_泌尿器科】佐賀県唐津市大名小路３０８－８" }, "geometry": { "type": "Point", "coordinates": [ 129.97176, 33.448882 ] } },
{ "type": "Feature", "properties": { "ID": 4122415520630, "正式名称": "大手口クリニック", "機関区分": 2, "都道府県コード": 41, "市区町村コード": 202, "所在地": "佐賀県唐津市弓鷹町１５１１", "緯度": 33.449086, "経度": 129.968873, "url": "https://www.iryou.teikyouseido.mhlw.go.jp/znk-web/juminkanja/S2430/initialize?prefCd=41&kikanCd=2415520630&kikanKbn=2", "url2": null, "内容": "大手口クリニック【2:診療所】【診療科目:内科】佐賀県唐津市弓鷹町１５１１" }, "geometry": { "type": "Point", "coordinates": [ 129.968873, 33.449086 ] } },
{ "type": "Feature", "properties": { "ID": 4122415521060, "正式名称": "医療法人　凱風会　悠悠クリニック", "機関区分": 2, "都道府県コード": 41, "市区町村コード": 202, "所在地": "佐賀県唐津市鏡２５３７", "緯度": 33.426123, "経度": 130.003409, "url": "https://www.iryou.teikyouseido.mhlw.go.jp/znk-web/juminkanja/S2430/initialize?prefCd=41&kikanCd=2415521060&kikanKbn=2", "url2": "https://www.you-you-clnic.org", "内容": "医療法人　凱風会　悠悠クリニック【2:診療所】【診療科目:内科_糖尿病内科_内分泌内科_呼吸器内科_腎臓内科_皮膚科_アレルギー科_リハビリテーション科_ホギトクス外来、禁煙外来】佐賀県唐津市鏡２５３７" }, "geometry": { "type": "Point", "coordinates": [ 130.003409, 33.426123 ] } },
{ "type": "Feature", "properties": { "ID": 4122415521350, "正式名称": "たじま脳神経外科クリニック", "機関区分": 2, "都道府県コード": 41, "市区町村コード": 202, "所在地": "佐賀県唐津市坊主町５３２ー２", "緯度": 33.450216, "経度": 129.964453, "url": "https://www.iryou.teikyouseido.mhlw.go.jp/znk-web/juminkanja/S2430/initialize?prefCd=41&kikanCd=2415521350&kikanKbn=2", "url2": "http://www.tajima-nouge.com", "内容": "たじま脳神経外科クリニック【2:診療所】【診療科目:脳神経外科_リハビリテーション科】佐賀県唐津市坊主町５３２ー２" }, "geometry": { "type": "Point", "coordinates": [ 129.964453, 33.450216 ] } },
{ "type": "Feature", "properties": { "ID": 4122415521480, "正式名称": "たじまメンタルクリニック", "機関区分": 2, "都道府県コード": 41, "市区町村コード": 202, "所在地": "佐賀県唐津市町田二丁目４−６クラミツビル１０３号", "緯度": 33.442314, "経度": 129.966784, "url": "https://www.iryou.teikyouseido.mhlw.go.jp/znk-web/juminkanja/S2430/initialize?prefCd=41&kikanCd=2415521480&kikanKbn=2", "url2": "http://tajima-mentalclinic.com/", "内容": "たじまメンタルクリニック【2:診療所】【診療科目:精神科_心療内科】佐賀県唐津市町田二丁目４−６クラミツビル１０３号" }, "geometry": { "type": "Point", "coordinates": [ 129.966784, 33.442314 ] } },
{ "type": "Feature", "properties": { "ID": 4122415521770, "正式名称": "Ｃａｒｒｏｔ　浜玉クリニック", "機関区分": 2, "都道府県コード": 41, "市区町村コード": 202, "所在地": "佐賀県唐津市浜玉町浜崎２１９", "緯度": 33.448, "経度": 130.044061, "url": "https://www.iryou.teikyouseido.mhlw.go.jp/znk-web/juminkanja/S2430/initialize?prefCd=41&kikanCd=2415521770&kikanKbn=2", "url2": "https://carrothamatama-cl.jp/", "内容": "Ｃａｒｒｏｔ　浜玉クリニック【2:診療所】【診療科目:内科】佐賀県唐津市浜玉町浜崎２１９" }, "geometry": { "type": "Point", "coordinates": [ 130.044061, 33.448 ] } },
{ "type": "Feature", "properties": { "ID": 4122415521800, "正式名称": "医療法人慈孝会　七山診療所", "機関区分": 2, "都道府県コード": 41, "市区町村コード": 202, "所在地": "佐賀県唐津市七山滝川１２５４", "緯度": 33.441388, "経度": 130.116094, "url": "https://www.iryou.teikyouseido.mhlw.go.jp/znk-web/juminkanja/S2430/initialize?prefCd=41&kikanCd=2415521800&kikanKbn=2", "url2": null, "内容": "医療法人慈孝会　七山診療所【2:診療所】【診療科目:内科_外科】佐賀県唐津市七山滝川１２５４" }, "geometry": { "type": "Point", "coordinates": [ 130.116094, 33.441388 ] } },
{ "type": "Feature", "properties": { "ID": 4122415521930, "正式名称": "久保田レディースクリニック　産婦人科　麻酔科", "機関区分": 2, "都道府県コード": 41, "市区町村コード": 202, "所在地": "佐賀県唐津市大石町２４４４－１", "緯度": 33.440318, "経度": 129.963305, "url": "https://www.iryou.teikyouseido.mhlw.go.jp/znk-web/juminkanja/S2430/initialize?prefCd=41&kikanCd=2415521930&kikanKbn=2", "url2": "https://www.kubota-hp.com", "内容": "久保田レディースクリニック　産婦人科　麻酔科【2:診療所】【診療科目:産科_婦人科_麻酔科】佐賀県唐津市大石町２４４４－１" }, "geometry": { "type": "Point", "coordinates": [ 129.963305, 33.440318 ] } },
{ "type": "Feature", "properties": { "ID": 4122415522230, "正式名称": "医療法人深川皮膚科", "機関区分": 2, "都道府県コード": 41, "市区町村コード": 202, "所在地": "佐賀県唐津市江川町６８２－１", "緯度": 33.45277, "経度": 129.963233, "url": "https://www.iryou.teikyouseido.mhlw.go.jp/znk-web/juminkanja/S2430/initialize?prefCd=41&kikanCd=2415522230&kikanKbn=2", "url2": "https://fukagawa-hifuka.jp/", "内容": "医療法人深川皮膚科【2:診療所】【診療科目:皮膚科】佐賀県唐津市江川町６８２－１" }, "geometry": { "type": "Point", "coordinates": [ 129.963233, 33.45277 ] } },
{ "type": "Feature", "properties": { "ID": 4122415522520, "正式名称": "加藤眼科医院　浜玉診療所", "機関区分": 2, "都道府県コード": 41, "市区町村コード": 202, "所在地": "佐賀県唐津市浜玉町浜崎畑田２１７ー１", "緯度": 33.440292, "経度": 130.024851, "url": "https://www.iryou.teikyouseido.mhlw.go.jp/znk-web/juminkanja/S2430/initialize?prefCd=41&kikanCd=2415522520&kikanKbn=2", "url2": "https://www.kato-eyeclinic.jp/", "内容": "加藤眼科医院　浜玉診療所【2:診療所】【診療科目:眼科】佐賀県唐津市浜玉町浜崎畑田２１７ー１" }, "geometry": { "type": "Point", "coordinates": [ 130.024851, 33.440292 ] } },
{ "type": "Feature", "properties": { "ID": 4122415522650, "正式名称": "なかにし整形外科", "機関区分": 2, "都道府県コード": 41, "市区町村コード": 202, "所在地": "佐賀県唐津市和多田西山８－２", "緯度": 33.430021, "経度": 129.981756, "url": "https://www.iryou.teikyouseido.mhlw.go.jp/znk-web/juminkanja/S2430/initialize?prefCd=41&kikanCd=2415522650&kikanKbn=2", "url2": null, "内容": "なかにし整形外科【2:診療所】【診療科目:整形外科_リハビリテーション科】佐賀県唐津市和多田西山８－２" }, "geometry": { "type": "Point", "coordinates": [ 129.981756, 33.430021 ] } },
{ "type": "Feature", "properties": { "ID": 4122415522780, "正式名称": "医療法人社団　三浦医院　三浦内科外科クリニック", "機関区分": 2, "都道府県コード": 41, "市区町村コード": 202, "所在地": "佐賀県唐津市浜玉町浜崎６１１－２", "緯度": 33.44513, "経度": 130.035421, "url": "https://www.iryou.teikyouseido.mhlw.go.jp/znk-web/juminkanja/S2430/initialize?prefCd=41&kikanCd=2415522780&kikanKbn=2", "url2": null, "内容": "医療法人社団　三浦医院　三浦内科外科クリニック【2:診療所】【診療科目:内科_外科】佐賀県唐津市浜玉町浜崎６１１－２" }, "geometry": { "type": "Point", "coordinates": [ 130.035421, 33.44513 ] } },
{ "type": "Feature", "properties": { "ID": 4122415522810, "正式名称": "丸田ひふ科", "機関区分": 2, "都道府県コード": 41, "市区町村コード": 202, "所在地": "佐賀県唐津市南城内３番５号", "緯度": 33.450671, "経度": 129.969419, "url": "https://www.iryou.teikyouseido.mhlw.go.jp/znk-web/juminkanja/S2430/initialize?prefCd=41&kikanCd=2415522810&kikanKbn=2", "url2": "https://www.maruta-hifuka.com/", "内容": "丸田ひふ科【2:診療所】【診療科目:皮膚科】佐賀県唐津市南城内３番５号" }, "geometry": { "type": "Point", "coordinates": [ 129.969419, 33.450671 ] } },
{ "type": "Feature", "properties": { "ID": 4122415522940, "正式名称": "ｏｒａｎｇｅクリニック", "機関区分": 2, "都道府県コード": 41, "市区町村コード": 202, "所在地": "佐賀県唐津市北波多岸山４９８－５３", "緯度": 33.369992, "経度": 129.963861, "url": "https://www.iryou.teikyouseido.mhlw.go.jp/znk-web/juminkanja/S2430/initialize?prefCd=41&kikanCd=2415522940&kikanKbn=2", "url2": null, "内容": "ｏｒａｎｇｅクリニック【2:診療所】【診療科目:内科】佐賀県唐津市北波多岸山４９８－５３" }, "geometry": { "type": "Point", "coordinates": [ 129.963861, 33.369992 ] } },
{ "type": "Feature", "properties": { "ID": 4122415523080, "正式名称": "温耳鼻咽喉科", "機関区分": 2, "都道府県コード": 41, "市区町村コード": 202, "所在地": "佐賀県唐津市和多田西山３－３３", "緯度": 33.429573, "経度": 129.983864, "url": "https://www.iryou.teikyouseido.mhlw.go.jp/znk-web/juminkanja/S2430/initialize?prefCd=41&kikanCd=2415523080&kikanKbn=2", "url2": null, "内容": "温耳鼻咽喉科【2:診療所】【診療科目:頭頸部・耳鼻いんこう科】佐賀県唐津市和多田西山３－３３" }, "geometry": { "type": "Point", "coordinates": [ 129.983864, 33.429573 ] } },
{ "type": "Feature", "properties": { "ID": 4122415523110, "正式名称": "皐月クリニック", "機関区分": 2, "都道府県コード": 41, "市区町村コード": 202, "所在地": "佐賀県唐津市呼子町呼子３０８４番地１", "緯度": 33.540376, "経度": 129.894951, "url": "https://www.iryou.teikyouseido.mhlw.go.jp/znk-web/juminkanja/S2430/initialize?prefCd=41&kikanCd=2415523110&kikanKbn=2", "url2": null, "内容": "皐月クリニック【2:診療所】【診療科目:内科_精神科_心療内科】佐賀県唐津市呼子町呼子３０８４番地１" }, "geometry": { "type": "Point", "coordinates": [ 129.894951, 33.540376 ] } },
{ "type": "Feature", "properties": { "ID": 4122415523400, "正式名称": "ｓｏｒａｉｒｏクリニック", "機関区分": 2, "都道府県コード": 41, "市区町村コード": 202, "所在地": "佐賀県唐津市和多田大土井１２番９号", "緯度": 33.427953, "経度": 129.986467, "url": "https://www.iryou.teikyouseido.mhlw.go.jp/znk-web/juminkanja/S2430/initialize?prefCd=41&kikanCd=2415523400&kikanKbn=2", "url2": null, "内容": "ｓｏｒａｉｒｏクリニック【2:診療所】【診療科目:内科_小児科】佐賀県唐津市和多田大土井１２番９号" }, "geometry": { "type": "Point", "coordinates": [ 129.986467, 33.427953 ] } },
{ "type": "Feature", "properties": { "ID": 4122415523530, "正式名称": "仁愛クリニック　なごや診療所", "機関区分": 2, "都道府県コード": 41, "市区町村コード": 202, "所在地": "佐賀県唐津市鎮西町名護屋４１９８", "緯度": 33.532407, "経度": 129.869552, "url": "https://www.iryou.teikyouseido.mhlw.go.jp/znk-web/juminkanja/S2430/initialize?prefCd=41&kikanCd=2415523530&kikanKbn=2", "url2": null, "内容": "仁愛クリニック　なごや診療所【2:診療所】【診療科目:内科_漢方内科_外科_リハビリテーション科】佐賀県唐津市鎮西町名護屋４１９８" }, "geometry": { "type": "Point", "coordinates": [ 129.869552, 33.532407 ] } },
{ "type": "Feature", "properties": { "ID": 4122415600200, "正式名称": "医療法人内山産婦人科医院", "機関区分": 2, "都道府県コード": 41, "市区町村コード": 205, "所在地": "佐賀県伊万里市東山代町長浜１２５０", "緯度": 33.279899, "経度": 129.844859, "url": "https://www.iryou.teikyouseido.mhlw.go.jp/znk-web/juminkanja/S2430/initialize?prefCd=41&kikanCd=2415600200&kikanKbn=2", "url2": "https://uchiyama-clinic.sakura.ne.jp", "内容": "医療法人内山産婦人科医院【2:診療所】【診療科目:小児科_産婦人科_麻酔科】佐賀県伊万里市東山代町長浜１２５０" }, "geometry": { "type": "Point", "coordinates": [ 129.844859, 33.279899 ] } },
{ "type": "Feature", "properties": { "ID": 4122415600460, "正式名称": "医療法人加茂医院", "機関区分": 2, "都道府県コード": 41, "市区町村コード": 205, "所在地": "佐賀県伊万里市大坪町丙２１０３－１", "緯度": 33.273462, "経度": 129.888225, "url": "https://www.iryou.teikyouseido.mhlw.go.jp/znk-web/juminkanja/S2430/initialize?prefCd=41&kikanCd=2415600460&kikanKbn=2", "url2": null, "内容": "医療法人加茂医院【2:診療所】【診療科目:内科_胃腸内科_外科_リハビリテーション科】佐賀県伊万里市大坪町丙２１０３－１" }, "geometry": { "type": "Point", "coordinates": [ 129.888225, 33.273462 ] } },
{ "type": "Feature", "properties": { "ID": 4122415600620, "正式名称": "医療法人亮信会木本耳鼻咽喉科医院", "機関区分": 2, "都道府県コード": 41, "市区町村コード": 205, "所在地": "佐賀県伊万里市蓮池町４１番地", "緯度": 33.272345, "経度": 129.874273, "url": "https://www.iryou.teikyouseido.mhlw.go.jp/znk-web/juminkanja/S2430/initialize?prefCd=41&kikanCd=2415600620&kikanKbn=2", "url2": null, "内容": "医療法人亮信会木本耳鼻咽喉科医院【2:診療所】【診療科目:耳鼻いんこう科】佐賀県伊万里市蓮池町４１番地" }, "geometry": { "type": "Point", "coordinates": [ 129.874273, 33.272345 ] } },
{ "type": "Feature", "properties": { "ID": 4122415600910, "正式名称": "医療法人小嶋眼科医院", "機関区分": 2, "都道府県コード": 41, "市区町村コード": 205, "所在地": "佐賀県伊万里市松島町３４０－１", "緯度": 33.277122, "経度": 129.876189, "url": "https://www.iryou.teikyouseido.mhlw.go.jp/znk-web/juminkanja/S2430/initialize?prefCd=41&kikanCd=2415600910&kikanKbn=2", "url2": null, "内容": "医療法人小嶋眼科医院【2:診療所】【診療科目:眼科】佐賀県伊万里市松島町３４０－１" }, "geometry": { "type": "Point", "coordinates": [ 129.876189, 33.277122 ] } },
{ "type": "Feature", "properties": { "ID": 4122415601500, "正式名称": "医療法人世戸医院", "機関区分": 2, "都道府県コード": 41, "市区町村コード": 205, "所在地": "佐賀県伊万里市伊万里町甲４１２", "緯度": 33.273262, "経度": 129.877384, "url": "https://www.iryou.teikyouseido.mhlw.go.jp/znk-web/juminkanja/S2430/initialize?prefCd=41&kikanCd=2415601500&kikanKbn=2", "url2": null, "内容": "医療法人世戸医院【2:診療所】【診療科目:眼科】佐賀県伊万里市伊万里町甲４１２" }, "geometry": { "type": "Point", "coordinates": [ 129.877384, 33.273262 ] } },
{ "type": "Feature", "properties": { "ID": 4122415601760, "正式名称": "医療法人　立石医院", "機関区分": 2, "都道府県コード": 41, "市区町村コード": 205, "所在地": "佐賀県伊万里市東山代町里１１１番地１", "緯度": 33.285741, "経度": 129.836312, "url": "https://www.iryou.teikyouseido.mhlw.go.jp/znk-web/juminkanja/S2430/initialize?prefCd=41&kikanCd=2415601760&kikanKbn=2", "url2": "https://www.tateishiiin-imari.com", "内容": "医療法人　立石医院【2:診療所】【診療科目:内科_循環器内科_胃腸内科】佐賀県伊万里市東山代町里１１１番地１" }, "geometry": { "type": "Point", "coordinates": [ 129.836312, 33.285741 ] } },
{ "type": "Feature", "properties": { "ID": 4122415602190, "正式名称": "原皮膚科医院", "機関区分": 2, "都道府県コード": 41, "市区町村コード": 205, "所在地": "佐賀県伊万里市伊万里町甲４７－１", "緯度": 33.274956, "経度": 129.881272, "url": "https://www.iryou.teikyouseido.mhlw.go.jp/znk-web/juminkanja/S2430/initialize?prefCd=41&kikanCd=2415602190&kikanKbn=2", "url2": "https://harahihuka.wixsite.com/official-top", "内容": "原皮膚科医院【2:診療所】【診療科目:皮膚科】佐賀県伊万里市伊万里町甲４７－１" }, "geometry": { "type": "Point", "coordinates": [ 129.881272, 33.274956 ] } },
{ "type": "Feature", "properties": { "ID": 4122415602640, "正式名称": "医療法人　水上医院", "機関区分": 2, "都道府県コード": 41, "市区町村コード": 205, "所在地": "佐賀県伊万里市山代町立岩２６７１－１", "緯度": 33.335225, "経度": 129.79139, "url": "https://www.iryou.teikyouseido.mhlw.go.jp/znk-web/juminkanja/S2430/initialize?prefCd=41&kikanCd=2415602640&kikanKbn=2", "url2": null, "内容": "医療法人　水上医院【2:診療所】【診療科目:内科】佐賀県伊万里市山代町立岩２６７１－１" }, "geometry": { "type": "Point", "coordinates": [ 129.79139, 33.335225 ] } },
{ "type": "Feature", "properties": { "ID": 4122415603810, "正式名称": "医療法人日高医院", "機関区分": 2, "都道府県コード": 41, "市区町村コード": 205, "所在地": "佐賀県伊万里市松島町３８０番地４", "緯度": 33.277872, "経度": 129.877217, "url": "https://www.iryou.teikyouseido.mhlw.go.jp/znk-web/juminkanja/S2430/initialize?prefCd=41&kikanCd=2415603810&kikanKbn=2", "url2": null, "内容": "医療法人日高医院【2:診療所】【診療科目:内科_外科_整形外科】佐賀県伊万里市松島町３８０番地４" }, "geometry": { "type": "Point", "coordinates": [ 129.877217, 33.277872 ] } },
{ "type": "Feature", "properties": { "ID": 4122415604110, "正式名称": "医療法人蒲地医院", "機関区分": 2, "都道府県コード": 41, "市区町村コード": 401, "所在地": "佐賀県西松浦郡有田町稗古場２丁目９番１２号", "緯度": 33.187327, "経度": 129.894135, "url": "https://www.iryou.teikyouseido.mhlw.go.jp/znk-web/juminkanja/S2430/initialize?prefCd=41&kikanCd=2415604110&kikanKbn=2", "url2": null, "内容": "医療法人蒲地医院【2:診療所】【診療科目:内科_循環器内科】佐賀県西松浦郡有田町稗古場２丁目９番１２号" }, "geometry": { "type": "Point", "coordinates": [ 129.894135, 33.187327 ] } },
{ "type": "Feature", "properties": { "ID": 4122415604240, "正式名称": "川浪医院", "機関区分": 2, "都道府県コード": 41, "市区町村コード": 401, "所在地": "佐賀県西松浦郡有田町大野乙２７２４", "緯度": 33.175275, "経度": 129.890671, "url": "https://www.iryou.teikyouseido.mhlw.go.jp/znk-web/juminkanja/S2430/initialize?prefCd=41&kikanCd=2415604240&kikanKbn=2", "url2": null, "内容": "川浪医院【2:診療所】【診療科目:皮膚科】佐賀県西松浦郡有田町大野乙２７２４" }, "geometry": { "type": "Point", "coordinates": [ 129.890671, 33.175275 ] } },
{ "type": "Feature", "properties": { "ID": 4122415604530, "正式名称": "松尾内科", "機関区分": 2, "都道府県コード": 41, "市区町村コード": 401, "所在地": "佐賀県西松浦郡有田町南原甲２６７番地", "緯度": 33.186855, "経度": 129.869692, "url": "https://www.iryou.teikyouseido.mhlw.go.jp/znk-web/juminkanja/S2430/initialize?prefCd=41&kikanCd=2415604530&kikanKbn=2", "url2": null, "内容": "松尾内科【2:診療所】【診療科目:内科_小児科】佐賀県西松浦郡有田町南原甲２６７番地" }, "geometry": { "type": "Point", "coordinates": [ 129.869692, 33.186855 ] } },
{ "type": "Feature", "properties": { "ID": 4122415605090, "正式名称": "医療法人竜門堂　ありた医院", "機関区分": 2, "都道府県コード": 41, "市区町村コード": 401, "所在地": "佐賀県西松浦郡有田町大木宿乙８４３ー２３", "緯度": 33.223683, "経度": 129.849249, "url": "https://www.iryou.teikyouseido.mhlw.go.jp/znk-web/juminkanja/S2430/initialize?prefCd=41&kikanCd=2415605090&kikanKbn=2", "url2": null, "内容": "医療法人竜門堂　ありた医院【2:診療所】【診療科目:内科】佐賀県西松浦郡有田町大木宿乙８４３ー２３" }, "geometry": { "type": "Point", "coordinates": [ 129.849249, 33.223683 ] } },
{ "type": "Feature", "properties": { "ID": 4122415605410, "正式名称": "鈴山内科小児科医院", "機関区分": 2, "都道府県コード": 41, "市区町村コード": 205, "所在地": "佐賀県伊万里市立花町１６０４番地２", "緯度": 33.263485, "経度": 129.882273, "url": "https://www.iryou.teikyouseido.mhlw.go.jp/znk-web/juminkanja/S2430/initialize?prefCd=41&kikanCd=2415605410&kikanKbn=2", "url2": null, "内容": "鈴山内科小児科医院【2:診療所】【診療科目:内科_小児科】佐賀県伊万里市立花町１６０４番地２" }, "geometry": { "type": "Point", "coordinates": [ 129.882273, 33.263485 ] } },
{ "type": "Feature", "properties": { "ID": 4122415605540, "正式名称": "医療法人小副川医院", "機関区分": 2, "都道府県コード": 41, "市区町村コード": 205, "所在地": "佐賀県伊万里市二里町八谷搦８７０ー１", "緯度": 33.268567, "経度": 129.859219, "url": "https://www.iryou.teikyouseido.mhlw.go.jp/znk-web/juminkanja/S2430/initialize?prefCd=41&kikanCd=2415605540&kikanKbn=2", "url2": null, "内容": "医療法人小副川医院【2:診療所】【診療科目:内科_消化器内科_外科】佐賀県伊万里市二里町八谷搦８７０ー１" }, "geometry": { "type": "Point", "coordinates": [ 129.859219, 33.268567 ] } },
{ "type": "Feature", "properties": { "ID": 4122415605670, "正式名称": "医療法人　岡村医院", "機関区分": 2, "都道府県コード": 41, "市区町村コード": 205, "所在地": "佐賀県伊万里市蓮池町１８番地", "緯度": 33.273123, "経度": 129.874329, "url": "https://www.iryou.teikyouseido.mhlw.go.jp/znk-web/juminkanja/S2430/initialize?prefCd=41&kikanCd=2415605670&kikanKbn=2", "url2": "http://okamura-c.com/", "内容": "医療法人　岡村医院【2:診療所】【診療科目:内科_糖尿病内科_呼吸器内科_循環器内科_消化器内科_肝臓内科_小児科】佐賀県伊万里市蓮池町１８番地" }, "geometry": { "type": "Point", "coordinates": [ 129.874329, 33.273123 ] } },
{ "type": "Feature", "properties": { "ID": 4122415605960, "正式名称": "夏秋医院", "機関区分": 2, "都道府県コード": 41, "市区町村コード": 205, "所在地": "佐賀県伊万里市伊万里町甲６４", "緯度": 33.275262, "経度": 129.880828, "url": "https://www.iryou.teikyouseido.mhlw.go.jp/znk-web/juminkanja/S2430/initialize?prefCd=41&kikanCd=2415605960&kikanKbn=2", "url2": null, "内容": "夏秋医院【2:診療所】【診療科目:内科_呼吸器内科_循環器内科_消化器内科】佐賀県伊万里市伊万里町甲６４" }, "geometry": { "type": "Point", "coordinates": [ 129.880828, 33.275262 ] } },
{ "type": "Feature", "properties": { "ID": 4122415606000, "正式名称": "泌尿器科　いまりクリニック", "機関区分": 2, "都道府県コード": 41, "市区町村コード": 205, "所在地": "佐賀県伊万里市大川内町甲４４５５ー１", "緯度": 33.258708, "経度": 129.899327, "url": "https://www.iryou.teikyouseido.mhlw.go.jp/znk-web/juminkanja/S2430/initialize?prefCd=41&kikanCd=2415606000&kikanKbn=2", "url2": "http://www.saganet.ne.jp/critical/index.html", "内容": "泌尿器科　いまりクリニック【2:診療所】【診療科目:泌尿器科】佐賀県伊万里市大川内町甲４４５５ー１" }, "geometry": { "type": "Point", "coordinates": [ 129.899327, 33.258708 ] } },
{ "type": "Feature", "properties": { "ID": 4122415606390, "正式名称": "医療法人いび整形外科", "機関区分": 2, "都道府県コード": 41, "市区町村コード": 205, "所在地": "佐賀県伊万里市立花町１６０４－１６３", "緯度": 33.263763, "経度": 129.884022, "url": "https://www.iryou.teikyouseido.mhlw.go.jp/znk-web/juminkanja/S2430/initialize?prefCd=41&kikanCd=2415606390&kikanKbn=2", "url2": null, "内容": "医療法人いび整形外科【2:診療所】【診療科目:整形外科_リハビリテーション科】佐賀県伊万里市立花町１６０４－１６３" }, "geometry": { "type": "Point", "coordinates": [ 129.884022, 33.263763 ] } },
{ "type": "Feature", "properties": { "ID": 4122415606680, "正式名称": "医療法人いとう小児科", "機関区分": 2, "都道府県コード": 41, "市区町村コード": 205, "所在地": "佐賀県伊万里市二里町八谷搦１１４０", "緯度": 33.27818, "経度": 129.870329, "url": "https://www.iryou.teikyouseido.mhlw.go.jp/znk-web/juminkanja/S2430/initialize?prefCd=41&kikanCd=2415606680&kikanKbn=2", "url2": null, "内容": "医療法人いとう小児科【2:診療所】【診療科目:小児科_アレルギー科】佐賀県伊万里市二里町八谷搦１１４０" }, "geometry": { "type": "Point", "coordinates": [ 129.870329, 33.27818 ] } },
{ "type": "Feature", "properties": { "ID": 4122415607010, "正式名称": "医療法人　小嶋内科", "機関区分": 2, "都道府県コード": 41, "市区町村コード": 401, "所在地": "佐賀県西松浦郡有田町黒川丙６０８番２７", "緯度": 33.195853, "経度": 129.851277, "url": "https://www.iryou.teikyouseido.mhlw.go.jp/znk-web/juminkanja/S2430/initialize?prefCd=41&kikanCd=2415607010&kikanKbn=2", "url2": "https://kojima-naika-saga.com", "内容": "医療法人　小嶋内科【2:診療所】【診療科目:内科_呼吸器内科_循環器内科_胃腸内科_小児科】佐賀県西松浦郡有田町黒川丙６０８番２７" }, "geometry": { "type": "Point", "coordinates": [ 129.851277, 33.195853 ] } },
{ "type": "Feature", "properties": { "ID": 4122415607270, "正式名称": "大川野クリニック", "機関区分": 2, "都道府県コード": 41, "市区町村コード": 205, "所在地": "佐賀県伊万里市大川町大川野片竹３１４３ー１", "緯度": 33.307343, "経度": 129.976707, "url": "https://www.iryou.teikyouseido.mhlw.go.jp/znk-web/juminkanja/S2430/initialize?prefCd=41&kikanCd=2415607270&kikanKbn=2", "url2": "http://www.nishida-hp.jp/main/427.html", "内容": "大川野クリニック【2:診療所】【診療科目:内科_外科_小児科_在宅医療、在宅緩和ケア】佐賀県伊万里市大川町大川野片竹３１４３ー１" }, "geometry": { "type": "Point", "coordinates": [ 129.976707, 33.307343 ] } },
{ "type": "Feature", "properties": { "ID": 4122415607300, "正式名称": "産婦人科　南ヶ丘クリニック", "機関区分": 2, "都道府県コード": 41, "市区町村コード": 205, "所在地": "佐賀県伊万里市立花町", "緯度": 33.259097, "経度": 129.886661, "url": "https://www.iryou.teikyouseido.mhlw.go.jp/znk-web/juminkanja/S2430/initialize?prefCd=41&kikanCd=2415607300&kikanKbn=2", "url2": "http://m-clinic.info", "内容": "産婦人科　南ヶ丘クリニック【2:診療所】【診療科目:産婦人科】佐賀県伊万里市立花町" }, "geometry": { "type": "Point", "coordinates": [ 129.886661, 33.259097 ] } },
{ "type": "Feature", "properties": { "ID": 4122415607690, "正式名称": "医療法人上有田整形外科クリニック", "機関区分": 2, "都道府県コード": 41, "市区町村コード": 401, "所在地": "佐賀県西松浦郡有田町上幸平一丁目３番５号", "緯度": 33.191663, "経度": 129.901818, "url": "https://www.iryou.teikyouseido.mhlw.go.jp/znk-web/juminkanja/S2430/initialize?prefCd=41&kikanCd=2415607690&kikanKbn=2", "url2": "https://itp.ne.jp/info/411663556124340170/", "内容": "医療法人上有田整形外科クリニック【2:診療所】【診療科目:整形外科_リウマチ科_リハビリテーション科】佐賀県西松浦郡有田町上幸平一丁目３番５号" }, "geometry": { "type": "Point", "coordinates": [ 129.901818, 33.191663 ] } },
{ "type": "Feature", "properties": { "ID": 4122415607720, "正式名称": "医療法人なごみ会　口石やすひろ整形外科クリニック", "機関区分": 2, "都道府県コード": 41, "市区町村コード": 401, "所在地": "佐賀県西松浦郡有田町戸杓６７３ー１", "緯度": 33.177162, "経度": 129.878386, "url": "https://www.iryou.teikyouseido.mhlw.go.jp/znk-web/juminkanja/S2430/initialize?prefCd=41&kikanCd=2415607720&kikanKbn=2", "url2": "http://www.kuchiishi-yasuhiro.com/", "内容": "医療法人なごみ会　口石やすひろ整形外科クリニック【2:診療所】【診療科目:整形外科_形成外科_リハビリテーション科】佐賀県西松浦郡有田町戸杓６７３ー１" }, "geometry": { "type": "Point", "coordinates": [ 129.878386, 33.177162 ] } },
{ "type": "Feature", "properties": { "ID": 4122415608150, "正式名称": "医療法人　たなか内科クリニック", "機関区分": 2, "都道府県コード": 41, "市区町村コード": 205, "所在地": "佐賀県伊万里市新天町６２０－５", "緯度": 33.271484, "経度": 129.876106, "url": "https://www.iryou.teikyouseido.mhlw.go.jp/znk-web/juminkanja/S2430/initialize?prefCd=41&kikanCd=2415608150&kikanKbn=2", "url2": null, "内容": "医療法人　たなか内科クリニック【2:診療所】【診療科目:内科_消化器内科】佐賀県伊万里市新天町６２０－５" }, "geometry": { "type": "Point", "coordinates": [ 129.876106, 33.271484 ] } },
{ "type": "Feature", "properties": { "ID": 4122415608280, "正式名称": "伊万里篠田皮ふ科　形成外科", "機関区分": 2, "都道府県コード": 41, "市区町村コード": 205, "所在地": "佐賀県伊万里市新天町４６０番地１１", "緯度": 33.269713, "経度": 129.872891, "url": "https://www.iryou.teikyouseido.mhlw.go.jp/znk-web/juminkanja/S2430/initialize?prefCd=41&kikanCd=2415608280&kikanKbn=2", "url2": "http://www.imari-hifuka.com", "内容": "伊万里篠田皮ふ科　形成外科【2:診療所】【診療科目:形成外科_皮膚科】佐賀県伊万里市新天町４６０番地１１" }, "geometry": { "type": "Point", "coordinates": [ 129.872891, 33.269713 ] } },
{ "type": "Feature", "properties": { "ID": 4122415608310, "正式名称": "伊万里眼科", "機関区分": 2, "都道府県コード": 41, "市区町村コード": 205, "所在地": "佐賀県伊万里市新天町４６０－１１", "緯度": 33.269706, "経度": 129.872968, "url": "https://www.iryou.teikyouseido.mhlw.go.jp/znk-web/juminkanja/S2430/initialize?prefCd=41&kikanCd=2415608310&kikanKbn=2", "url2": "https://eiseikai-mc.com/imari-ec/", "内容": "伊万里眼科【2:診療所】【診療科目:眼科】佐賀県伊万里市新天町４６０－１１" }, "geometry": { "type": "Point", "coordinates": [ 129.872968, 33.269706 ] } },
{ "type": "Feature", "properties": { "ID": 4122415608600, "正式名称": "宮崎外科胃腸科", "機関区分": 2, "都道府県コード": 41, "市区町村コード": 202, "所在地": "佐賀県唐津市新興町６８番地", "緯度": 33.445966, "経度": 129.964344, "url": "https://www.iryou.teikyouseido.mhlw.go.jp/znk-web/juminkanja/S2430/initialize?prefCd=41&kikanCd=2415608600&kikanKbn=2", "url2": null, "内容": "宮崎外科胃腸科【2:診療所】【診療科目:胃腸内科_外科】佐賀県唐津市新興町６８番地" }, "geometry": { "type": "Point", "coordinates": [ 129.964344, 33.445966 ] } },
{ "type": "Feature", "properties": { "ID": 4122415608860, "正式名称": "医療法人恵祐会きたじま整形外科", "機関区分": 2, "都道府県コード": 41, "市区町村コード": 205, "所在地": "佐賀県伊万里市二里町大里乙１２７番地１", "緯度": 33.259181, "経度": 129.856454, "url": "https://www.iryou.teikyouseido.mhlw.go.jp/znk-web/juminkanja/S2430/initialize?prefCd=41&kikanCd=2415608860&kikanKbn=2", "url2": "http://www.kitajimaseikei.com/", "内容": "医療法人恵祐会きたじま整形外科【2:診療所】【診療科目:整形外科_リウマチ科_リハビリテーション科】佐賀県伊万里市二里町大里乙１２７番地１" }, "geometry": { "type": "Point", "coordinates": [ 129.856454, 33.259181 ] } },
{ "type": "Feature", "properties": { "ID": 4122415609030, "正式名称": "ケンジンＳＰＡクリニック", "機関区分": 2, "都道府県コード": 41, "市区町村コード": 205, "所在地": "佐賀県伊万里市二里町八谷搦１３番地５", "緯度": 33.273273, "経度": 129.871659, "url": "https://www.iryou.teikyouseido.mhlw.go.jp/znk-web/juminkanja/S2430/initialize?prefCd=41&kikanCd=2415609030&kikanKbn=2", "url2": null, "内容": "ケンジンＳＰＡクリニック【2:診療所】【診療科目:内科_消化器内科_外科_リハビリテーション科】佐賀県伊万里市二里町八谷搦１３番地５" }, "geometry": { "type": "Point", "coordinates": [ 129.871659, 33.273273 ] } },
{ "type": "Feature", "properties": { "ID": 4122415609290, "正式名称": "医療法人よしむら整形外科クリニック", "機関区分": 2, "都道府県コード": 41, "市区町村コード": 202, "所在地": "佐賀県唐津市浜玉町浜崎１０５７ー１", "緯度": 33.447272, "経度": 130.035865, "url": "https://www.iryou.teikyouseido.mhlw.go.jp/znk-web/juminkanja/S2430/initialize?prefCd=41&kikanCd=2415609290&kikanKbn=2", "url2": null, "内容": "医療法人よしむら整形外科クリニック【2:診療所】【診療科目:整形外科_リウマチ科_リハビリテーション科】佐賀県唐津市浜玉町浜崎１０５７ー１" }, "geometry": { "type": "Point", "coordinates": [ 130.035865, 33.447272 ] } },
{ "type": "Feature", "properties": { "ID": 4122415609450, "正式名称": "医療法人カミヤ　いちばんがせクリニック", "機関区分": 2, "都道府県コード": 41, "市区町村コード": 205, "所在地": "佐賀県伊万里市大坪町甲２３５０ー８４", "緯度": 33.281787, "経度": 129.89044, "url": "https://www.iryou.teikyouseido.mhlw.go.jp/znk-web/juminkanja/S2430/initialize?prefCd=41&kikanCd=2415609450&kikanKbn=2", "url2": "http://www.ichibangase-c.jp/", "内容": "医療法人カミヤ　いちばんがせクリニック【2:診療所】【診療科目:耳鼻いんこう科_アレルギー科】佐賀県伊万里市大坪町甲２３５０ー８４" }, "geometry": { "type": "Point", "coordinates": [ 129.89044, 33.281787 ] } },
{ "type": "Feature", "properties": { "ID": 4122415609580, "正式名称": "医療法人　文庫堂　石井内科", "機関区分": 2, "都道府県コード": 41, "市区町村コード": 401, "所在地": "佐賀県西松浦郡有田町立部乙２１１０－１", "緯度": 33.213558, "経度": 129.850416, "url": "https://www.iryou.teikyouseido.mhlw.go.jp/znk-web/juminkanja/S2430/initialize?prefCd=41&kikanCd=2415609580&kikanKbn=2", "url2": null, "内容": "医療法人　文庫堂　石井内科【2:診療所】【診療科目:内科_糖尿病内科_リウマチ科】佐賀県西松浦郡有田町立部乙２１１０－１" }, "geometry": { "type": "Point", "coordinates": [ 129.850416, 33.213558 ] } },
{ "type": "Feature", "properties": { "ID": 4122415609740, "正式名称": "伊万里休日　夜間急患医療セン夕ー", "機関区分": 2, "都道府県コード": 41, "市区町村コード": 205, "所在地": "佐賀県伊万里市立花町１５４２－９", "緯度": 33.26512, "経度": 129.88212, "url": "https://www.iryou.teikyouseido.mhlw.go.jp/znk-web/juminkanja/S2430/initialize?prefCd=41&kikanCd=2415609740&kikanKbn=2", "url2": null, "内容": "伊万里休日　夜間急患医療セン夕ー【2:診療所】【診療科目:内科_外科_小児科】佐賀県伊万里市立花町１５４２－９" }, "geometry": { "type": "Point", "coordinates": [ 129.88212, 33.26512 ] } },
{ "type": "Feature", "properties": { "ID": 4122415609870, "正式名称": "古川内科クリニック", "機関区分": 2, "都道府県コード": 41, "市区町村コード": 205, "所在地": "佐賀県伊万里市脇田町４０３ー２", "緯度": 33.280485, "経度": 129.88389, "url": "https://www.iryou.teikyouseido.mhlw.go.jp/znk-web/juminkanja/S2430/initialize?prefCd=41&kikanCd=2415609870&kikanKbn=2", "url2": null, "内容": "古川内科クリニック【2:診療所】【診療科目:内科_循環器内科】佐賀県伊万里市脇田町４０３ー２" }, "geometry": { "type": "Point", "coordinates": [ 129.88389, 33.280485 ] } },
{ "type": "Feature", "properties": { "ID": 4122415610140, "正式名称": "助廣医院", "機関区分": 2, "都道府県コード": 41, "市区町村コード": 205, "所在地": "佐賀県伊万里市南波多町大曲８２", "緯度": 33.332256, "経度": 129.931044, "url": "https://www.iryou.teikyouseido.mhlw.go.jp/znk-web/juminkanja/S2430/initialize?prefCd=41&kikanCd=2415610140&kikanKbn=2", "url2": null, "内容": "助廣医院【2:診療所】【診療科目:内科_循環器内科】佐賀県伊万里市南波多町大曲８２" }, "geometry": { "type": "Point", "coordinates": [ 129.931044, 33.332256 ] } },
{ "type": "Feature", "properties": { "ID": 4122415610300, "正式名称": "医療法人博洋会井手小児科医院", "機関区分": 2, "都道府県コード": 41, "市区町村コード": 205, "所在地": "佐賀県伊万里市二里町大里甲２６８１−３", "緯度": 33.269255, "経度": 129.862915, "url": "https://www.iryou.teikyouseido.mhlw.go.jp/znk-web/juminkanja/S2430/initialize?prefCd=41&kikanCd=2415610300&kikanKbn=2", "url2": "http://www.ide-clinic.com/", "内容": "医療法人博洋会井手小児科医院【2:診療所】【診療科目:小児科】佐賀県伊万里市二里町大里甲２６８１−３" }, "geometry": { "type": "Point", "coordinates": [ 129.862915, 33.269255 ] } },
{ "type": "Feature", "properties": { "ID": 4122415610560, "正式名称": "馬渡クリニック", "機関区分": 2, "都道府県コード": 41, "市区町村コード": 401, "所在地": "佐賀県西松浦郡有田町本町丙１０８０番地１", "緯度": 33.182199, "経度": 129.884351, "url": "https://www.iryou.teikyouseido.mhlw.go.jp/znk-web/juminkanja/S2430/initialize?prefCd=41&kikanCd=2415610560&kikanKbn=2", "url2": "http://www.mawatari-medical.jp/", "内容": "馬渡クリニック【2:診療所】【診療科目:内科_消化器内科】佐賀県西松浦郡有田町本町丙１０８０番地１" }, "geometry": { "type": "Point", "coordinates": [ 129.884351, 33.182199 ] } },
{ "type": "Feature", "properties": { "ID": 4122415610980, "正式名称": "おぜきホームクリニック", "機関区分": 2, "都道府県コード": 41, "市区町村コード": 205, "所在地": "佐賀県伊万里市蓮池町５８番地", "緯度": 33.272404, "経度": 129.87432, "url": "https://www.iryou.teikyouseido.mhlw.go.jp/znk-web/juminkanja/S2430/initialize?prefCd=41&kikanCd=2415610980&kikanKbn=2", "url2": null, "内容": "おぜきホームクリニック【2:診療所】【診療科目:内科_外科_在宅医療】佐賀県伊万里市蓮池町５８番地" }, "geometry": { "type": "Point", "coordinates": [ 129.87432, 33.272404 ] } },
{ "type": "Feature", "properties": { "ID": 4122415611570, "正式名称": "星のライフクリニック", "機関区分": 2, "都道府県コード": 41, "市区町村コード": 205, "所在地": "佐賀県伊万里市南波多町井手野２４３８ー１", "緯度": 33.310639, "経度": 129.928235, "url": "https://www.iryou.teikyouseido.mhlw.go.jp/znk-web/juminkanja/S2430/initialize?prefCd=41&kikanCd=2415611570&kikanKbn=2", "url2": null, "内容": "星のライフクリニック【2:診療所】【診療科目:内科_ペインクリニック内科_緩和ケア内科_救急科_麻酔科】佐賀県伊万里市南波多町井手野２４３８ー１" }, "geometry": { "type": "Point", "coordinates": [ 129.928235, 33.310639 ] } },
{ "type": "Feature", "properties": { "ID": 4122415611600, "正式名称": "けがと痛みのクリニック", "機関区分": 2, "都道府県コード": 41, "市区町村コード": 401, "所在地": "佐賀県西松浦郡有田町本町丙７８４－１０", "緯度": 33.186032, "経度": 129.874298, "url": "https://www.iryou.teikyouseido.mhlw.go.jp/znk-web/juminkanja/S2430/initialize?prefCd=41&kikanCd=2415611600&kikanKbn=2", "url2": "https://kegatoitami.com", "内容": "けがと痛みのクリニック【2:診療所】【診療科目:内科_ペインクリニック外科_整形外科_リハビリテーション科_麻酔科】佐賀県西松浦郡有田町本町丙７８４－１０" }, "geometry": { "type": "Point", "coordinates": [ 129.874298, 33.186032 ] } },
{ "type": "Feature", "properties": { "ID": 4122415611730, "正式名称": "医療法人小島医院", "機関区分": 2, "都道府県コード": 41, "市区町村コード": 205, "所在地": "佐賀県伊万里市波多津町辻５４４１", "緯度": 33.373194, "経度": 129.870289, "url": "https://www.iryou.teikyouseido.mhlw.go.jp/znk-web/juminkanja/S2430/initialize?prefCd=41&kikanCd=2415611730&kikanKbn=2", "url2": "https://k-iin.com/", "内容": "医療法人小島医院【2:診療所】【診療科目:内科_胃腸内科_小児科】佐賀県伊万里市波多津町辻５４４１" }, "geometry": { "type": "Point", "coordinates": [ 129.870289, 33.373194 ] } },
{ "type": "Feature", "properties": { "ID": 4122415611860, "正式名称": "こうすけ整形外科", "機関区分": 2, "都道府県コード": 41, "市区町村コード": 205, "所在地": "佐賀県伊万里市二里町八谷搦１０６０", "緯度": 33.276735, "経度": 129.869443, "url": "https://www.iryou.teikyouseido.mhlw.go.jp/znk-web/juminkanja/S2430/initialize?prefCd=41&kikanCd=2415611860&kikanKbn=2", "url2": "https://k-seikei.net/", "内容": "こうすけ整形外科【2:診療所】【診療科目:整形外科_リハビリテーション科】佐賀県伊万里市二里町八谷搦１０６０" }, "geometry": { "type": "Point", "coordinates": [ 129.869443, 33.276735 ] } },
{ "type": "Feature", "properties": { "ID": 4122415700360, "正式名称": "医療法人貝原医院", "機関区分": 2, "都道府県コード": 41, "市区町村コード": 206, "所在地": "佐賀県武雄市武雄町武雄８００７", "緯度": 33.192524, "経度": 130.018957, "url": "https://www.iryou.teikyouseido.mhlw.go.jp/znk-web/juminkanja/S2430/initialize?prefCd=41&kikanCd=2415700360&kikanKbn=2", "url2": null, "内容": "医療法人貝原医院【2:診療所】【診療科目:内科_循環器内科】佐賀県武雄市武雄町武雄８００７" }, "geometry": { "type": "Point", "coordinates": [ 130.018957, 33.192524 ] } },
{ "type": "Feature", "properties": { "ID": 4122415700490, "正式名称": "医療法人古賀内科医院", "機関区分": 2, "都道府県コード": 41, "市区町村コード": 206, "所在地": "佐賀県武雄市武雄町富岡１１５３４－２", "緯度": 33.202078, "経度": 130.028205, "url": "https://www.iryou.teikyouseido.mhlw.go.jp/znk-web/juminkanja/S2430/initialize?prefCd=41&kikanCd=2415700490&kikanKbn=2", "url2": null, "内容": "医療法人古賀内科医院【2:診療所】【診療科目:内科_呼吸器内科_循環器内科_消化器内科_小児科_放射線科】佐賀県武雄市武雄町富岡１１５３４－２" }, "geometry": { "type": "Point", "coordinates": [ 130.028205, 33.202078 ] } },
{ "type": "Feature", "properties": { "ID": 4122415700520, "正式名称": "清水医院", "機関区分": 2, "都道府県コード": 41, "市区町村コード": 206, "所在地": "佐賀県武雄市武雄町大字富岡７４５４ー１", "緯度": 33.198467, "経度": 130.015457, "url": "https://www.iryou.teikyouseido.mhlw.go.jp/znk-web/juminkanja/S2430/initialize?prefCd=41&kikanCd=2415700520&kikanKbn=2", "url2": "http://shimizuiin-kampo.com/", "内容": "清水医院【2:診療所】【診療科目:内科_漢方内科_産婦人科_アレルギー科】佐賀県武雄市武雄町大字富岡７４５４ー１" }, "geometry": { "type": "Point", "coordinates": [ 130.015457, 33.198467 ] } },
{ "type": "Feature", "properties": { "ID": 4122415702120, "正式名称": "医療法人　緑森会　森皮ふ科泌尿器科", "機関区分": 2, "都道府県コード": 41, "市区町村コード": 206, "所在地": "佐賀県武雄市武雄町大字武雄５６２７番地１４", "緯度": 33.190718, "経度": 130.014151, "url": "https://www.iryou.teikyouseido.mhlw.go.jp/znk-web/juminkanja/S2430/initialize?prefCd=41&kikanCd=2415702120&kikanKbn=2", "url2": "https://www.m-hifuka.com/", "内容": "医療法人　緑森会　森皮ふ科泌尿器科【2:診療所】【診療科目:皮膚科_泌尿器科】佐賀県武雄市武雄町大字武雄５６２７番地１４" }, "geometry": { "type": "Point", "coordinates": [ 130.014151, 33.190718 ] } },
{ "type": "Feature", "properties": { "ID": 4122415702700, "正式名称": "佛坂医院", "機関区分": 2, "都道府県コード": 41, "市区町村コード": 206, "所在地": "佐賀県武雄市山内町三間坂１３２０２－１", "緯度": 33.194911, "経度": 129.95149, "url": "https://www.iryou.teikyouseido.mhlw.go.jp/znk-web/juminkanja/S2430/initialize?prefCd=41&kikanCd=2415702700&kikanKbn=2", "url2": null, "内容": "佛坂医院【2:診療所】【診療科目:内科_消化器内科_耳鼻いんこう科】佐賀県武雄市山内町三間坂１３２０２－１" }, "geometry": { "type": "Point", "coordinates": [ 129.95149, 33.194911 ] } },
{ "type": "Feature", "properties": { "ID": 4122415703130, "正式名称": "医療法人慈慶会　八木産婦人科", "機関区分": 2, "都道府県コード": 41, "市区町村コード": 206, "所在地": "佐賀県武雄市北方町大崎１１２１", "緯度": 33.220493, "経度": 130.058452, "url": "https://www.iryou.teikyouseido.mhlw.go.jp/znk-web/juminkanja/S2430/initialize?prefCd=41&kikanCd=2415703130&kikanKbn=2", "url2": "http://www.yatsuki.jp/", "内容": "医療法人慈慶会　八木産婦人科【2:診療所】【診療科目:小児科_産科_婦人科】佐賀県武雄市北方町大崎１１２１" }, "geometry": { "type": "Point", "coordinates": [ 130.058452, 33.220493 ] } },
{ "type": "Feature", "properties": { "ID": 4122415703420, "正式名称": "医療法人戸原内科", "機関区分": 2, "都道府県コード": 41, "市区町村コード": 423, "所在地": "佐賀県杵島郡大町町福母４０４－６", "緯度": 33.213606, "経度": 130.106337, "url": "https://www.iryou.teikyouseido.mhlw.go.jp/znk-web/juminkanja/S2430/initialize?prefCd=41&kikanCd=2415703420&kikanKbn=2", "url2": "http://nttbj.itp.ne.jp/0952822051/index.html", "内容": "医療法人戸原内科【2:診療所】【診療科目:内科_呼吸器内科_循環器内科_消化器内科_肝臓内科_漢方内科_小児科_皮膚科_健康診断】佐賀県杵島郡大町町福母４０４－６" }, "geometry": { "type": "Point", "coordinates": [ 130.106337, 33.213606 ] } },
{ "type": "Feature", "properties": { "ID": 4122415703710, "正式名称": "川崎整形外科医院", "機関区分": 2, "都道府県コード": 41, "市区町村コード": 423, "所在地": "佐賀県杵島郡大町町福母２５６１－４", "緯度": 33.2188, "経度": 130.108364, "url": "https://www.iryou.teikyouseido.mhlw.go.jp/znk-web/juminkanja/S2430/initialize?prefCd=41&kikanCd=2415703710&kikanKbn=2", "url2": null, "内容": "川崎整形外科医院【2:診療所】【診療科目:整形外科_リウマチ科_リハビリテーション科】佐賀県杵島郡大町町福母２５６１－４" }, "geometry": { "type": "Point", "coordinates": [ 130.108364, 33.2188 ] } },
{ "type": "Feature", "properties": { "ID": 4122415704010, "正式名称": "医療法人回春堂　有明医院", "機関区分": 2, "都道府県コード": 41, "市区町村コード": 425, "所在地": "佐賀県杵島郡白石町築切８５１", "緯度": 33.166695, "経度": 130.14539, "url": "https://www.iryou.teikyouseido.mhlw.go.jp/znk-web/juminkanja/S2430/initialize?prefCd=41&kikanCd=2415704010&kikanKbn=2", "url2": "https://www.ariake-iin.com", "内容": "医療法人回春堂　有明医院【2:診療所】【診療科目:内科_消化器内科_胃腸内科_外科_肛門外科_禁煙外来】佐賀県杵島郡白石町築切８５１" }, "geometry": { "type": "Point", "coordinates": [ 130.14539, 33.166695 ] } },
{ "type": "Feature", "properties": { "ID": 4122415704850, "正式名称": "重村医院", "機関区分": 2, "都道府県コード": 41, "市区町村コード": 425, "所在地": "佐賀県杵島郡白石町廿治１５１０", "緯度": 33.179361, "経度": 130.13678, "url": "https://www.iryou.teikyouseido.mhlw.go.jp/znk-web/juminkanja/S2430/initialize?prefCd=41&kikanCd=2415704850&kikanKbn=2", "url2": null, "内容": "重村医院【2:診療所】【診療科目:内科_外科_小児科】佐賀県杵島郡白石町廿治１５１０" }, "geometry": { "type": "Point", "coordinates": [ 130.13678, 33.179361 ] } },
{ "type": "Feature", "properties": { "ID": 4122415704980, "正式名称": "副島医院", "機関区分": 2, "都道府県コード": 41, "市区町村コード": 425, "所在地": "佐賀県杵島郡白石町堤１４６８", "緯度": 33.181443, "経度": 130.105893, "url": "https://www.iryou.teikyouseido.mhlw.go.jp/znk-web/juminkanja/S2430/initialize?prefCd=41&kikanCd=2415704980&kikanKbn=2", "url2": null, "内容": "副島医院【2:診療所】【診療科目:内科_循環器内科_小児科】佐賀県杵島郡白石町堤１４６８" }, "geometry": { "type": "Point", "coordinates": [ 130.105893, 33.181443 ] } },
{ "type": "Feature", "properties": { "ID": 4122415705600, "正式名称": "原田内科医院", "機関区分": 2, "都道府県コード": 41, "市区町村コード": 425, "所在地": "佐賀県杵島郡白石町大字福富１８２７", "緯度": 33.183889, "経度": 130.184275, "url": "https://www.iryou.teikyouseido.mhlw.go.jp/znk-web/juminkanja/S2430/initialize?prefCd=41&kikanCd=2415705600&kikanKbn=2", "url2": "https://haradanaikaiin.jp", "内容": "原田内科医院【2:診療所】【診療科目:内科_消化器内科_胃腸内科】佐賀県杵島郡白石町大字福富１８２７" }, "geometry": { "type": "Point", "coordinates": [ 130.184275, 33.183889 ] } },
{ "type": "Feature", "properties": { "ID": 4122415706160, "正式名称": "溝口医院", "機関区分": 2, "都道府県コード": 41, "市区町村コード": 425, "所在地": "佐賀県杵島郡白石町戸ケ里１７８０", "緯度": 33.153502, "経度": 130.124726, "url": "https://www.iryou.teikyouseido.mhlw.go.jp/znk-web/juminkanja/S2430/initialize?prefCd=41&kikanCd=2415706160&kikanKbn=2", "url2": null, "内容": "溝口医院【2:診療所】【診療科目:内科_神経内科_リハビリテーション科】佐賀県杵島郡白石町戸ケ里１７８０" }, "geometry": { "type": "Point", "coordinates": [ 130.124726, 33.153502 ] } },
{ "type": "Feature", "properties": { "ID": 4122415706290, "正式名称": "森外科医院", "機関区分": 2, "都道府県コード": 41, "市区町村コード": 425, "所在地": "佐賀県杵島郡白石町戸ケ里１８１１", "緯度": 33.152555, "経度": 130.124364, "url": "https://www.iryou.teikyouseido.mhlw.go.jp/znk-web/juminkanja/S2430/initialize?prefCd=41&kikanCd=2415706290&kikanKbn=2", "url2": "http://morigeka.net", "内容": "森外科医院【2:診療所】【診療科目:内科_糖尿病・内分泌内科_消化器内科_肝臓内科_漢方内科_ペインクリニック内科_外科_肝臓・胆のう・膵臓外科_肛門外科_整形外科_麻酔科_禁煙外来、健診、人間ドック】佐賀県杵島郡白石町戸ケ里１８１１" }, "geometry": { "type": "Point", "coordinates": [ 130.124364, 33.152555 ] } },
{ "type": "Feature", "properties": { "ID": 4122415707200, "正式名称": "かたふち産婦人科", "機関区分": 2, "都道府県コード": 41, "市区町村コード": 425, "所在地": "佐賀県杵島郡白石町廿治１０６５ー１２", "緯度": 33.180055, "経度": 130.140807, "url": "https://www.iryou.teikyouseido.mhlw.go.jp/znk-web/juminkanja/S2430/initialize?prefCd=41&kikanCd=2415707200&kikanKbn=2", "url2": "http://www.katafuchi.jp/", "内容": "かたふち産婦人科【2:診療所】【診療科目:産婦人科】佐賀県杵島郡白石町廿治１０６５ー１２" }, "geometry": { "type": "Point", "coordinates": [ 130.140807, 33.180055 ] } },
{ "type": "Feature", "properties": { "ID": 4122415707330, "正式名称": "酒井眼科医院", "機関区分": 2, "都道府県コード": 41, "市区町村コード": 206, "所在地": "佐賀県武雄市武雄町永島１３２４９ー４", "緯度": 33.193496, "経度": 130.032011, "url": "https://www.iryou.teikyouseido.mhlw.go.jp/znk-web/juminkanja/S2430/initialize?prefCd=41&kikanCd=2415707330&kikanKbn=2", "url2": "https://www.sakai-eye.net", "内容": "酒井眼科医院【2:診療所】【診療科目:眼科】佐賀県武雄市武雄町永島１３２４９ー４" }, "geometry": { "type": "Point", "coordinates": [ 130.032011, 33.193496 ] } },
{ "type": "Feature", "properties": { "ID": 4122415707620, "正式名称": "医療法人北士会北川眼科", "機関区分": 2, "都道府県コード": 41, "市区町村コード": 206, "所在地": "佐賀県武雄市武雄町昭和１５９", "緯度": 33.19094, "経度": 130.026261, "url": "https://www.iryou.teikyouseido.mhlw.go.jp/znk-web/juminkanja/S2430/initialize?prefCd=41&kikanCd=2415707620&kikanKbn=2", "url2": "http://kitagawaganka.jp/", "内容": "医療法人北士会北川眼科【2:診療所】【診療科目:眼科】佐賀県武雄市武雄町昭和１５９" }, "geometry": { "type": "Point", "coordinates": [ 130.026261, 33.19094 ] } },
{ "type": "Feature", "properties": { "ID": 4122415707750, "正式名称": "いけがみ内科クリニック", "機関区分": 2, "都道府県コード": 41, "市区町村コード": 425, "所在地": "佐賀県杵島郡白石町福富１４１８", "緯度": 33.181778, "経度": 130.188164, "url": "https://www.iryou.teikyouseido.mhlw.go.jp/znk-web/juminkanja/S2430/initialize?prefCd=41&kikanCd=2415707750&kikanKbn=2", "url2": "https://ikegaminaikaclinic.com", "内容": "いけがみ内科クリニック【2:診療所】【診療科目:内科_消化器内科_小児科】佐賀県杵島郡白石町福富１４１８" }, "geometry": { "type": "Point", "coordinates": [ 130.188164, 33.181778 ] } },
{ "type": "Feature", "properties": { "ID": 4122415707880, "正式名称": "医療法人雄邦会　こばやしクリニック", "機関区分": 2, "都道府県コード": 41, "市区町村コード": 206, "所在地": "佐賀県武雄市若木町大字川古７５１１ー３", "緯度": 33.250794, "経度": 130.006123, "url": "https://www.iryou.teikyouseido.mhlw.go.jp/znk-web/juminkanja/S2430/initialize?prefCd=41&kikanCd=2415707880&kikanKbn=2", "url2": "http://www.ufokai.com/", "内容": "医療法人雄邦会　こばやしクリニック【2:診療所】【診療科目:内科_小児科_人工透析_リハビリテーション科_訪問リハビリテーション】佐賀県武雄市若木町大字川古７５１１ー３" }, "geometry": { "type": "Point", "coordinates": [ 130.006123, 33.250794 ] } },
{ "type": "Feature", "properties": { "ID": 4122415708050, "正式名称": "医療法人野口眼科医院", "機関区分": 2, "都道府県コード": 41, "市区町村コード": 424, "所在地": "佐賀県杵島郡江北町山口１３５５ー７", "緯度": 33.217579, "経度": 130.161582, "url": "https://www.iryou.teikyouseido.mhlw.go.jp/znk-web/juminkanja/S2430/initialize?prefCd=41&kikanCd=2415708050&kikanKbn=2", "url2": null, "内容": "医療法人野口眼科医院【2:診療所】【診療科目:眼科】佐賀県杵島郡江北町山口１３５５ー７" }, "geometry": { "type": "Point", "coordinates": [ 130.161582, 33.217579 ] } },
{ "type": "Feature", "properties": { "ID": 4122415708340, "正式名称": "カタフチ医院", "機関区分": 2, "都道府県コード": 41, "市区町村コード": 425, "所在地": "佐賀県杵島郡白石町福富３２１３ー１", "緯度": 33.195193, "経度": 130.191996, "url": "https://www.iryou.teikyouseido.mhlw.go.jp/znk-web/juminkanja/S2430/initialize?prefCd=41&kikanCd=2415708340&kikanKbn=2", "url2": null, "内容": "カタフチ医院【2:診療所】【診療科目:内科_循環器内科_胃腸内科_小児科_リハビリテーション科】佐賀県杵島郡白石町福富３２１３ー１" }, "geometry": { "type": "Point", "coordinates": [ 130.191996, 33.195193 ] } },
{ "type": "Feature", "properties": { "ID": 4122415708760, "正式名称": "野口脳神経外科", "機関区分": 2, "都道府県コード": 41, "市区町村コード": 206, "所在地": "佐賀県武雄市武雄町大字昭和３１０", "緯度": 33.192885, "経度": 130.027845, "url": "https://www.iryou.teikyouseido.mhlw.go.jp/znk-web/juminkanja/S2430/initialize?prefCd=41&kikanCd=2415708760&kikanKbn=2", "url2": null, "内容": "野口脳神経外科【2:診療所】【診療科目:脳神経内科_神経内科_脳神経外科_リハビリテーション科】佐賀県武雄市武雄町大字昭和３１０" }, "geometry": { "type": "Point", "coordinates": [ 130.027845, 33.192885 ] } },
{ "type": "Feature", "properties": { "ID": 4122415708890, "正式名称": "医療法人ニコークリニック", "機関区分": 2, "都道府県コード": 41, "市区町村コード": 206, "所在地": "佐賀県武雄市北方町志久１５７４", "緯度": 33.219577, "経度": 130.067785, "url": "https://www.iryou.teikyouseido.mhlw.go.jp/znk-web/juminkanja/S2430/initialize?prefCd=41&kikanCd=2415708890&kikanKbn=2", "url2": "http://www.niko-clinic.or.jp", "内容": "医療法人ニコークリニック【2:診療所】【診療科目:内科_循環器内科_消化器内科_皮膚科】佐賀県武雄市北方町志久１５７４" }, "geometry": { "type": "Point", "coordinates": [ 130.067785, 33.219577 ] } },
{ "type": "Feature", "properties": { "ID": 4122415708920, "正式名称": "武雄地区休日急患センター", "機関区分": 2, "都道府県コード": 41, "市区町村コード": 206, "所在地": "佐賀県武雄市武雄町昭和３００", "緯度": 33.194412, "経度": 130.029317, "url": "https://www.iryou.teikyouseido.mhlw.go.jp/znk-web/juminkanja/S2430/initialize?prefCd=41&kikanCd=2415708920&kikanKbn=2", "url2": null, "内容": "武雄地区休日急患センター【2:診療所】【診療科目:小児科_救急科】佐賀県武雄市武雄町昭和３００" }, "geometry": { "type": "Point", "coordinates": [ 130.029317, 33.194412 ] } },
{ "type": "Feature", "properties": { "ID": 4122415709220, "正式名称": "中島医院", "機関区分": 2, "都道府県コード": 41, "市区町村コード": 206, "所在地": "佐賀県武雄市武雄町富岡８３０９", "緯度": 33.196356, "経度": 130.019345, "url": "https://www.iryou.teikyouseido.mhlw.go.jp/znk-web/juminkanja/S2430/initialize?prefCd=41&kikanCd=2415709220&kikanKbn=2", "url2": null, "内容": "中島医院【2:診療所】【診療科目:内科_循環器内科】佐賀県武雄市武雄町富岡８３０９" }, "geometry": { "type": "Point", "coordinates": [ 130.019345, 33.196356 ] } },
{ "type": "Feature", "properties": { "ID": 4122415709640, "正式名称": "医療法人　つちはし医院", "機関区分": 2, "都道府県コード": 41, "市区町村コード": 206, "所在地": "佐賀県武雄市武雄町昭和７５", "緯度": 33.193274, "経度": 130.024678, "url": "https://www.iryou.teikyouseido.mhlw.go.jp/znk-web/juminkanja/S2430/initialize?prefCd=41&kikanCd=2415709640&kikanKbn=2", "url2": "http://www.tsuchihashi-med.com/", "内容": "医療法人　つちはし医院【2:診療所】【診療科目:内科_糖尿病内科_胃腸内科_外科_肛門外科_リハビリテーション科_麻酔科】佐賀県武雄市武雄町昭和７５" }, "geometry": { "type": "Point", "coordinates": [ 130.024678, 33.193274 ] } },
{ "type": "Feature", "properties": { "ID": 4122415800680, "正式名称": "医療法人　好生堂　下河辺眼科医院", "機関区分": 2, "都道府県コード": 41, "市区町村コード": 207, "所在地": "佐賀県鹿島市中村１４９ー１", "緯度": 33.117228, "経度": 130.095424, "url": "https://www.iryou.teikyouseido.mhlw.go.jp/znk-web/juminkanja/S2430/initialize?prefCd=41&kikanCd=2415800680&kikanKbn=2", "url2": "https://www.shimokawabe-fairy.com/", "内容": "医療法人　好生堂　下河辺眼科医院【2:診療所】【診療科目:眼科】佐賀県鹿島市中村１４９ー１" }, "geometry": { "type": "Point", "coordinates": [ 130.095424, 33.117228 ] } },
{ "type": "Feature", "properties": { "ID": 4122415801140, "正式名称": "稗田産婦人科クリニック", "機関区分": 2, "都道府県コード": 41, "市区町村コード": 207, "所在地": "佐賀県鹿島市高津原４０４５ー２", "緯度": 33.114569, "経度": 130.095957, "url": "https://www.iryou.teikyouseido.mhlw.go.jp/znk-web/juminkanja/S2430/initialize?prefCd=41&kikanCd=2415801140&kikanKbn=2", "url2": "http://www.hiyeda-sanka.com", "内容": "稗田産婦人科クリニック【2:診療所】【診療科目:産婦人科】佐賀県鹿島市高津原４０４５ー２" }, "geometry": { "type": "Point", "coordinates": [ 130.095957, 33.114569 ] } },
{ "type": "Feature", "properties": { "ID": 4122415801300, "正式名称": "ホロス　光武クリニック", "機関区分": 2, "都道府県コード": 41, "市区町村コード": 207, "所在地": "佐賀県鹿島市納富分２９３８", "緯度": 33.103591, "経度": 130.102785, "url": "https://www.iryou.teikyouseido.mhlw.go.jp/znk-web/juminkanja/S2430/initialize?prefCd=41&kikanCd=2415801300&kikanKbn=2", "url2": "http://www.holos-mitsutakeclinic.jp", "内容": "ホロス　光武クリニック【2:診療所】【診療科目:内科_婦人科_プラセンタ治療】佐賀県鹿島市納富分２９３８" }, "geometry": { "type": "Point", "coordinates": [ 130.102785, 33.103591 ] } },
{ "type": "Feature", "properties": { "ID": 4122415801430, "正式名称": "医療法人社団森田医院", "機関区分": 2, "都道府県コード": 41, "市区町村コード": 207, "所在地": "佐賀県鹿島市納富分４０７６－３", "緯度": 33.09898, "経度": 130.108868, "url": "https://www.iryou.teikyouseido.mhlw.go.jp/znk-web/juminkanja/S2430/initialize?prefCd=41&kikanCd=2415801430&kikanKbn=2", "url2": null, "内容": "医療法人社団森田医院【2:診療所】【診療科目:内科_外科_禁煙外来】佐賀県鹿島市納富分４０７６－３" }, "geometry": { "type": "Point", "coordinates": [ 130.108868, 33.09898 ] } },
{ "type": "Feature", "properties": { "ID": 4122415801560, "正式名称": "医療法人　芳山堂　薬師寺医院", "機関区分": 2, "都道府県コード": 41, "市区町村コード": 207, "所在地": "佐賀県鹿島市浜町１２８０番地１", "緯度": 33.094466, "経度": 130.112823, "url": "https://www.iryou.teikyouseido.mhlw.go.jp/znk-web/juminkanja/S2430/initialize?prefCd=41&kikanCd=2415801560&kikanKbn=2", "url2": "http://yakushiji-clinic.jp/", "内容": "医療法人　芳山堂　薬師寺医院【2:診療所】【診療科目:内科_消化器内科_外科】佐賀県鹿島市浜町１２８０番地１" }, "geometry": { "type": "Point", "coordinates": [ 130.112823, 33.094466 ] } },
{ "type": "Feature", "properties": { "ID": 4122415802280, "正式名称": "医療法人　村山小児科医院", "機関区分": 2, "都道府県コード": 41, "市区町村コード": 207, "所在地": "佐賀県鹿島市高津原３６０８", "緯度": 33.110173, "経度": 130.092563, "url": "https://www.iryou.teikyouseido.mhlw.go.jp/znk-web/juminkanja/S2430/initialize?prefCd=41&kikanCd=2415802280&kikanKbn=2", "url2": "https://www.murayama-kids.com", "内容": "医療法人　村山小児科医院【2:診療所】【診療科目:小児科】佐賀県鹿島市高津原３６０８" }, "geometry": { "type": "Point", "coordinates": [ 130.092563, 33.110173 ] } },
{ "type": "Feature", "properties": { "ID": 4122415802310, "正式名称": "鹿島市休日こどもクリニック", "機関区分": 2, "都道府県コード": 41, "市区町村コード": 207, "所在地": "佐賀県鹿島市大字高津原８１３番地", "緯度": 33.108034, "経度": 130.09223, "url": "https://www.iryou.teikyouseido.mhlw.go.jp/znk-web/juminkanja/S2430/initialize?prefCd=41&kikanCd=2415802310&kikanKbn=2", "url2": "http://www.kf-med.or.jp", "内容": "鹿島市休日こどもクリニック【2:診療所】【診療科目:小児科】佐賀県鹿島市大字高津原８１３番地" }, "geometry": { "type": "Point", "coordinates": [ 130.09223, 33.108034 ] } },
{ "type": "Feature", "properties": { "ID": 4122415803900, "正式名称": "医療法人田中医院", "機関区分": 2, "都道府県コード": 41, "市区町村コード": 209, "所在地": "佐賀県嬉野市嬉野町下宿乙２３５３番地１３", "緯度": 33.101236, "経度": 129.991733, "url": "https://www.iryou.teikyouseido.mhlw.go.jp/znk-web/juminkanja/S2430/initialize?prefCd=41&kikanCd=2415803900&kikanKbn=2", "url2": null, "内容": "医療法人田中医院【2:診療所】【診療科目:内科_呼吸器内科_胃腸内科_小児科】佐賀県嬉野市嬉野町下宿乙２３５３番地１３" }, "geometry": { "type": "Point", "coordinates": [ 129.991733, 33.101236 ] } },
{ "type": "Feature", "properties": { "ID": 4122415804040, "正式名称": "医療法人　朝長医院", "機関区分": 2, "都道府県コード": 41, "市区町村コード": 209, "所在地": "佐賀県嬉野市嬉野町下宿乙２１８８", "緯度": 33.096784, "経度": 129.984073, "url": "https://www.iryou.teikyouseido.mhlw.go.jp/znk-web/juminkanja/S2430/initialize?prefCd=41&kikanCd=2415804040&kikanKbn=2", "url2": "https://tomonaga-iin.com", "内容": "医療法人　朝長医院【2:診療所】【診療科目:内科_消化器内科】佐賀県嬉野市嬉野町下宿乙２１８８" }, "geometry": { "type": "Point", "coordinates": [ 129.984073, 33.096784 ] } },
{ "type": "Feature", "properties": { "ID": 4122415804170, "正式名称": "医療法人　野中医院", "機関区分": 2, "都道府県コード": 41, "市区町村コード": 209, "所在地": "佐賀県嬉野市嬉野町吉田丁４６５３", "緯度": 33.082203, "経度": 130.018848, "url": "https://www.iryou.teikyouseido.mhlw.go.jp/znk-web/juminkanja/S2430/initialize?prefCd=41&kikanCd=2415804170&kikanKbn=2", "url2": null, "内容": "医療法人　野中医院【2:診療所】【診療科目:内科_糖尿病内科_循環器内科_胃腸内科_小児科】佐賀県嬉野市嬉野町吉田丁４６５３" }, "geometry": { "type": "Point", "coordinates": [ 130.018848, 33.082203 ] } },
{ "type": "Feature", "properties": { "ID": 4122415804200, "正式名称": "医療法人優健会樋口医院", "機関区分": 2, "都道府県コード": 41, "市区町村コード": 209, "所在地": "佐賀県嬉野市嬉野町下宿甲１７４０－１", "緯度": 33.119809, "経度": 130.003988, "url": "https://www.iryou.teikyouseido.mhlw.go.jp/znk-web/juminkanja/S2430/initialize?prefCd=41&kikanCd=2415804200&kikanKbn=2", "url2": "https://higuchi-iin.jp/", "内容": "医療法人優健会樋口医院【2:診療所】【診療科目:内科_小児科】佐賀県嬉野市嬉野町下宿甲１７４０－１" }, "geometry": { "type": "Point", "coordinates": [ 130.003988, 33.119809 ] } },
{ "type": "Feature", "properties": { "ID": 4122415804330, "正式名称": "福田医院", "機関区分": 2, "都道府県コード": 41, "市区町村コード": 209, "所在地": "佐賀県嬉野市嬉野町下宿乙２３１５ー２", "緯度": 33.095562, "経度": 129.978268, "url": "https://www.iryou.teikyouseido.mhlw.go.jp/znk-web/juminkanja/S2430/initialize?prefCd=41&kikanCd=2415804330&kikanKbn=2", "url2": null, "内容": "福田医院【2:診療所】【診療科目:内科_漢方内科】佐賀県嬉野市嬉野町下宿乙２３１５ー２" }, "geometry": { "type": "Point", "coordinates": [ 129.978268, 33.095562 ] } },
{ "type": "Feature", "properties": { "ID": 4122415804590, "正式名称": "森医院", "機関区分": 2, "都道府県コード": 41, "市区町村コード": 209, "所在地": "佐賀県嬉野市嬉野町下宿乙５４３番地１", "緯度": 33.09995, "経度": 129.987406, "url": "https://www.iryou.teikyouseido.mhlw.go.jp/znk-web/juminkanja/S2430/initialize?prefCd=41&kikanCd=2415804590&kikanKbn=2", "url2": null, "内容": "森医院【2:診療所】【診療科目:内科_小児科】佐賀県嬉野市嬉野町下宿乙５４３番地１" }, "geometry": { "type": "Point", "coordinates": [ 129.987406, 33.09995 ] } },
{ "type": "Feature", "properties": { "ID": 4122415804620, "正式名称": "医療法人社団　別府整形外科", "機関区分": 2, "都道府県コード": 41, "市区町村コード": 207, "所在地": "佐賀県鹿島市高津原３５２３－１", "緯度": 33.110479, "経度": 130.088564, "url": "https://www.iryou.teikyouseido.mhlw.go.jp/znk-web/juminkanja/S2430/initialize?prefCd=41&kikanCd=2415804620&kikanKbn=2", "url2": "http://www.beppu-seikei.jp/", "内容": "医療法人社団　別府整形外科【2:診療所】【診療科目:内科_整形外科_リハビリテーション科_麻酔科】佐賀県鹿島市高津原３５２３－１" }, "geometry": { "type": "Point", "coordinates": [ 130.088564, 33.110479 ] } },
{ "type": "Feature", "properties": { "ID": 4122415805180, "正式名称": "医療法人光武医院", "機関区分": 2, "都道府県コード": 41, "市区町村コード": 209, "所在地": "佐賀県嬉野市塩田町大字馬場下甲７３９", "緯度": 33.129393, "経度": 130.059732, "url": "https://www.iryou.teikyouseido.mhlw.go.jp/znk-web/juminkanja/S2430/initialize?prefCd=41&kikanCd=2415805180&kikanKbn=2", "url2": null, "内容": "医療法人光武医院【2:診療所】【診療科目:内科_消化器内科】佐賀県嬉野市塩田町大字馬場下甲７３９" }, "geometry": { "type": "Point", "coordinates": [ 130.059732, 33.129393 ] } },
{ "type": "Feature", "properties": { "ID": 4122415805210, "正式名称": "西村医院", "機関区分": 2, "都道府県コード": 41, "市区町村コード": 209, "所在地": "佐賀県嬉野市塩田町馬場下甲１４９８", "緯度": 33.12817, "経度": 130.056622, "url": "https://www.iryou.teikyouseido.mhlw.go.jp/znk-web/juminkanja/S2430/initialize?prefCd=41&kikanCd=2415805210&kikanKbn=2", "url2": null, "内容": "西村医院【2:診療所】【診療科目:内科_小児科_放射線科】佐賀県嬉野市塩田町馬場下甲１４９８" }, "geometry": { "type": "Point", "coordinates": [ 130.056622, 33.12817 ] } },
{ "type": "Feature", "properties": { "ID": 4122415805760, "正式名称": "緒方医院", "機関区分": 2, "都道府県コード": 41, "市区町村コード": 441, "所在地": "佐賀県藤津郡太良町大字大浦丁３６９番地２", "緯度": 32.974135, "経度": 130.20489, "url": "https://www.iryou.teikyouseido.mhlw.go.jp/znk-web/juminkanja/S2430/initialize?prefCd=41&kikanCd=2415805760&kikanKbn=2", "url2": null, "内容": "緒方医院【2:診療所】【診療科目:内科_小児科_皮膚科】佐賀県藤津郡太良町大字大浦丁３６９番地２" }, "geometry": { "type": "Point", "coordinates": [ 130.20489, 32.974135 ] } },
{ "type": "Feature", "properties": { "ID": 4122415805890, "正式名称": "医療法人太田医院", "機関区分": 2, "都道府県コード": 41, "市区町村コード": 209, "所在地": "佐賀県嬉野市嬉野町岩屋川内甲７７－１", "緯度": 33.094284, "経度": 129.986129, "url": "https://www.iryou.teikyouseido.mhlw.go.jp/znk-web/juminkanja/S2430/initialize?prefCd=41&kikanCd=2415805890&kikanKbn=2", "url2": null, "内容": "医療法人太田医院【2:診療所】【診療科目:内科_小児科_人工透析】佐賀県嬉野市嬉野町岩屋川内甲７７－１" }, "geometry": { "type": "Point", "coordinates": [ 129.986129, 33.094284 ] } },
{ "type": "Feature", "properties": { "ID": 4122415806190, "正式名称": "医療法人　悠池会　池田内科", "機関区分": 2, "都道府県コード": 41, "市区町村コード": 209, "所在地": "佐賀県嬉野市嬉野町下野３９－１", "緯度": 33.126831, "経度": 130.004254, "url": "https://www.iryou.teikyouseido.mhlw.go.jp/znk-web/juminkanja/S2430/initialize?prefCd=41&kikanCd=2415806190&kikanKbn=2", "url2": "http://ikedanaika-cl.jp", "内容": "医療法人　悠池会　池田内科【2:診療所】【診療科目:内科_消化器内科_小児科】佐賀県嬉野市嬉野町下野３９－１" }, "geometry": { "type": "Point", "coordinates": [ 130.004254, 33.126831 ] } },
{ "type": "Feature", "properties": { "ID": 4122415806350, "正式名称": "医療法人高木眼科医院", "機関区分": 2, "都道府県コード": 41, "市区町村コード": 207, "所在地": "佐賀県鹿島市高津原３７６８－１", "緯度": 33.111145, "経度": 130.091674, "url": "https://www.iryou.teikyouseido.mhlw.go.jp/znk-web/juminkanja/S2430/initialize?prefCd=41&kikanCd=2415806350&kikanKbn=2", "url2": null, "内容": "医療法人高木眼科医院【2:診療所】【診療科目:眼科】佐賀県鹿島市高津原３７６８－１" }, "geometry": { "type": "Point", "coordinates": [ 130.091674, 33.111145 ] } },
{ "type": "Feature", "properties": { "ID": 4122415900610, "正式名称": "医療法人源流会橋野医院", "機関区分": 2, "都道府県コード": 41, "市区町村コード": 201, "所在地": "佐賀県佐賀市高木瀬東５ー１７ー１５", "緯度": 33.286074, "経度": 130.297596, "url": "https://www.iryou.teikyouseido.mhlw.go.jp/znk-web/juminkanja/S2430/initialize?prefCd=41&kikanCd=2415900610&kikanKbn=2", "url2": "http://www.hashino-clinic.com", "内容": "医療法人源流会橋野医院【2:診療所】【診療科目:内科_胃腸内科_外科_肛門外科_整形外科_リハビリテーション科_放射線科】佐賀県佐賀市高木瀬東５ー１７ー１５" }, "geometry": { "type": "Point", "coordinates": [ 130.297596, 33.286074 ] } },
{ "type": "Feature", "properties": { "ID": 4122415900740, "正式名称": "医療法人社団諸江内科循環器科医院", "機関区分": 2, "都道府県コード": 41, "市区町村コード": 204, "所在地": "佐賀県多久市北多久町小侍６０４", "緯度": 33.289653, "経度": 130.099113, "url": "https://www.iryou.teikyouseido.mhlw.go.jp/znk-web/juminkanja/S2430/initialize?prefCd=41&kikanCd=2415900740&kikanKbn=2", "url2": "https://www.moroeclinic.com", "内容": "医療法人社団諸江内科循環器科医院【2:診療所】【診療科目:内科_循環器内科】佐賀県多久市北多久町小侍６０４" }, "geometry": { "type": "Point", "coordinates": [ 130.099113, 33.289653 ] } },
{ "type": "Feature", "properties": { "ID": 4122415900870, "正式名称": "東与賀大塚医院", "機関区分": 2, "都道府県コード": 41, "市区町村コード": 201, "所在地": "佐賀県佐賀市東与賀町下古賀１３４９番地", "緯度": 33.200555, "経度": 130.292626, "url": "https://www.iryou.teikyouseido.mhlw.go.jp/znk-web/juminkanja/S2430/initialize?prefCd=41&kikanCd=2415900870&kikanKbn=2", "url2": null, "内容": "東与賀大塚医院【2:診療所】【診療科目:皮膚科_歯科】佐賀県佐賀市東与賀町下古賀１３４９番地" }, "geometry": { "type": "Point", "coordinates": [ 130.292626, 33.200555 ] } },
{ "type": "Feature", "properties": { "ID": 4122415900900, "正式名称": "医療法人　修和会　村岡内科医院", "機関区分": 2, "都道府県コード": 41, "市区町村コード": 208, "所在地": "佐賀県小城市牛津町牛津７３４番地１", "緯度": 33.244993, "経度": 130.204827, "url": "https://www.iryou.teikyouseido.mhlw.go.jp/znk-web/juminkanja/S2430/initialize?prefCd=41&kikanCd=2415900900&kikanKbn=2", "url2": null, "内容": "医療法人　修和会　村岡内科医院【2:診療所】【診療科目:内科】佐賀県小城市牛津町牛津７３４番地１" }, "geometry": { "type": "Point", "coordinates": [ 130.204827, 33.244993 ] } },
{ "type": "Feature", "properties": { "ID": 4122415901040, "正式名称": "佐賀県精神保健福祉センター", "機関区分": 2, "都道府県コード": 41, "市区町村コード": 208, "所在地": "佐賀県小城市小城町１７８ー９", "緯度": 33.289377, "経度": 130.197466, "url": "https://www.iryou.teikyouseido.mhlw.go.jp/znk-web/juminkanja/S2430/initialize?prefCd=41&kikanCd=2415901040&kikanKbn=2", "url2": "http://www.pref.saga.lg.jp/list02684.html", "内容": "佐賀県精神保健福祉センター【2:診療所】【診療科目:精神科】佐賀県小城市小城町１７８ー９" }, "geometry": { "type": "Point", "coordinates": [ 130.197466, 33.289377 ] } },
{ "type": "Feature", "properties": { "ID": 4122415901170, "正式名称": "医療法人しまだ眼科", "機関区分": 2, "都道府県コード": 41, "市区町村コード": 201, "所在地": "佐賀県佐賀市嘉瀬町扇町２４７７ー１", "緯度": 33.243689, "経度": 130.265905, "url": "https://www.iryou.teikyouseido.mhlw.go.jp/znk-web/juminkanja/S2430/initialize?prefCd=41&kikanCd=2415901170&kikanKbn=2", "url2": "http://www.citydo.com/prf/saga/guide/sg/525000925.html", "内容": "医療法人しまだ眼科【2:診療所】【診療科目:眼科】佐賀県佐賀市嘉瀬町扇町２４７７ー１" }, "geometry": { "type": "Point", "coordinates": [ 130.265905, 33.243689 ] } },
{ "type": "Feature", "properties": { "ID": 4122415901590, "正式名称": "医療法人　中尾医院", "機関区分": 2, "都道府県コード": 41, "市区町村コード": 201, "所在地": "佐賀県佐賀市中央本町１－２２", "緯度": 33.253133, "経度": 130.300402, "url": "https://www.iryou.teikyouseido.mhlw.go.jp/znk-web/juminkanja/S2430/initialize?prefCd=41&kikanCd=2415901590&kikanKbn=2", "url2": "http://www.nakao-c.com", "内容": "医療法人　中尾医院【2:診療所】【診療科目:内科_皮膚科_泌尿器科_リウマチ科】佐賀県佐賀市中央本町１－２２" }, "geometry": { "type": "Point", "coordinates": [ 130.300402, 33.253133 ] } },
{ "type": "Feature", "properties": { "ID": 4122415901620, "正式名称": "ごとう整形外科皮ふ科クリニック", "機関区分": 2, "都道府県コード": 41, "市区町村コード": 201, "所在地": "佐賀県佐賀市木原２ー１７ー９", "緯度": 33.244662, "経度": 130.322261, "url": "https://www.iryou.teikyouseido.mhlw.go.jp/znk-web/juminkanja/S2430/initialize?prefCd=41&kikanCd=2415901620&kikanKbn=2", "url2": "http://www.g-clinic.com", "内容": "ごとう整形外科皮ふ科クリニック【2:診療所】【診療科目:整形外科_皮膚科_アレルギー科_リウマチ科_リハビリテーション科】佐賀県佐賀市木原２ー１７ー９" }, "geometry": { "type": "Point", "coordinates": [ 130.322261, 33.244662 ] } },
{ "type": "Feature", "properties": { "ID": 4122415901750, "正式名称": "医療法人なかしま整形外科クリニック", "機関区分": 2, "都道府県コード": 41, "市区町村コード": 210, "所在地": "佐賀県神埼市神埼町本堀", "緯度": 33.309045, "経度": 130.380782, "url": "https://www.iryou.teikyouseido.mhlw.go.jp/znk-web/juminkanja/S2430/initialize?prefCd=41&kikanCd=2415901750&kikanKbn=2", "url2": null, "内容": "医療法人なかしま整形外科クリニック【2:診療所】【診療科目:整形外科】佐賀県神埼市神埼町本堀" }, "geometry": { "type": "Point", "coordinates": [ 130.380782, 33.309045 ] } },
{ "type": "Feature", "properties": { "ID": 4122415901880, "正式名称": "こうの医院", "機関区分": 2, "都道府県コード": 41, "市区町村コード": 201, "所在地": "佐賀県佐賀市兵庫南１丁目１２－７", "緯度": 33.262043, "経度": 130.314707, "url": "https://www.iryou.teikyouseido.mhlw.go.jp/znk-web/juminkanja/S2430/initialize?prefCd=41&kikanCd=2415901880&kikanKbn=2", "url2": null, "内容": "こうの医院【2:診療所】【診療科目:内科_消化器内科_胃腸内科_外科_眼科】佐賀県佐賀市兵庫南１丁目１２－７" }, "geometry": { "type": "Point", "coordinates": [ 130.314707, 33.262043 ] } },
{ "type": "Feature", "properties": { "ID": 4122415901910, "正式名称": "医療法人池田内科胃腸科医院", "機関区分": 2, "都道府県コード": 41, "市区町村コード": 204, "所在地": "佐賀県多久市北多久町大字小侍４０番地５号", "緯度": 33.289736, "経度": 130.111687, "url": "https://www.iryou.teikyouseido.mhlw.go.jp/znk-web/juminkanja/S2430/initialize?prefCd=41&kikanCd=2415901910&kikanKbn=2", "url2": null, "内容": "医療法人池田内科胃腸科医院【2:診療所】【診療科目:内科_胃腸内科】佐賀県多久市北多久町大字小侍４０番地５号" }, "geometry": { "type": "Point", "coordinates": [ 130.111687, 33.289736 ] } },
{ "type": "Feature", "properties": { "ID": 4122415902050, "正式名称": "医療法人フルライフパートナーズ　しらみず診療所", "機関区分": 2, "都道府県コード": 41, "市区町村コード": 201, "所在地": "佐賀県佐賀市駅前中央２ー７ー１９", "緯度": 33.267048, "経度": 130.297957, "url": "https://www.iryou.teikyouseido.mhlw.go.jp/znk-web/juminkanja/S2430/initialize?prefCd=41&kikanCd=2415902050&kikanKbn=2", "url2": "http://www.kanpoukouza.com/", "内容": "医療法人フルライフパートナーズ　しらみず診療所【2:診療所】【診療科目:内科_小児科】佐賀県佐賀市駅前中央２ー７ー１９" }, "geometry": { "type": "Point", "coordinates": [ 130.297957, 33.267048 ] } },
{ "type": "Feature", "properties": { "ID": 4122415902180, "正式名称": "黒沢内科医院", "機関区分": 2, "都道府県コード": 41, "市区町村コード": 201, "所在地": "佐賀県佐賀市北川副町光法１５９７", "緯度": 33.234136, "経度": 130.3274, "url": "https://www.iryou.teikyouseido.mhlw.go.jp/znk-web/juminkanja/S2430/initialize?prefCd=41&kikanCd=2415902180&kikanKbn=2", "url2": null, "内容": "黒沢内科医院【2:診療所】【診療科目:内科】佐賀県佐賀市北川副町光法１５９７" }, "geometry": { "type": "Point", "coordinates": [ 130.3274, 33.234136 ] } },
{ "type": "Feature", "properties": { "ID": 4122415902210, "正式名称": "医療法人慈照会　西谷クリニック", "機関区分": 2, "都道府県コード": 41, "市区町村コード": 327, "所在地": "佐賀県神埼郡吉野ヶ里町大曲１５０７ー１", "緯度": 33.338097, "経度": 130.394641, "url": "https://www.iryou.teikyouseido.mhlw.go.jp/znk-web/juminkanja/S2430/initialize?prefCd=41&kikanCd=2415902210&kikanKbn=2", "url2": null, "内容": "医療法人慈照会　西谷クリニック【2:診療所】【診療科目:内科_精神科_心療内科】佐賀県神埼郡吉野ヶ里町大曲１５０７ー１" }, "geometry": { "type": "Point", "coordinates": [ 130.394641, 33.338097 ] } },
{ "type": "Feature", "properties": { "ID": 4122415902470, "正式名称": "龍皮フ科クリニック", "機関区分": 2, "都道府県コード": 41, "市区町村コード": 201, "所在地": "佐賀県佐賀市兵庫南３丁目１ー１", "緯度": 33.263826, "経度": 130.317706, "url": "https://www.iryou.teikyouseido.mhlw.go.jp/znk-web/juminkanja/S2430/initialize?prefCd=41&kikanCd=2415902470&kikanKbn=2", "url2": null, "内容": "龍皮フ科クリニック【2:診療所】【診療科目:皮膚科_アレルギー科】佐賀県佐賀市兵庫南３丁目１ー１" }, "geometry": { "type": "Point", "coordinates": [ 130.317706, 33.263826 ] } },
{ "type": "Feature", "properties": { "ID": 4122415902630, "正式名称": "みつます耳鼻咽喉科", "機関区分": 2, "都道府県コード": 41, "市区町村コード": 327, "所在地": "佐賀県神埼郡吉野ヶ里町吉田２９０６－１", "緯度": 33.331543, "経度": 130.41264, "url": "https://www.iryou.teikyouseido.mhlw.go.jp/znk-web/juminkanja/S2430/initialize?prefCd=41&kikanCd=2415902630&kikanKbn=2", "url2": null, "内容": "みつます耳鼻咽喉科【2:診療所】【診療科目:耳鼻いんこう科_アレルギー科】佐賀県神埼郡吉野ヶ里町吉田２９０６－１" }, "geometry": { "type": "Point", "coordinates": [ 130.41264, 33.331543 ] } },
{ "type": "Feature", "properties": { "ID": 4122415902760, "正式名称": "鶴田眼科医院", "機関区分": 2, "都道府県コード": 41, "市区町村コード": 201, "所在地": "佐賀県佐賀市川副町小々森９６０－１", "緯度": 33.197056, "経度": 130.297959, "url": "https://www.iryou.teikyouseido.mhlw.go.jp/znk-web/juminkanja/S2430/initialize?prefCd=41&kikanCd=2415902760&kikanKbn=2", "url2": "https://tsuruda-eye.jp/", "内容": "鶴田眼科医院【2:診療所】【診療科目:眼科】佐賀県佐賀市川副町小々森９６０－１" }, "geometry": { "type": "Point", "coordinates": [ 130.297959, 33.197056 ] } },
{ "type": "Feature", "properties": { "ID": 4122415902890, "正式名称": "医療法人　せとぐち内科", "機関区分": 2, "都道府県コード": 41, "市区町村コード": 201, "所在地": "佐賀県佐賀市久保田町大字久保田１３０ー６", "緯度": 33.248354, "経度": 130.225603, "url": "https://www.iryou.teikyouseido.mhlw.go.jp/znk-web/juminkanja/S2430/initialize?prefCd=41&kikanCd=2415902890&kikanKbn=2", "url2": null, "内容": "医療法人　せとぐち内科【2:診療所】【診療科目:内科_糖尿病内科_呼吸器内科_循環器内科_消化器内科_肝臓内科】佐賀県佐賀市久保田町大字久保田１３０ー６" }, "geometry": { "type": "Point", "coordinates": [ 130.225603, 33.248354 ] } },
{ "type": "Feature", "properties": { "ID": 4122415903060, "正式名称": "医療法人徹心会　こうの眼科クリニック", "機関区分": 2, "都道府県コード": 41, "市区町村コード": 201, "所在地": "佐賀県佐賀市駅前中央１丁目５ー１０朝日生命佐賀駅前ビル１Ｆ", "緯度": 33.262271, "経度": 130.298541, "url": "https://www.iryou.teikyouseido.mhlw.go.jp/znk-web/juminkanja/S2430/initialize?prefCd=41&kikanCd=2415903060&kikanKbn=2", "url2": null, "内容": "医療法人徹心会　こうの眼科クリニック【2:診療所】【診療科目:眼科】佐賀県佐賀市駅前中央１丁目５ー１０朝日生命佐賀駅前ビル１Ｆ" }, "geometry": { "type": "Point", "coordinates": [ 130.298541, 33.262271 ] } },
{ "type": "Feature", "properties": { "ID": 4122415903220, "正式名称": "さとう泌尿器科", "機関区分": 2, "都道府県コード": 41, "市区町村コード": 201, "所在地": "佐賀県佐賀市鍋島２ー６ー２７", "緯度": 33.277907, "経度": 130.26796, "url": "https://www.iryou.teikyouseido.mhlw.go.jp/znk-web/juminkanja/S2430/initialize?prefCd=41&kikanCd=2415903220&kikanKbn=2", "url2": null, "内容": "さとう泌尿器科【2:診療所】【診療科目:泌尿器科】佐賀県佐賀市鍋島２ー６ー２７" }, "geometry": { "type": "Point", "coordinates": [ 130.26796, 33.277907 ] } },
{ "type": "Feature", "properties": { "ID": 4122415903350, "正式名称": "岸川整形外科", "機関区分": 2, "都道府県コード": 41, "市区町村コード": 201, "所在地": "佐賀県佐賀市本庄町本庄８６２－１", "緯度": 33.243217, "経度": 130.285709, "url": "https://www.iryou.teikyouseido.mhlw.go.jp/znk-web/juminkanja/S2430/initialize?prefCd=41&kikanCd=2415903350&kikanKbn=2", "url2": "http://www.kishikawa-orthopedics.com/", "内容": "岸川整形外科【2:診療所】【診療科目:整形外科_リウマチ科_リハビリテーション科】佐賀県佐賀市本庄町本庄８６２－１" }, "geometry": { "type": "Point", "coordinates": [ 130.285709, 33.243217 ] } },
{ "type": "Feature", "properties": { "ID": 4122415903480, "正式名称": "溝口クリニック", "機関区分": 2, "都道府県コード": 41, "市区町村コード": 201, "所在地": "佐賀県佐賀市大和町川上５２８３ー３", "緯度": 33.307904, "経度": 130.25221, "url": "https://www.iryou.teikyouseido.mhlw.go.jp/znk-web/juminkanja/S2430/initialize?prefCd=41&kikanCd=2415903480&kikanKbn=2", "url2": null, "内容": "溝口クリニック【2:診療所】【診療科目:内科_胃腸内科_外科】佐賀県佐賀市大和町川上５２８３ー３" }, "geometry": { "type": "Point", "coordinates": [ 130.25221, 33.307904 ] } },
{ "type": "Feature", "properties": { "ID": 4122415903510, "正式名称": "酒井内科クリニック", "機関区分": 2, "都道府県コード": 41, "市区町村コード": 208, "所在地": "佐賀県小城市小城町６１７－１２", "緯度": 33.297709, "経度": 130.203076, "url": "https://www.iryou.teikyouseido.mhlw.go.jp/znk-web/juminkanja/S2430/initialize?prefCd=41&kikanCd=2415903510&kikanKbn=2", "url2": null, "内容": "酒井内科クリニック【2:診療所】【診療科目:内科_循環器内科_消化器内科_小児科】佐賀県小城市小城町６１７－１２" }, "geometry": { "type": "Point", "coordinates": [ 130.203076, 33.297709 ] } },
{ "type": "Feature", "properties": { "ID": 4122415903800, "正式名称": "医療法人　千葉内科循環器科", "機関区分": 2, "都道府県コード": 41, "市区町村コード": 201, "所在地": "佐賀県佐賀市天神二丁目３番３８号", "緯度": 33.259993, "経度": 130.295374, "url": "https://www.iryou.teikyouseido.mhlw.go.jp/znk-web/juminkanja/S2430/initialize?prefCd=41&kikanCd=2415903800&kikanKbn=2", "url2": null, "内容": "医療法人　千葉内科循環器科【2:診療所】【診療科目:内科_循環器内科_胃腸内科_人工透析内科】佐賀県佐賀市天神二丁目３番３８号" }, "geometry": { "type": "Point", "coordinates": [ 130.295374, 33.259993 ] } },
{ "type": "Feature", "properties": { "ID": 4122415904100, "正式名称": "満岡内科クリニック", "機関区分": 2, "都道府県コード": 41, "市区町村コード": 201, "所在地": "佐賀県佐賀市大和町尼寺８４８ー１１", "緯度": 33.310459, "経度": 130.286318, "url": "https://www.iryou.teikyouseido.mhlw.go.jp/znk-web/juminkanja/S2430/initialize?prefCd=41&kikanCd=2415904100&kikanKbn=2", "url2": "https://mitsuoka-naika.jp", "内容": "満岡内科クリニック【2:診療所】【診療科目:内科_消化器内科_肝臓内科_内視鏡内科_在宅緩和ケア、禁煙外来、在宅医療】佐賀県佐賀市大和町尼寺８４８ー１１" }, "geometry": { "type": "Point", "coordinates": [ 130.286318, 33.310459 ] } },
{ "type": "Feature", "properties": { "ID": 4122415904230, "正式名称": "吉村産婦人科", "機関区分": 2, "都道府県コード": 41, "市区町村コード": 327, "所在地": "佐賀県神埼郡吉野ヶ里町豆田１４６８ー１", "緯度": 33.318044, "経度": 130.397947, "url": "https://www.iryou.teikyouseido.mhlw.go.jp/znk-web/juminkanja/S2430/initialize?prefCd=41&kikanCd=2415904230&kikanKbn=2", "url2": null, "内容": "吉村産婦人科【2:診療所】【診療科目:産婦人科】佐賀県神埼郡吉野ヶ里町豆田１４６８ー１" }, "geometry": { "type": "Point", "coordinates": [ 130.397947, 33.318044 ] } },
{ "type": "Feature", "properties": { "ID": 4122415904360, "正式名称": "中尾胃腸科医院", "機関区分": 2, "都道府県コード": 41, "市区町村コード": 210, "所在地": "佐賀県神埼市神埼町田道ヶ里２２８４ー１", "緯度": 33.31335, "経度": 130.375866, "url": "https://www.iryou.teikyouseido.mhlw.go.jp/znk-web/juminkanja/S2430/initialize?prefCd=41&kikanCd=2415904360&kikanKbn=2", "url2": "http://nakaoichouka.wixsite.com/home", "内容": "中尾胃腸科医院【2:診療所】【診療科目:内科_胃腸内科_外科_肛門外科_整形外科】佐賀県神埼市神埼町田道ヶ里２２８４ー１" }, "geometry": { "type": "Point", "coordinates": [ 130.375866, 33.31335 ] } },
{ "type": "Feature", "properties": { "ID": 4122415904520, "正式名称": "医療法人望雄会　横尾クリニック", "機関区分": 2, "都道府県コード": 41, "市区町村コード": 201, "所在地": "佐賀県佐賀市長瀬町７－２３－１", "緯度": 33.249994, "経度": 130.281098, "url": "https://www.iryou.teikyouseido.mhlw.go.jp/znk-web/juminkanja/S2430/initialize?prefCd=41&kikanCd=2415904520&kikanKbn=2", "url2": null, "内容": "医療法人望雄会　横尾クリニック【2:診療所】【診療科目:内科_泌尿器科】佐賀県佐賀市長瀬町７－２３－１" }, "geometry": { "type": "Point", "coordinates": [ 130.281098, 33.249994 ] } },
{ "type": "Feature", "properties": { "ID": 4122415904650, "正式名称": "内藤医院北山診療所", "機関区分": 2, "都道府県コード": 41, "市区町村コード": 201, "所在地": "佐賀県佐賀市富士町大野１０６０番２３号", "緯度": 33.432194, "経度": 130.201406, "url": "https://www.iryou.teikyouseido.mhlw.go.jp/znk-web/juminkanja/S2430/initialize?prefCd=41&kikanCd=2415904650&kikanKbn=2", "url2": "https://naitouiinhokuzan.web.fc2.com", "内容": "内藤医院北山診療所【2:診療所】【診療科目:内科_麻酔科】佐賀県佐賀市富士町大野１０６０番２３号" }, "geometry": { "type": "Point", "coordinates": [ 130.201406, 33.432194 ] } },
{ "type": "Feature", "properties": { "ID": 4122415904780, "正式名称": "つのだ内科クリニック", "機関区分": 2, "都道府県コード": 41, "市区町村コード": 201, "所在地": "佐賀県佐賀市兵庫南２丁目１６ー３２", "緯度": 33.263993, "経度": 130.316817, "url": "https://www.iryou.teikyouseido.mhlw.go.jp/znk-web/juminkanja/S2430/initialize?prefCd=41&kikanCd=2415904780&kikanKbn=2", "url2": null, "内容": "つのだ内科クリニック【2:診療所】【診療科目:内科_呼吸器内科_循環器内科_消化器内科_小児科】佐賀県佐賀市兵庫南２丁目１６ー３２" }, "geometry": { "type": "Point", "coordinates": [ 130.316817, 33.263993 ] } },
{ "type": "Feature", "properties": { "ID": 4122415904810, "正式名称": "医療法人卓悠会　さが駅前眼科", "機関区分": 2, "都道府県コード": 41, "市区町村コード": 201, "所在地": "佐賀県佐賀市神野東１ー９ー１８", "緯度": 33.26377, "経度": 130.293624, "url": "https://www.iryou.teikyouseido.mhlw.go.jp/znk-web/juminkanja/S2430/initialize?prefCd=41&kikanCd=2415904810&kikanKbn=2", "url2": "https://www.sagaekimaeganka.com/", "内容": "医療法人卓悠会　さが駅前眼科【2:診療所】【診療科目:眼科】佐賀県佐賀市神野東１ー９ー１８" }, "geometry": { "type": "Point", "coordinates": [ 130.293624, 33.26377 ] } },
{ "type": "Feature", "properties": { "ID": 4122415904940, "正式名称": "内野産婦人科", "機関区分": 2, "都道府県コード": 41, "市区町村コード": 201, "所在地": "佐賀県佐賀市水ケ江２丁目４番２号", "緯度": 33.250522, "経度": 130.307151, "url": "https://www.iryou.teikyouseido.mhlw.go.jp/znk-web/juminkanja/S2430/initialize?prefCd=41&kikanCd=2415904940&kikanKbn=2", "url2": "http://www.uchino-clinic.jp/", "内容": "内野産婦人科【2:診療所】【診療科目:産婦人科】佐賀県佐賀市水ケ江２丁目４番２号" }, "geometry": { "type": "Point", "coordinates": [ 130.307151, 33.250522 ] } },
{ "type": "Feature", "properties": { "ID": 4122415905110, "正式名称": "恵比寿クリニック", "機関区分": 2, "都道府県コード": 41, "市区町村コード": 201, "所在地": "佐賀県佐賀市諸富町為重１１５－２", "緯度": 33.213249, "経度": 130.349787, "url": "https://www.iryou.teikyouseido.mhlw.go.jp/znk-web/juminkanja/S2430/initialize?prefCd=41&kikanCd=2415905110&kikanKbn=2", "url2": "http://www.yebis.info", "内容": "恵比寿クリニック【2:診療所】【診療科目:内科_呼吸器内科_循環器内科_消化器内科_外科_整形外科_小児科】佐賀県佐賀市諸富町為重１１５－２" }, "geometry": { "type": "Point", "coordinates": [ 130.349787, 33.213249 ] } },
{ "type": "Feature", "properties": { "ID": 4122415905370, "正式名称": "かじはら内科クリニック", "機関区分": 2, "都道府県コード": 41, "市区町村コード": 201, "所在地": "佐賀県佐賀市八戸溝２ー１０ー２", "緯度": 33.26177, "経度": 130.272765, "url": "https://www.iryou.teikyouseido.mhlw.go.jp/znk-web/juminkanja/S2430/initialize?prefCd=41&kikanCd=2415905370&kikanKbn=2", "url2": null, "内容": "かじはら内科クリニック【2:診療所】【診療科目:内科_呼吸器内科_循環器内科_消化器内科_小児科_アレルギー科】佐賀県佐賀市八戸溝２ー１０ー２" }, "geometry": { "type": "Point", "coordinates": [ 130.272765, 33.26177 ] } },
{ "type": "Feature", "properties": { "ID": 4122415905400, "正式名称": "Ｙ．Ｈ．Ｃ．　矢山クリニック", "機関区分": 2, "都道府県コード": 41, "市区町村コード": 201, "所在地": "佐賀県佐賀市大和町尼寺３０４９−１", "緯度": 33.300266, "経度": 130.279625, "url": "https://www.iryou.teikyouseido.mhlw.go.jp/znk-web/juminkanja/S2430/initialize?prefCd=41&kikanCd=2415905400&kikanKbn=2", "url2": "http://www.yayamaclinic.com/", "内容": "Ｙ．Ｈ．Ｃ．　矢山クリニック【2:診療所】【診療科目:内科_神経内科_外科_歯科_アレルギー科_リウマチ科】佐賀県佐賀市大和町尼寺３０４９−１" }, "geometry": { "type": "Point", "coordinates": [ 130.279625, 33.300266 ] } },
{ "type": "Feature", "properties": { "ID": 4122415905820, "正式名称": "佐賀市立国民健康保険三瀬診療所", "機関区分": 2, "都道府県コード": 41, "市区町村コード": 201, "所在地": "佐賀県佐賀市三瀬村藤原３８８２ー６", "緯度": 33.420768, "経度": 130.27545, "url": "https://www.iryou.teikyouseido.mhlw.go.jp/znk-web/juminkanja/S2430/initialize?prefCd=41&kikanCd=2415905820&kikanKbn=2", "url2": null, "内容": "佐賀市立国民健康保険三瀬診療所【2:診療所】【診療科目:内科_外科_小児科_歯科_禁煙外来】佐賀県佐賀市三瀬村藤原３８８２ー６" }, "geometry": { "type": "Point", "coordinates": [ 130.27545, 33.420768 ] } },
{ "type": "Feature", "properties": { "ID": 4122415906090, "正式名称": "医療法人明香会　さくらクリニック", "機関区分": 2, "都道府県コード": 41, "市区町村コード": 201, "所在地": "佐賀県佐賀市鍋島二丁目２－１２", "緯度": 33.279852, "経度": 130.270098, "url": "https://www.iryou.teikyouseido.mhlw.go.jp/znk-web/juminkanja/S2430/initialize?prefCd=41&kikanCd=2415906090&kikanKbn=2", "url2": "http://saga-sakuraclinic.jp/", "内容": "医療法人明香会　さくらクリニック【2:診療所】【診療科目:内科_ペインクリニック内科_ペインクリニック外科_アレルギー科_麻酔科_頭痛外来】佐賀県佐賀市鍋島二丁目２－１２" }, "geometry": { "type": "Point", "coordinates": [ 130.270098, 33.279852 ] } },
{ "type": "Feature", "properties": { "ID": 4122415906250, "正式名称": "医療法人友和会鶴田整形外科", "機関区分": 2, "都道府県コード": 41, "市区町村コード": 208, "所在地": "佐賀県小城市牛津町勝１２４１番地６", "緯度": 33.248687, "経度": 130.195967, "url": "https://www.iryou.teikyouseido.mhlw.go.jp/znk-web/juminkanja/S2430/initialize?prefCd=41&kikanCd=2415906250&kikanKbn=2", "url2": "http://www.tsuruta.dr-clinic.jp", "内容": "医療法人友和会鶴田整形外科【2:診療所】【診療科目:整形外科_リウマチ科_リハビリテーション科_麻酔科】佐賀県小城市牛津町勝１２４１番地６" }, "geometry": { "type": "Point", "coordinates": [ 130.195967, 33.248687 ] } },
{ "type": "Feature", "properties": { "ID": 4122415906540, "正式名称": "しまうちクリニック", "機関区分": 2, "都道府県コード": 41, "市区町村コード": 208, "所在地": "佐賀県小城市牛津町勝１４９９－１", "緯度": 33.249437, "経度": 130.199355, "url": "https://www.iryou.teikyouseido.mhlw.go.jp/znk-web/juminkanja/S2430/initialize?prefCd=41&kikanCd=2415906540&kikanKbn=2", "url2": null, "内容": "しまうちクリニック【2:診療所】【診療科目:内科_消化器内科】佐賀県小城市牛津町勝１４９９－１" }, "geometry": { "type": "Point", "coordinates": [ 130.199355, 33.249437 ] } },
{ "type": "Feature", "properties": { "ID": 4122415906700, "正式名称": "医療法人　内田クリニック", "機関区分": 2, "都道府県コード": 41, "市区町村コード": 201, "所在地": "佐賀県佐賀市佐賀市高木瀬町東高木２４１ー２", "緯度": 33.276214, "経度": 130.299512, "url": "https://www.iryou.teikyouseido.mhlw.go.jp/znk-web/juminkanja/S2430/initialize?prefCd=41&kikanCd=2415906700&kikanKbn=2", "url2": null, "内容": "医療法人　内田クリニック【2:診療所】【診療科目:内科_胃腸内科_外科_肛門外科】佐賀県佐賀市佐賀市高木瀬町東高木２４１ー２" }, "geometry": { "type": "Point", "coordinates": [ 130.299512, 33.276214 ] } },
{ "type": "Feature", "properties": { "ID": 4122415906960, "正式名称": "医療法人　友和会　鶴田運動機能回復クリニック", "機関区分": 2, "都道府県コード": 41, "市区町村コード": 208, "所在地": "佐賀県小城市牛津町上砥川１７４番地８", "緯度": 33.244465, "経度": 130.188468, "url": "https://www.iryou.teikyouseido.mhlw.go.jp/znk-web/juminkanja/S2430/initialize?prefCd=41&kikanCd=2415906960&kikanKbn=2", "url2": null, "内容": "医療法人　友和会　鶴田運動機能回復クリニック【2:診療所】【診療科目:整形外科_リウマチ科_リハビリテーション科】佐賀県小城市牛津町上砥川１７４番地８" }, "geometry": { "type": "Point", "coordinates": [ 130.188468, 33.244465 ] } },
{ "type": "Feature", "properties": { "ID": 4122415907000, "正式名称": "鶴田内科循環器科医院", "機関区分": 2, "都道府県コード": 41, "市区町村コード": 201, "所在地": "佐賀県佐賀市川副町小々森９６０－７", "緯度": 33.196834, "経度": 130.298098, "url": "https://www.iryou.teikyouseido.mhlw.go.jp/znk-web/juminkanja/S2430/initialize?prefCd=41&kikanCd=2415907000&kikanKbn=2", "url2": null, "内容": "鶴田内科循環器科医院【2:診療所】【診療科目:内科_循環器内科】佐賀県佐賀市川副町小々森９６０－７" }, "geometry": { "type": "Point", "coordinates": [ 130.298098, 33.196834 ] } },
{ "type": "Feature", "properties": { "ID": 4122415907390, "正式名称": "内田整形外科医院", "機関区分": 2, "都道府県コード": 41, "市区町村コード": 204, "所在地": "佐賀県多久市北多久町小侍９１４ー１", "緯度": 33.284292, "経度": 130.095308, "url": "https://www.iryou.teikyouseido.mhlw.go.jp/znk-web/juminkanja/S2430/initialize?prefCd=41&kikanCd=2415907390&kikanKbn=2", "url2": null, "内容": "内田整形外科医院【2:診療所】【診療科目:整形外科】佐賀県多久市北多久町小侍９１４ー１" }, "geometry": { "type": "Point", "coordinates": [ 130.095308, 33.284292 ] } },
{ "type": "Feature", "properties": { "ID": 4122415907420, "正式名称": "医療法人　橋野こどもクリニック", "機関区分": 2, "都道府県コード": 41, "市区町村コード": 201, "所在地": "佐賀県佐賀市高木瀬東４丁目１４ー３", "緯度": 33.286046, "経度": 130.29804, "url": "https://www.iryou.teikyouseido.mhlw.go.jp/znk-web/juminkanja/S2430/initialize?prefCd=41&kikanCd=2415907420&kikanKbn=2", "url2": "https://www.hashino-kodomo.com", "内容": "医療法人　橋野こどもクリニック【2:診療所】【診療科目:小児科】佐賀県佐賀市高木瀬東４丁目１４ー３" }, "geometry": { "type": "Point", "coordinates": [ 130.29804, 33.286046 ] } },
{ "type": "Feature", "properties": { "ID": 4122415907550, "正式名称": "医療法人　新栄こどもクリニック", "機関区分": 2, "都道府県コード": 41, "市区町村コード": 201, "所在地": "佐賀県佐賀市鍋島町八戸１３４３－７", "緯度": 33.256243, "経度": 130.271043, "url": "https://www.iryou.teikyouseido.mhlw.go.jp/znk-web/juminkanja/S2430/initialize?prefCd=41&kikanCd=2415907550&kikanKbn=2", "url2": null, "内容": "医療法人　新栄こどもクリニック【2:診療所】【診療科目:内科_小児科_アレルギー科】佐賀県佐賀市鍋島町八戸１３４３－７" }, "geometry": { "type": "Point", "coordinates": [ 130.271043, 33.256243 ] } },
{ "type": "Feature", "properties": { "ID": 4122415907710, "正式名称": "たんぽぽクリニック", "機関区分": 2, "都道府県コード": 41, "市区町村コード": 201, "所在地": "佐賀県佐賀市若宮１丁目１９番２９号", "緯度": 33.270214, "経度": 130.290263, "url": "https://www.iryou.teikyouseido.mhlw.go.jp/znk-web/juminkanja/S2430/initialize?prefCd=41&kikanCd=2415907710&kikanKbn=2", "url2": null, "内容": "たんぽぽクリニック【2:診療所】【診療科目:内科_呼吸器内科_胃腸内科_小児科】佐賀県佐賀市若宮１丁目１９番２９号" }, "geometry": { "type": "Point", "coordinates": [ 130.290263, 33.270214 ] } },
{ "type": "Feature", "properties": { "ID": 4122415908140, "正式名称": "医療法人一之会　ドーズ美容外科佐賀院", "機関区分": 2, "都道府県コード": 41, "市区町村コード": 201, "所在地": "佐賀県佐賀市駅前中央１―１０―３７　佐賀駅前センタービル８階", "緯度": 33.263437, "経度": 130.296791, "url": "https://www.iryou.teikyouseido.mhlw.go.jp/znk-web/juminkanja/S2430/initialize?prefCd=41&kikanCd=2415908140&kikanKbn=2", "url2": "http://www.do-s.net", "内容": "医療法人一之会　ドーズ美容外科佐賀院【2:診療所】【診療科目:形成外科_美容外科】佐賀県佐賀市駅前中央１―１０―３７　佐賀駅前センタービル８階" }, "geometry": { "type": "Point", "coordinates": [ 130.296791, 33.263437 ] } },
{ "type": "Feature", "properties": { "ID": 4122415908270, "正式名称": "医療法人如春窩会　佐賀クリニック", "機関区分": 2, "都道府県コード": 41, "市区町村コード": 201, "所在地": "佐賀県佐賀市中央本町２ー２１", "緯度": 33.253494, "経度": 130.300457, "url": "https://www.iryou.teikyouseido.mhlw.go.jp/znk-web/juminkanja/S2430/initialize?prefCd=41&kikanCd=2415908270&kikanKbn=2", "url2": null, "内容": "医療法人如春窩会　佐賀クリニック【2:診療所】【診療科目:内科_腎臓内科_人工透析内科_高血圧内科_リハビリテーション科】佐賀県佐賀市中央本町２ー２１" }, "geometry": { "type": "Point", "coordinates": [ 130.300457, 33.253494 ] } },
{ "type": "Feature", "properties": { "ID": 4122415908430, "正式名称": "二宮内科医院", "機関区分": 2, "都道府県コード": 41, "市区町村コード": 201, "所在地": "佐賀県佐賀市兵庫南２丁目１４ー１９", "緯度": 33.26341, "経度": 130.31515, "url": "https://www.iryou.teikyouseido.mhlw.go.jp/znk-web/juminkanja/S2430/initialize?prefCd=41&kikanCd=2415908430&kikanKbn=2", "url2": null, "内容": "二宮内科医院【2:診療所】【診療科目:内科_消化器内科_胃腸内科_肝臓内科_内視鏡内科】佐賀県佐賀市兵庫南２丁目１４ー１９" }, "geometry": { "type": "Point", "coordinates": [ 130.31515, 33.26341 ] } },
{ "type": "Feature", "properties": { "ID": 4122415908720, "正式名称": "医療法人　南里泌尿器科医院", "機関区分": 2, "都道府県コード": 41, "市区町村コード": 201, "所在地": "佐賀県佐賀市松原３－２－３３", "緯度": 33.251744, "経度": 130.305596, "url": "https://www.iryou.teikyouseido.mhlw.go.jp/znk-web/juminkanja/S2430/initialize?prefCd=41&kikanCd=2415908720&kikanKbn=2", "url2": "http://nanri-urology.com", "内容": "医療法人　南里泌尿器科医院【2:診療所】【診療科目:泌尿器科_リハビリテーション科】佐賀県佐賀市松原３－２－３３" }, "geometry": { "type": "Point", "coordinates": [ 130.305596, 33.251744 ] } },
{ "type": "Feature", "properties": { "ID": 4122415908850, "正式名称": "医療法人三和会　兵庫整形外科", "機関区分": 2, "都道府県コード": 41, "市区町村コード": 201, "所在地": "佐賀県佐賀市巨勢町修理田１２２６ー３", "緯度": 33.264327, "経度": 130.323872, "url": "https://www.iryou.teikyouseido.mhlw.go.jp/znk-web/juminkanja/S2430/initialize?prefCd=41&kikanCd=2415908850&kikanKbn=2", "url2": null, "内容": "医療法人三和会　兵庫整形外科【2:診療所】【診療科目:整形外科_リハビリテーション科】佐賀県佐賀市巨勢町修理田１２２６ー３" }, "geometry": { "type": "Point", "coordinates": [ 130.323872, 33.264327 ] } },
{ "type": "Feature", "properties": { "ID": 4122415908980, "正式名称": "医療法人　山田こどもクリニック", "機関区分": 2, "都道府県コード": 41, "市区町村コード": 210, "所在地": "佐賀県神埼市神埼町田道ケ里２３９４－１", "緯度": 33.310794, "経度": 130.374421, "url": "https://www.iryou.teikyouseido.mhlw.go.jp/znk-web/juminkanja/S2430/initialize?prefCd=41&kikanCd=2415908980&kikanKbn=2", "url2": null, "内容": "医療法人　山田こどもクリニック【2:診療所】【診療科目:小児科_アレルギー科】佐賀県神埼市神埼町田道ケ里２３９４－１" }, "geometry": { "type": "Point", "coordinates": [ 130.374421, 33.310794 ] } },
{ "type": "Feature", "properties": { "ID": 4122415909020, "正式名称": "やまだ耳鼻咽喉科", "機関区分": 2, "都道府県コード": 41, "市区町村コード": 201, "所在地": "佐賀県佐賀市高木瀬東三丁目４０９ー１", "緯度": 33.282491, "経度": 130.29454, "url": "https://www.iryou.teikyouseido.mhlw.go.jp/znk-web/juminkanja/S2430/initialize?prefCd=41&kikanCd=2415909020&kikanKbn=2", "url2": null, "内容": "やまだ耳鼻咽喉科【2:診療所】【診療科目:耳鼻いんこう科】佐賀県佐賀市高木瀬東三丁目４０９ー１" }, "geometry": { "type": "Point", "coordinates": [ 130.29454, 33.282491 ] } },
{ "type": "Feature", "properties": { "ID": 4122415909310, "正式名称": "医療法人多布施クリニック", "機関区分": 2, "都道府県コード": 41, "市区町村コード": 201, "所在地": "佐賀県佐賀市多布施４ー１ー６", "緯度": 33.256605, "経度": 130.292458, "url": "https://www.iryou.teikyouseido.mhlw.go.jp/znk-web/juminkanja/S2430/initialize?prefCd=41&kikanCd=2415909310&kikanKbn=2", "url2": "http://www.tafuse-clinic.jp", "内容": "医療法人多布施クリニック【2:診療所】【診療科目:精神科_心療内科】佐賀県佐賀市多布施４ー１ー６" }, "geometry": { "type": "Point", "coordinates": [ 130.292458, 33.256605 ] } },
{ "type": "Feature", "properties": { "ID": 4122415909440, "正式名称": "西山クリニック", "機関区分": 2, "都道府県コード": 41, "市区町村コード": 201, "所在地": "佐賀県佐賀市東佐賀１４ー２６", "緯度": 33.256411, "経度": 130.31179, "url": "https://www.iryou.teikyouseido.mhlw.go.jp/znk-web/juminkanja/S2430/initialize?prefCd=41&kikanCd=2415909440&kikanKbn=2", "url2": "http://www.sky.hi-ho.ne.jp/nishiyamaclinic/", "内容": "西山クリニック【2:診療所】【診療科目:精神科_心療内科】佐賀県佐賀市東佐賀１４ー２６" }, "geometry": { "type": "Point", "coordinates": [ 130.31179, 33.256411 ] } },
{ "type": "Feature", "properties": { "ID": 4122415909600, "正式名称": "筒井クリニック", "機関区分": 2, "都道府県コード": 41, "市区町村コード": 201, "所在地": "佐賀県佐賀市神野西四丁目１２番３５号", "緯度": 33.268744, "経度": 130.286833, "url": "https://www.iryou.teikyouseido.mhlw.go.jp/znk-web/juminkanja/S2430/initialize?prefCd=41&kikanCd=2415909600&kikanKbn=2", "url2": null, "内容": "筒井クリニック【2:診療所】【診療科目:内科_神経内科_リハビリテーション科_麻酔科】佐賀県佐賀市神野西四丁目１２番３５号" }, "geometry": { "type": "Point", "coordinates": [ 130.286833, 33.268744 ] } },
{ "type": "Feature", "properties": { "ID": 4122415909730, "正式名称": "医療法人前山皮膚科", "機関区分": 2, "都道府県コード": 41, "市区町村コード": 201, "所在地": "佐賀県佐賀市神野東３ー７ー１", "緯度": 33.26677, "経度": 130.294291, "url": "https://www.iryou.teikyouseido.mhlw.go.jp/znk-web/juminkanja/S2430/initialize?prefCd=41&kikanCd=2415909730&kikanKbn=2", "url2": "http://www.maeyama-hifuka.jp/", "内容": "医療法人前山皮膚科【2:診療所】【診療科目:皮膚科】佐賀県佐賀市神野東３ー７ー１" }, "geometry": { "type": "Point", "coordinates": [ 130.294291, 33.26677 ] } },
{ "type": "Feature", "properties": { "ID": 4122415909860, "正式名称": "江頭クリニック", "機関区分": 2, "都道府県コード": 41, "市区町村コード": 201, "所在地": "佐賀県佐賀市川副町大字鹿江９９０ー１", "緯度": 33.192112, "経度": 130.314763, "url": "https://www.iryou.teikyouseido.mhlw.go.jp/znk-web/juminkanja/S2430/initialize?prefCd=41&kikanCd=2415909860&kikanKbn=2", "url2": "http://homepage3.nifty.com/egashira-clinic-saga/", "内容": "江頭クリニック【2:診療所】【診療科目:内科】佐賀県佐賀市川副町大字鹿江９９０ー１" }, "geometry": { "type": "Point", "coordinates": [ 130.314763, 33.192112 ] } },
{ "type": "Feature", "properties": { "ID": 4122415910000, "正式名称": "きしかわ内科クリニック", "機関区分": 2, "都道府県コード": 41, "市区町村コード": 201, "所在地": "佐賀県佐賀市東与賀町下古賀１１２４－１８", "緯度": 33.214859, "経度": 130.29157, "url": "https://www.iryou.teikyouseido.mhlw.go.jp/znk-web/juminkanja/S2430/initialize?prefCd=41&kikanCd=2415910000&kikanKbn=2", "url2": null, "内容": "きしかわ内科クリニック【2:診療所】【診療科目:内科_循環器内科_消化器内科_小児科】佐賀県佐賀市東与賀町下古賀１１２４－１８" }, "geometry": { "type": "Point", "coordinates": [ 130.29157, 33.214859 ] } },
{ "type": "Feature", "properties": { "ID": 4122415910260, "正式名称": "なかしま小児科", "機関区分": 2, "都道府県コード": 41, "市区町村コード": 201, "所在地": "佐賀県佐賀市兵庫町瓦町１０９６－２", "緯度": 33.264215, "経度": 130.320622, "url": "https://www.iryou.teikyouseido.mhlw.go.jp/znk-web/juminkanja/S2430/initialize?prefCd=41&kikanCd=2415910260&kikanKbn=2", "url2": null, "内容": "なかしま小児科【2:診療所】【診療科目:小児科】佐賀県佐賀市兵庫町瓦町１０９６－２" }, "geometry": { "type": "Point", "coordinates": [ 130.320622, 33.264215 ] } },
{ "type": "Feature", "properties": { "ID": 4122415910420, "正式名称": "かみぞのクリニック", "機関区分": 2, "都道府県コード": 41, "市区町村コード": 201, "所在地": "佐賀県佐賀市神園六丁目４番１６号", "緯度": 33.262076, "経度": 130.279931, "url": "https://www.iryou.teikyouseido.mhlw.go.jp/znk-web/juminkanja/S2430/initialize?prefCd=41&kikanCd=2415910420&kikanKbn=2", "url2": "http://www.kamizono-cl.com/", "内容": "かみぞのクリニック【2:診療所】【診療科目:内科_小児科】佐賀県佐賀市神園六丁目４番１６号" }, "geometry": { "type": "Point", "coordinates": [ 130.279931, 33.262076 ] } },
{ "type": "Feature", "properties": { "ID": 4122415910680, "正式名称": "医療法人ひらまつ病院　ひらまつふれあいクリニック", "機関区分": 2, "都道府県コード": 41, "市区町村コード": 327, "所在地": "佐賀県神埼郡吉野ヶ里町吉田２９２５－１", "緯度": 33.331376, "経度": 130.410695, "url": "https://www.iryou.teikyouseido.mhlw.go.jp/znk-web/juminkanja/S2430/initialize?prefCd=41&kikanCd=2415910680&kikanKbn=2", "url2": "http://www.hiramatsu-hp.or.jp/fureai_web/", "内容": "医療法人ひらまつ病院　ひらまつふれあいクリニック【2:診療所】【診療科目:内科_循環器内科_消化器内科】佐賀県神埼郡吉野ヶ里町吉田２９２５－１" }, "geometry": { "type": "Point", "coordinates": [ 130.410695, 33.331376 ] } },
{ "type": "Feature", "properties": { "ID": 4122415910710, "正式名称": "医療法人メディスマイル　いのうえ内科泌尿器科クリニック", "機関区分": 2, "都道府県コード": 41, "市区町村コード": 201, "所在地": "佐賀県佐賀市久保田町徳万１６３９−１", "緯度": 33.250493, "経度": 130.235074, "url": "https://www.iryou.teikyouseido.mhlw.go.jp/znk-web/juminkanja/S2430/initialize?prefCd=41&kikanCd=2415910710&kikanKbn=2", "url2": "http://inoue-c.jp", "内容": "医療法人メディスマイル　いのうえ内科泌尿器科クリニック【2:診療所】【診療科目:内科_呼吸器内科_胃腸内科_泌尿器科_アレルギー科】佐賀県佐賀市久保田町徳万１６３９−１" }, "geometry": { "type": "Point", "coordinates": [ 130.235074, 33.250493 ] } },
{ "type": "Feature", "properties": { "ID": 4122415910840, "正式名称": "神代整形外科", "機関区分": 2, "都道府県コード": 41, "市区町村コード": 201, "所在地": "佐賀県佐賀市大和町川上１７０－４", "緯度": 33.308959, "経度": 130.262487, "url": "https://www.iryou.teikyouseido.mhlw.go.jp/znk-web/juminkanja/S2430/initialize?prefCd=41&kikanCd=2415910840&kikanKbn=2", "url2": null, "内容": "神代整形外科【2:診療所】【診療科目:整形外科_リハビリテーション科】佐賀県佐賀市大和町川上１７０－４" }, "geometry": { "type": "Point", "coordinates": [ 130.262487, 33.308959 ] } },
{ "type": "Feature", "properties": { "ID": 4122415911140, "正式名称": "医療法人　中尾整形外科", "機関区分": 2, "都道府県コード": 41, "市区町村コード": 201, "所在地": "佐賀県佐賀市兵庫町渕１３３５－１", "緯度": 33.275047, "経度": 130.322844, "url": "https://www.iryou.teikyouseido.mhlw.go.jp/znk-web/juminkanja/S2430/initialize?prefCd=41&kikanCd=2415911140&kikanKbn=2", "url2": "http://www.nakaoseikeigeka.com/", "内容": "医療法人　中尾整形外科【2:診療所】【診療科目:整形外科_リウマチ科_リハビリテーション科】佐賀県佐賀市兵庫町渕１３３５－１" }, "geometry": { "type": "Point", "coordinates": [ 130.322844, 33.275047 ] } },
{ "type": "Feature", "properties": { "ID": 4122415911300, "正式名称": "みねこ皮ふ科クリニック", "機関区分": 2, "都道府県コード": 41, "市区町村コード": 327, "所在地": "佐賀県神埼郡吉野ヶ里町吉田２１５４ー３", "緯度": 33.332098, "経度": 130.413334, "url": "https://www.iryou.teikyouseido.mhlw.go.jp/znk-web/juminkanja/S2430/initialize?prefCd=41&kikanCd=2415911300&kikanKbn=2", "url2": "http://www.mineko-cl.com", "内容": "みねこ皮ふ科クリニック【2:診療所】【診療科目:皮膚科_アレルギー科】佐賀県神埼郡吉野ヶ里町吉田２１５４ー３" }, "geometry": { "type": "Point", "coordinates": [ 130.413334, 33.332098 ] } },
{ "type": "Feature", "properties": { "ID": 4122415911430, "正式名称": "医療法人孟子会　ひろおか内科・脳神経クリニック", "機関区分": 2, "都道府県コード": 41, "市区町村コード": 208, "所在地": "佐賀県小城市三日月町久米１２９５ー２", "緯度": 33.287516, "経度": 130.207743, "url": "https://www.iryou.teikyouseido.mhlw.go.jp/znk-web/juminkanja/S2430/initialize?prefCd=41&kikanCd=2415911430&kikanKbn=2", "url2": "http://hirooka-clinic.com", "内容": "医療法人孟子会　ひろおか内科・脳神経クリニック【2:診療所】【診療科目:内科_神経内科】佐賀県小城市三日月町久米１２９５ー２" }, "geometry": { "type": "Point", "coordinates": [ 130.207743, 33.287516 ] } },
{ "type": "Feature", "properties": { "ID": 4122415911690, "正式名称": "医療法人　ごんどう耳鼻咽喉科", "機関区分": 2, "都道府県コード": 41, "市区町村コード": 210, "所在地": "佐賀県神埼市神埼町田道ケ里２２２６－１", "緯度": 33.312211, "経度": 130.375144, "url": "https://www.iryou.teikyouseido.mhlw.go.jp/znk-web/juminkanja/S2430/initialize?prefCd=41&kikanCd=2415911690&kikanKbn=2", "url2": "http://www.gondo-jibika.com/", "内容": "医療法人　ごんどう耳鼻咽喉科【2:診療所】【診療科目:耳鼻いんこう科_アレルギー科】佐賀県神埼市神埼町田道ケ里２２２６－１" }, "geometry": { "type": "Point", "coordinates": [ 130.375144, 33.312211 ] } },
{ "type": "Feature", "properties": { "ID": 4122415911720, "正式名称": "悠心堂クリニック", "機関区分": 2, "都道府県コード": 41, "市区町村コード": 201, "所在地": "佐賀県佐賀市白山２丁目７番１号エスプラッツ２階", "緯度": 33.254994, "経度": 130.302124, "url": "https://www.iryou.teikyouseido.mhlw.go.jp/znk-web/juminkanja/S2430/initialize?prefCd=41&kikanCd=2415911720&kikanKbn=2", "url2": "http://nttbj.itp.ne.jp/0952281828/index.html", "内容": "悠心堂クリニック【2:診療所】【診療科目:精神科】佐賀県佐賀市白山２丁目７番１号エスプラッツ２階" }, "geometry": { "type": "Point", "coordinates": [ 130.302124, 33.254994 ] } },
{ "type": "Feature", "properties": { "ID": 4122415911850, "正式名称": "中山内科クリニック", "機関区分": 2, "都道府県コード": 41, "市区町村コード": 201, "所在地": "佐賀県佐賀市高木瀬西４丁目６番１４号", "緯度": 33.28499, "経度": 130.284236, "url": "https://www.iryou.teikyouseido.mhlw.go.jp/znk-web/juminkanja/S2430/initialize?prefCd=41&kikanCd=2415911850&kikanKbn=2", "url2": null, "内容": "中山内科クリニック【2:診療所】【診療科目:内科_消化器内科_肝臓内科】佐賀県佐賀市高木瀬西４丁目６番１４号" }, "geometry": { "type": "Point", "coordinates": [ 130.284236, 33.28499 ] } },
{ "type": "Feature", "properties": { "ID": 4122415911980, "正式名称": "津田クリニック", "機関区分": 2, "都道府県コード": 41, "市区町村コード": 201, "所在地": "佐賀県佐賀市駅前中央２丁目２ー２８ー２Ｆ", "緯度": 33.265548, "経度": 130.298874, "url": "https://www.iryou.teikyouseido.mhlw.go.jp/znk-web/juminkanja/S2430/initialize?prefCd=41&kikanCd=2415911980&kikanKbn=2", "url2": "http://tsudaclinic.com", "内容": "津田クリニック【2:診療所】【診療科目:美容形成外科_美容皮膚科】佐賀県佐賀市駅前中央２丁目２ー２８ー２Ｆ" }, "geometry": { "type": "Point", "coordinates": [ 130.298874, 33.265548 ] } },
{ "type": "Feature", "properties": { "ID": 4122415912020, "正式名称": "医療法人　おおしまクリニック", "機関区分": 2, "都道府県コード": 41, "市区町村コード": 208, "所在地": "佐賀県小城市牛津町乙柳１０９６－１", "緯度": 33.268129, "経度": 130.202744, "url": "https://www.iryou.teikyouseido.mhlw.go.jp/znk-web/juminkanja/S2430/initialize?prefCd=41&kikanCd=2415912020&kikanKbn=2", "url2": "https://www.oshima-clinic.info", "内容": "医療法人　おおしまクリニック【2:診療所】【診療科目:内科_糖尿病内科_循環器内科_消化器内科_内視鏡内科_膠原病、リウマチ内科_健診、人間ドック、禁煙外来、プラセンタ治療、医療脱毛】佐賀県小城市牛津町乙柳１０９６－１" }, "geometry": { "type": "Point", "coordinates": [ 130.202744, 33.268129 ] } },
{ "type": "Feature", "properties": { "ID": 4122415912150, "正式名称": "医療法人　さの眼科", "機関区分": 2, "都道府県コード": 41, "市区町村コード": 201, "所在地": "佐賀県佐賀市兵庫北二丁目２５ー８", "緯度": 33.269187, "経度": 130.30654, "url": "https://www.iryou.teikyouseido.mhlw.go.jp/znk-web/juminkanja/S2430/initialize?prefCd=41&kikanCd=2415912150&kikanKbn=2", "url2": "http://www.sanoeyeclinic.jp/", "内容": "医療法人　さの眼科【2:診療所】【診療科目:眼科】佐賀県佐賀市兵庫北二丁目２５ー８" }, "geometry": { "type": "Point", "coordinates": [ 130.30654, 33.269187 ] } },
{ "type": "Feature", "properties": { "ID": 4122415912280, "正式名称": "ゆめ眼科医院", "機関区分": 2, "都道府県コード": 41, "市区町村コード": 201, "所在地": "佐賀県佐賀市兵庫北５ー１４ー１　ゆめタウン佐賀内２Ｆ", "緯度": 33.275686, "経度": 130.308289, "url": "https://www.iryou.teikyouseido.mhlw.go.jp/znk-web/juminkanja/S2430/initialize?prefCd=41&kikanCd=2415912280&kikanKbn=2", "url2": "http://yumesaga.i-eye.jp/", "内容": "ゆめ眼科医院【2:診療所】【診療科目:眼科】佐賀県佐賀市兵庫北５ー１４ー１　ゆめタウン佐賀内２Ｆ" }, "geometry": { "type": "Point", "coordinates": [ 130.308289, 33.275686 ] } },
{ "type": "Feature", "properties": { "ID": 4122415912570, "正式名称": "医療法人博優会　庄野真由美レディースクリニック", "機関区分": 2, "都道府県コード": 41, "市区町村コード": 201, "所在地": "佐賀県佐賀市兵庫北２丁目３０－２６", "緯度": 33.272825, "経度": 130.307928, "url": "https://www.iryou.teikyouseido.mhlw.go.jp/znk-web/juminkanja/S2430/initialize?prefCd=41&kikanCd=2415912570&kikanKbn=2", "url2": "http://www.shono-ladiesclinic.jp", "内容": "医療法人博優会　庄野真由美レディースクリニック【2:診療所】【診療科目:産科_婦人科】佐賀県佐賀市兵庫北２丁目３０－２６" }, "geometry": { "type": "Point", "coordinates": [ 130.307928, 33.272825 ] } },
{ "type": "Feature", "properties": { "ID": 4122415912600, "正式名称": "医療法人ながせ皮膚科", "機関区分": 2, "都道府県コード": 41, "市区町村コード": 201, "所在地": "佐賀県佐賀市高木瀬西５丁目１５番２７号", "緯度": 33.287823, "経度": 130.288485, "url": "https://www.iryou.teikyouseido.mhlw.go.jp/znk-web/juminkanja/S2430/initialize?prefCd=41&kikanCd=2415912600&kikanKbn=2", "url2": "http://nagase-skin.com", "内容": "医療法人ながせ皮膚科【2:診療所】【診療科目:皮膚科_美容皮膚科】佐賀県佐賀市高木瀬西５丁目１５番２７号" }, "geometry": { "type": "Point", "coordinates": [ 130.288485, 33.287823 ] } },
{ "type": "Feature", "properties": { "ID": 4122415912730, "正式名称": "医療法人健心会　やまと心のクリニック", "機関区分": 2, "都道府県コード": 41, "市区町村コード": 201, "所在地": "佐賀県佐賀市大和町大字尼寺３１２７－１", "緯度": 33.299238, "経度": 130.279986, "url": "https://www.iryou.teikyouseido.mhlw.go.jp/znk-web/juminkanja/S2430/initialize?prefCd=41&kikanCd=2415912730&kikanKbn=2", "url2": "http://www.yamato-cocoro.jp", "内容": "医療法人健心会　やまと心のクリニック【2:診療所】【診療科目:精神科_心療内科】佐賀県佐賀市大和町大字尼寺３１２７－１" }, "geometry": { "type": "Point", "coordinates": [ 130.279986, 33.299238 ] } },
{ "type": "Feature", "properties": { "ID": 4122415912860, "正式名称": "まなべ消化器内科クリニック", "機関区分": 2, "都道府県コード": 41, "市区町村コード": 208, "所在地": "佐賀県小城市三日月町長神田２１７３番４　メディカルモールおぎ内", "緯度": 33.278295, "経度": 130.217659, "url": "https://www.iryou.teikyouseido.mhlw.go.jp/znk-web/juminkanja/S2430/initialize?prefCd=41&kikanCd=2415912860&kikanKbn=2", "url2": "manabe.clinic.saga.jp", "内容": "まなべ消化器内科クリニック【2:診療所】【診療科目:内科_消化器内科_外科】佐賀県小城市三日月町長神田２１７３番４　メディカルモールおぎ内" }, "geometry": { "type": "Point", "coordinates": [ 130.217659, 33.278295 ] } },
{ "type": "Feature", "properties": { "ID": 4122415913030, "正式名称": "医療法人まえだ脳神経外科　眼科クリニック", "機関区分": 2, "都道府県コード": 41, "市区町村コード": 208, "所在地": "佐賀県小城市三日月町長神田２１７３－２", "緯度": 33.278184, "経度": 130.217214, "url": "https://www.iryou.teikyouseido.mhlw.go.jp/znk-web/juminkanja/S2430/initialize?prefCd=41&kikanCd=2415913030&kikanKbn=2", "url2": null, "内容": "医療法人まえだ脳神経外科　眼科クリニック【2:診療所】【診療科目:脳神経外科_眼科_リハビリテーション科】佐賀県小城市三日月町長神田２１７３－２" }, "geometry": { "type": "Point", "coordinates": [ 130.217214, 33.278184 ] } },
{ "type": "Feature", "properties": { "ID": 4122415913450, "正式名称": "夢咲胃腸内科", "機関区分": 2, "都道府県コード": 41, "市区町村コード": 201, "所在地": "佐賀県佐賀市兵庫北二丁目３０番２３号", "緯度": 33.272797, "経度": 130.307928, "url": "https://www.iryou.teikyouseido.mhlw.go.jp/znk-web/juminkanja/S2430/initialize?prefCd=41&kikanCd=2415913450&kikanKbn=2", "url2": "http://www.yumesaki-ichounaika.jp", "内容": "夢咲胃腸内科【2:診療所】【診療科目:内科_消化器内科_胃腸内科】佐賀県佐賀市兵庫北二丁目３０番２３号" }, "geometry": { "type": "Point", "coordinates": [ 130.307928, 33.272797 ] } },
{ "type": "Feature", "properties": { "ID": 4122415913610, "正式名称": "医療法人　夢咲クリニック", "機関区分": 2, "都道府県コード": 41, "市区町村コード": 201, "所在地": "佐賀県佐賀市兵庫北一丁目８－２３", "緯度": 33.267548, "経度": 130.309706, "url": "https://www.iryou.teikyouseido.mhlw.go.jp/znk-web/juminkanja/S2430/initialize?prefCd=41&kikanCd=2415913610&kikanKbn=2", "url2": "http://yumesaki.esaga.jp/", "内容": "医療法人　夢咲クリニック【2:診療所】【診療科目:内科_呼吸器内科_腎臓内科】佐賀県佐賀市兵庫北一丁目８－２３" }, "geometry": { "type": "Point", "coordinates": [ 130.309706, 33.267548 ] } },
{ "type": "Feature", "properties": { "ID": 4122415913900, "正式名称": "美川眼科医院", "機関区分": 2, "都道府県コード": 41, "市区町村コード": 201, "所在地": "佐賀県佐賀市松原４－３－２１", "緯度": 33.252244, "経度": 130.307623, "url": "https://www.iryou.teikyouseido.mhlw.go.jp/znk-web/juminkanja/S2430/initialize?prefCd=41&kikanCd=2415913900&kikanKbn=2", "url2": "https://www.yt-eyeclinic.or.jp/", "内容": "美川眼科医院【2:診療所】【診療科目:眼科】佐賀県佐賀市松原４－３－２１" }, "geometry": { "type": "Point", "coordinates": [ 130.307623, 33.252244 ] } },
{ "type": "Feature", "properties": { "ID": 4122415914460, "正式名称": "えがしら小児科医院", "機関区分": 2, "都道府県コード": 41, "市区町村コード": 201, "所在地": "佐賀県佐賀市兵庫北二丁目２５番４８号", "緯度": 33.269437, "経度": 130.307651, "url": "https://www.iryou.teikyouseido.mhlw.go.jp/znk-web/juminkanja/S2430/initialize?prefCd=41&kikanCd=2415914460&kikanKbn=2", "url2": "http://www.egashira-kids-clinic.jp", "内容": "えがしら小児科医院【2:診療所】【診療科目:小児科】佐賀県佐賀市兵庫北二丁目２５番４８号" }, "geometry": { "type": "Point", "coordinates": [ 130.307651, 33.269437 ] } },
{ "type": "Feature", "properties": { "ID": 4122415914620, "正式名称": "ささきこどもクリニック", "機関区分": 2, "都道府県コード": 41, "市区町村コード": 201, "所在地": "佐賀県佐賀市大和町尼寺３４２４ー６", "緯度": 33.304314, "経度": 130.278055, "url": "https://www.iryou.teikyouseido.mhlw.go.jp/znk-web/juminkanja/S2430/initialize?prefCd=41&kikanCd=2415914620&kikanKbn=2", "url2": "http://sasaki-child.jp/", "内容": "ささきこどもクリニック【2:診療所】【診療科目:小児科】佐賀県佐賀市大和町尼寺３４２４ー６" }, "geometry": { "type": "Point", "coordinates": [ 130.278055, 33.304314 ] } },
{ "type": "Feature", "properties": { "ID": 4122415915210, "正式名称": "林田耳鼻咽喉科", "機関区分": 2, "都道府県コード": 41, "市区町村コード": 208, "所在地": "佐賀県小城市三日月町長神田２１７１番３", "緯度": 33.277837, "経度": 130.217708, "url": "https://www.iryou.teikyouseido.mhlw.go.jp/znk-web/juminkanja/S2430/initialize?prefCd=41&kikanCd=2415915210&kikanKbn=2", "url2": null, "内容": "林田耳鼻咽喉科【2:診療所】【診療科目:耳鼻いんこう科】佐賀県小城市三日月町長神田２１７１番３" }, "geometry": { "type": "Point", "coordinates": [ 130.217708, 33.277837 ] } },
{ "type": "Feature", "properties": { "ID": 4122415915340, "正式名称": "ＡＧＡスキンクリニック佐賀院", "機関区分": 2, "都道府県コード": 41, "市区町村コード": 201, "所在地": "佐賀県佐賀市駅前中央一丁目１４番２０号七田ビル２Ｆ", "緯度": 33.264306, "経度": 130.29548, "url": "https://www.iryou.teikyouseido.mhlw.go.jp/znk-web/juminkanja/S2430/initialize?prefCd=41&kikanCd=2415915340&kikanKbn=2", "url2": null, "内容": "ＡＧＡスキンクリニック佐賀院【2:診療所】【診療科目:頭部皮膚科】佐賀県佐賀市駅前中央一丁目１４番２０号七田ビル２Ｆ" }, "geometry": { "type": "Point", "coordinates": [ 130.29548, 33.264306 ] } },
{ "type": "Feature", "properties": { "ID": 4122415915760, "正式名称": "医療法人アイクレセント　いなだ小児科　アレルギー科", "機関区分": 2, "都道府県コード": 41, "市区町村コード": 208, "所在地": "佐賀県小城市三日月町長神田２１７３番地３", "緯度": 33.27824, "経度": 130.217436, "url": "https://www.iryou.teikyouseido.mhlw.go.jp/znk-web/juminkanja/S2430/initialize?prefCd=41&kikanCd=2415915760&kikanKbn=2", "url2": "http://www.inada-kids.com", "内容": "医療法人アイクレセント　いなだ小児科　アレルギー科【2:診療所】【診療科目:小児科】佐賀県小城市三日月町長神田２１７３番地３" }, "geometry": { "type": "Point", "coordinates": [ 130.217436, 33.27824 ] } },
{ "type": "Feature", "properties": { "ID": 4122415915890, "正式名称": "医療法人えとう内科　循環器内科", "機関区分": 2, "都道府県コード": 41, "市区町村コード": 201, "所在地": "佐賀県佐賀市神野東４丁目３番１９号", "緯度": 33.267492, "経度": 130.298763, "url": "https://www.iryou.teikyouseido.mhlw.go.jp/znk-web/juminkanja/S2430/initialize?prefCd=41&kikanCd=2415915890&kikanKbn=2", "url2": "http://www.etonaika.com", "内容": "医療法人えとう内科　循環器内科【2:診療所】【診療科目:内科_循環器内科】佐賀県佐賀市神野東４丁目３番１９号" }, "geometry": { "type": "Point", "coordinates": [ 130.298763, 33.267492 ] } },
{ "type": "Feature", "properties": { "ID": 4122415916480, "正式名称": "統合医療　やまのうち小児科　内科", "機関区分": 2, "都道府県コード": 41, "市区町村コード": 201, "所在地": "佐賀県佐賀市兵庫北５−８−７−２", "緯度": 33.273024, "経度": 130.308394, "url": "https://www.iryou.teikyouseido.mhlw.go.jp/znk-web/juminkanja/S2430/initialize?prefCd=41&kikanCd=2415916480&kikanKbn=2", "url2": "http://www.yamanouchishounika.jp/", "内容": "統合医療　やまのうち小児科　内科【2:診療所】【診療科目:内科_漢方内科_アレルギー疾患内科_漢方アレルギー科_小児科_漢方小児科_アレルギー科】佐賀県佐賀市兵庫北５−８−７−２" }, "geometry": { "type": "Point", "coordinates": [ 130.308394, 33.273024 ] } },
{ "type": "Feature", "properties": { "ID": 4122415916510, "正式名称": "じんの内医院", "機関区分": 2, "都道府県コード": 41, "市区町村コード": 201, "所在地": "佐賀県佐賀市新郷本町２４番３号", "緯度": 33.24369, "経度": 130.306929, "url": "https://www.iryou.teikyouseido.mhlw.go.jp/znk-web/juminkanja/S2430/initialize?prefCd=41&kikanCd=2415916510&kikanKbn=2", "url2": "http://www.mc-asagiri.com", "内容": "じんの内医院【2:診療所】【診療科目:内科_循環器内科_腎臓内科_人工透析内科_皮膚科_泌尿器科】佐賀県佐賀市新郷本町２４番３号" }, "geometry": { "type": "Point", "coordinates": [ 130.306929, 33.24369 ] } },
{ "type": "Feature", "properties": { "ID": 4122415916770, "正式名称": "ももた耳鼻咽喉科", "機関区分": 2, "都道府県コード": 41, "市区町村コード": 201, "所在地": "佐賀県佐賀市兵庫北二丁目３１番２６号", "緯度": 33.272112, "経度": 130.307254, "url": "https://www.iryou.teikyouseido.mhlw.go.jp/znk-web/juminkanja/S2430/initialize?prefCd=41&kikanCd=2415916770&kikanKbn=2", "url2": "http://website2.infomity.net/8990000062/", "内容": "ももた耳鼻咽喉科【2:診療所】【診療科目:耳鼻いんこう科】佐賀県佐賀市兵庫北二丁目３１番２６号" }, "geometry": { "type": "Point", "coordinates": [ 130.307254, 33.272112 ] } },
{ "type": "Feature", "properties": { "ID": 4122415917070, "正式名称": "佐賀県医療生活協同組合　多久生協クリニック", "機関区分": 2, "都道府県コード": 41, "市区町村コード": 204, "所在地": "佐賀県多久市東多久町別府３２４５番地５", "緯度": 33.282432, "経度": 130.15033, "url": "https://www.iryou.teikyouseido.mhlw.go.jp/znk-web/juminkanja/S2430/initialize?prefCd=41&kikanCd=2415917070&kikanKbn=2", "url2": "http://www.saga-iryou-s.or.jp/", "内容": "佐賀県医療生活協同組合　多久生協クリニック【2:診療所】【診療科目:内科_小児科】佐賀県多久市東多久町別府３２４５番地５" }, "geometry": { "type": "Point", "coordinates": [ 130.15033, 33.282432 ] } },
{ "type": "Feature", "properties": { "ID": 4122415917230, "正式名称": "第一心療クリニック", "機関区分": 2, "都道府県コード": 41, "市区町村コード": 201, "所在地": "佐賀県佐賀市駅南本町６ー４佐賀中央第一生命ビル４Ｆ", "緯度": 33.261461, "経度": 130.298729, "url": "https://www.iryou.teikyouseido.mhlw.go.jp/znk-web/juminkanja/S2430/initialize?prefCd=41&kikanCd=2415917230&kikanKbn=2", "url2": null, "内容": "第一心療クリニック【2:診療所】【診療科目:精神科】佐賀県佐賀市駅南本町６ー４佐賀中央第一生命ビル４Ｆ" }, "geometry": { "type": "Point", "coordinates": [ 130.298729, 33.261461 ] } },
{ "type": "Feature", "properties": { "ID": 4122415917360, "正式名称": "医療法人かたえ内科　呼吸器クリニック", "機関区分": 2, "都道府県コード": 41, "市区町村コード": 201, "所在地": "佐賀県佐賀市高木瀬町長瀬１２４５ー３", "緯度": 33.291915, "経度": 130.286263, "url": "https://www.iryou.teikyouseido.mhlw.go.jp/znk-web/juminkanja/S2430/initialize?prefCd=41&kikanCd=2415917360&kikanKbn=2", "url2": null, "内容": "医療法人かたえ内科　呼吸器クリニック【2:診療所】【診療科目:内科_呼吸器内科】佐賀県佐賀市高木瀬町長瀬１２４５ー３" }, "geometry": { "type": "Point", "coordinates": [ 130.286263, 33.291915 ] } },
{ "type": "Feature", "properties": { "ID": 4122415917810, "正式名称": "しげた総合診療クリニック", "機関区分": 2, "都道府県コード": 41, "市区町村コード": 201, "所在地": "佐賀県佐賀市大和町川上３２３ー１", "緯度": 33.315736, "経度": 130.26588, "url": "https://www.iryou.teikyouseido.mhlw.go.jp/znk-web/juminkanja/S2430/initialize?prefCd=41&kikanCd=2415917810&kikanKbn=2", "url2": "http://www.shigetaclinic-saga.com/", "内容": "しげた総合診療クリニック【2:診療所】【診療科目:内科_糖尿病内科_糖尿病・内分泌内科_肝臓内科_漢方内科_老年内科_アレルギー疾患内科_漢方アレルギー科_小児科_漢方小児科_心療内科_アレルギー科_リウマチ科_健康診断、禁煙外来、健診】佐賀県佐賀市大和町川上３２３ー１" }, "geometry": { "type": "Point", "coordinates": [ 130.26588, 33.315736 ] } },
{ "type": "Feature", "properties": { "ID": 4122415918240, "正式名称": "きりんクリニック", "機関区分": 2, "都道府県コード": 41, "市区町村コード": 201, "所在地": "佐賀県佐賀市久保泉町上和泉２２３２－１", "緯度": 33.304677, "経度": 130.316033, "url": "https://www.iryou.teikyouseido.mhlw.go.jp/znk-web/juminkanja/S2430/initialize?prefCd=41&kikanCd=2415918240&kikanKbn=2", "url2": "http://kirin-saga.or.jp", "内容": "きりんクリニック【2:診療所】【診療科目:内科_小児科_アレルギー科_リハビリテーション科_在宅医療、健康診断、健診】佐賀県佐賀市久保泉町上和泉２２３２－１" }, "geometry": { "type": "Point", "coordinates": [ 130.316033, 33.304677 ] } },
{ "type": "Feature", "properties": { "ID": 4122415918400, "正式名称": "若楠クリニック", "機関区分": 2, "都道府県コード": 41, "市区町村コード": 201, "所在地": "佐賀県佐賀市駅前中央１−１０−３７　佐賀駅前センタービル６階", "緯度": 33.263482, "経度": 130.296824, "url": "https://www.iryou.teikyouseido.mhlw.go.jp/znk-web/juminkanja/S2430/initialize?prefCd=41&kikanCd=2415918400&kikanKbn=2", "url2": "http://wakakusu.p2.weblife.me/", "内容": "若楠クリニック【2:診療所】【診療科目:精神科_心療内科】佐賀県佐賀市駅前中央１−１０−３７　佐賀駅前センタービル６階" }, "geometry": { "type": "Point", "coordinates": [ 130.296824, 33.263482 ] } },
{ "type": "Feature", "properties": { "ID": 4122415918530, "正式名称": "医療法人　ｄａｙｓ　すこやか女性クリニック", "機関区分": 2, "都道府県コード": 41, "市区町村コード": 201, "所在地": "佐賀県佐賀市白山２ー７ー１　エスプラッツ２Ｆ", "緯度": 33.255163, "経度": 130.302129, "url": "https://www.iryou.teikyouseido.mhlw.go.jp/znk-web/juminkanja/S2430/initialize?prefCd=41&kikanCd=2415918530&kikanKbn=2", "url2": "http://sukoyaka-jyosei.p2.weblife.me/index.html", "内容": "医療法人　ｄａｙｓ　すこやか女性クリニック【2:診療所】【診療科目:女性内科_婦人科】佐賀県佐賀市白山２ー７ー１　エスプラッツ２Ｆ" }, "geometry": { "type": "Point", "coordinates": [ 130.302129, 33.255163 ] } },
{ "type": "Feature", "properties": { "ID": 4122415918660, "正式名称": "まつした耳鼻咽喉科クリニック", "機関区分": 2, "都道府県コード": 41, "市区町村コード": 201, "所在地": "佐賀県佐賀市北川副町光法１４８４－１", "緯度": 33.232891, "経度": 130.331614, "url": "https://www.iryou.teikyouseido.mhlw.go.jp/znk-web/juminkanja/S2430/initialize?prefCd=41&kikanCd=2415918660&kikanKbn=2", "url2": "http://www.matsushita-ent.com/index.html", "内容": "まつした耳鼻咽喉科クリニック【2:診療所】【診療科目:耳鼻いんこう科】佐賀県佐賀市北川副町光法１４８４－１" }, "geometry": { "type": "Point", "coordinates": [ 130.331614, 33.232891 ] } },
{ "type": "Feature", "properties": { "ID": 4122415918790, "正式名称": "こやなぎ内科クリニック", "機関区分": 2, "都道府県コード": 41, "市区町村コード": 201, "所在地": "佐賀県佐賀市高木瀬町長瀬九六九ノ一アルタ高木瀬店二階", "緯度": 33.292385, "経度": 130.286063, "url": "https://www.iryou.teikyouseido.mhlw.go.jp/znk-web/juminkanja/S2430/initialize?prefCd=41&kikanCd=2415918790&kikanKbn=2", "url2": "http://koyanaginaika.ec-net.jp/", "内容": "こやなぎ内科クリニック【2:診療所】【診療科目:内科_消化器内科】佐賀県佐賀市高木瀬町長瀬九六九ノ一アルタ高木瀬店二階" }, "geometry": { "type": "Point", "coordinates": [ 130.286063, 33.292385 ] } },
{ "type": "Feature", "properties": { "ID": 4122415918820, "正式名称": "産婦人科なかなみクリニック", "機関区分": 2, "都道府県コード": 41, "市区町村コード": 201, "所在地": "佐賀県佐賀市木原１－２４－３８", "緯度": 33.242134, "経度": 130.315623, "url": "https://www.iryou.teikyouseido.mhlw.go.jp/znk-web/juminkanja/S2430/initialize?prefCd=41&kikanCd=2415918820&kikanKbn=2", "url2": "https://www.nakanami-cl.com", "内容": "産婦人科なかなみクリニック【2:診療所】【診療科目:産科_婦人科_禁煙外来、プラセンタ治療】佐賀県佐賀市木原１－２４－３８" }, "geometry": { "type": "Point", "coordinates": [ 130.315623, 33.242134 ] } },
{ "type": "Feature", "properties": { "ID": 4122415918950, "正式名称": "やさか内科皮膚科", "機関区分": 2, "都道府県コード": 41, "市区町村コード": 201, "所在地": "佐賀県佐賀市木原１丁目２４ー３８", "緯度": 33.241703, "経度": 130.316305, "url": "https://www.iryou.teikyouseido.mhlw.go.jp/znk-web/juminkanja/S2430/initialize?prefCd=41&kikanCd=2415918950&kikanKbn=2", "url2": null, "内容": "やさか内科皮膚科【2:診療所】【診療科目:内科_胃腸内科_漢方内科_内視鏡内科_皮膚科】佐賀県佐賀市木原１丁目２４ー３８" }, "geometry": { "type": "Point", "coordinates": [ 130.316305, 33.241703 ] } },
{ "type": "Feature", "properties": { "ID": 4122415919090, "正式名称": "いちはら耳鼻咽喉科クリニック", "機関区分": 2, "都道府県コード": 41, "市区町村コード": 201, "所在地": "佐賀県佐賀市嘉瀬町大字扇町２４６９−２６", "緯度": 33.242852, "経度": 130.26663, "url": "https://www.iryou.teikyouseido.mhlw.go.jp/znk-web/juminkanja/S2430/initialize?prefCd=41&kikanCd=2415919090&kikanKbn=2", "url2": "http://ichihara-clinic.com", "内容": "いちはら耳鼻咽喉科クリニック【2:診療所】【診療科目:小児耳鼻いんこう科_耳鼻いんこう科_アレルギー科】佐賀県佐賀市嘉瀬町大字扇町２４６９−２６" }, "geometry": { "type": "Point", "coordinates": [ 130.26663, 33.242852 ] } },
{ "type": "Feature", "properties": { "ID": 4122415919120, "正式名称": "医療法人　真晴会　萩原脳神経外科クリニック", "機関区分": 2, "都道府県コード": 41, "市区町村コード": 201, "所在地": "佐賀県佐賀市木原１－２４－３８", "緯度": 33.243049, "経度": 130.315732, "url": "https://www.iryou.teikyouseido.mhlw.go.jp/znk-web/juminkanja/S2430/initialize?prefCd=41&kikanCd=2415919120&kikanKbn=2", "url2": "https://hagihara-clinic.jp", "内容": "医療法人　真晴会　萩原脳神経外科クリニック【2:診療所】【診療科目:脳神経外科】佐賀県佐賀市木原１－２４－３８" }, "geometry": { "type": "Point", "coordinates": [ 130.315732, 33.243049 ] } },
{ "type": "Feature", "properties": { "ID": 4122415919670, "正式名称": "医療法人　尽心会　百武整形外科　スポーツクリニック", "機関区分": 2, "都道府県コード": 41, "市区町村コード": 201, "所在地": "佐賀県佐賀市水ケ江４丁目２番１５号", "緯度": 33.243981, "経度": 130.308751, "url": "https://www.iryou.teikyouseido.mhlw.go.jp/znk-web/juminkanja/S2430/initialize?prefCd=41&kikanCd=2415919670&kikanKbn=2", "url2": "http://www.hyakutake-hp.com/", "内容": "医療法人　尽心会　百武整形外科　スポーツクリニック【2:診療所】【診療科目:整形外科_リウマチ科_リハビリテーション科】佐賀県佐賀市水ケ江４丁目２番１５号" }, "geometry": { "type": "Point", "coordinates": [ 130.308751, 33.243981 ] } },
{ "type": "Feature", "properties": { "ID": 4122415919700, "正式名称": "植田産婦人科内科医院", "機関区分": 2, "都道府県コード": 41, "市区町村コード": 201, "所在地": "佐賀県佐賀市与賀町２番５３号", "緯度": 33.249239, "経度": 130.294469, "url": "https://www.iryou.teikyouseido.mhlw.go.jp/znk-web/juminkanja/S2430/initialize?prefCd=41&kikanCd=2415919700&kikanKbn=2", "url2": "http://www.ueta-fukuda.com", "内容": "植田産婦人科内科医院【2:診療所】【診療科目:内科_婦人科】佐賀県佐賀市与賀町２番５３号" }, "geometry": { "type": "Point", "coordinates": [ 130.294469, 33.249239 ] } },
{ "type": "Feature", "properties": { "ID": 4122415919830, "正式名称": "医療法人　しまのえ耳鼻咽喉科", "機関区分": 2, "都道府県コード": 41, "市区町村コード": 201, "所在地": "佐賀県佐賀市神野東４丁目３−２９", "緯度": 33.267703, "経度": 130.299182, "url": "https://www.iryou.teikyouseido.mhlw.go.jp/znk-web/juminkanja/S2430/initialize?prefCd=41&kikanCd=2415919830&kikanKbn=2", "url2": null, "内容": "医療法人　しまのえ耳鼻咽喉科【2:診療所】【診療科目:耳鼻いんこう科】佐賀県佐賀市神野東４丁目３−２９" }, "geometry": { "type": "Point", "coordinates": [ 130.299182, 33.267703 ] } },
{ "type": "Feature", "properties": { "ID": 4122415919960, "正式名称": "わたなべ女性内科", "機関区分": 2, "都道府県コード": 41, "市区町村コード": 201, "所在地": "佐賀県佐賀市鍋島町大字森田５９４ー１", "緯度": 33.2754, "経度": 130.261052, "url": "https://www.iryou.teikyouseido.mhlw.go.jp/znk-web/juminkanja/S2430/initialize?prefCd=41&kikanCd=2415919960&kikanKbn=2", "url2": null, "内容": "わたなべ女性内科【2:診療所】【診療科目:内科_漢方内科_女性内科_プラセンタ治療】佐賀県佐賀市鍋島町大字森田５９４ー１" }, "geometry": { "type": "Point", "coordinates": [ 130.261052, 33.2754 ] } },
{ "type": "Feature", "properties": { "ID": 4122415920070, "正式名称": "ひらまつクリニック", "機関区分": 2, "都道府県コード": 41, "市区町村コード": 208, "所在地": "佐賀県小城市小城町８１５－１", "緯度": 33.301126, "経度": 130.205907, "url": "https://www.iryou.teikyouseido.mhlw.go.jp/znk-web/juminkanja/S2430/initialize?prefCd=41&kikanCd=2415920070&kikanKbn=2", "url2": "http://www.hiramatsu-hp.or.jp", "内容": "ひらまつクリニック【2:診療所】【診療科目:内科_人工透析内科_乳腺外科_婦人科_精神科_リハビリテーション科_放射線科】佐賀県小城市小城町８１５－１" }, "geometry": { "type": "Point", "coordinates": [ 130.205907, 33.301126 ] } },
{ "type": "Feature", "properties": { "ID": 4122415920100, "正式名称": "おおつぼ内科医院", "機関区分": 2, "都道府県コード": 41, "市区町村コード": 210, "所在地": "佐賀県神埼市神埼町本堀３１９９－１", "緯度": 33.303462, "経度": 130.378227, "url": "https://www.iryou.teikyouseido.mhlw.go.jp/znk-web/juminkanja/S2430/initialize?prefCd=41&kikanCd=2415920100&kikanKbn=2", "url2": null, "内容": "おおつぼ内科医院【2:診療所】【診療科目:内科_消化器内科】佐賀県神埼市神埼町本堀３１９９－１" }, "geometry": { "type": "Point", "coordinates": [ 130.378227, 33.303462 ] } },
{ "type": "Feature", "properties": { "ID": 4122415920490, "正式名称": "こいけクリニック", "機関区分": 2, "都道府県コード": 41, "市区町村コード": 201, "所在地": "佐賀県佐賀市兵庫北２丁目１９番１２号", "緯度": 33.269806, "経度": 130.308671, "url": "https://www.iryou.teikyouseido.mhlw.go.jp/znk-web/juminkanja/S2430/initialize?prefCd=41&kikanCd=2415920490&kikanKbn=2", "url2": "http://www.koikeclinic1001.com/", "内容": "こいけクリニック【2:診療所】【診療科目:内科_内分泌内科_外科_乳腺外科】佐賀県佐賀市兵庫北２丁目１９番１２号" }, "geometry": { "type": "Point", "coordinates": [ 130.308671, 33.269806 ] } },
{ "type": "Feature", "properties": { "ID": 4122415920810, "正式名称": "医療法人社団敬愛会健診センター佐賀", "機関区分": 2, "都道府県コード": 41, "市区町村コード": 201, "所在地": "佐賀県佐賀市高木瀬町長瀬１１６７番地２", "緯度": 33.293131, "経度": 130.283668, "url": "https://www.iryou.teikyouseido.mhlw.go.jp/znk-web/juminkanja/S2430/initialize?prefCd=41&kikanCd=2415920810&kikanKbn=2", "url2": "http://kenshinsaga.com/", "内容": "医療法人社団敬愛会健診センター佐賀【2:診療所】【診療科目:健康診断、健診、人間ドック】佐賀県佐賀市高木瀬町長瀬１１６７番地２" }, "geometry": { "type": "Point", "coordinates": [ 130.283668, 33.293131 ] } },
{ "type": "Feature", "properties": { "ID": 4122415921080, "正式名称": "佐賀駅南クリニック", "機関区分": 2, "都道府県コード": 41, "市区町村コード": 201, "所在地": "佐賀県佐賀市駅前中央１ー９−３８佐賀新聞佐賀駅前ビル６階", "緯度": 33.2632, "経度": 130.296822, "url": "https://www.iryou.teikyouseido.mhlw.go.jp/znk-web/juminkanja/S2430/initialize?prefCd=41&kikanCd=2415921080&kikanKbn=2", "url2": "https://www.sagaekiminami-clinic.jp", "内容": "佐賀駅南クリニック【2:診療所】【診療科目:内科_糖尿病・内分泌内科_小児科_児童精神科_発達小児科_精神科】佐賀県佐賀市駅前中央１ー９−３８佐賀新聞佐賀駅前ビル６階" }, "geometry": { "type": "Point", "coordinates": [ 130.296822, 33.2632 ] } },
{ "type": "Feature", "properties": { "ID": 4122415921240, "正式名称": "さがセレニティクリニック", "機関区分": 2, "都道府県コード": 41, "市区町村コード": 201, "所在地": "佐賀県佐賀市鍋島３の２の４", "緯度": 33.280788, "経度": 130.269826, "url": "https://www.iryou.teikyouseido.mhlw.go.jp/znk-web/juminkanja/S2430/initialize?prefCd=41&kikanCd=2415921240&kikanKbn=2", "url2": "http://sagasc.net/index.html", "内容": "さがセレニティクリニック【2:診療所】【診療科目:精神科_心療内科】佐賀県佐賀市鍋島３の２の４" }, "geometry": { "type": "Point", "coordinates": [ 130.269826, 33.280788 ] } },
{ "type": "Feature", "properties": { "ID": 4122415921370, "正式名称": "医療法人　光恵会　おおいし脳　神経リハクリニック", "機関区分": 2, "都道府県コード": 41, "市区町村コード": 201, "所在地": "佐賀県佐賀市鍋島町大字森田６０５ー５", "緯度": 33.275671, "経度": 130.260267, "url": "https://www.iryou.teikyouseido.mhlw.go.jp/znk-web/juminkanja/S2430/initialize?prefCd=41&kikanCd=2415921370&kikanKbn=2", "url2": null, "内容": "医療法人　光恵会　おおいし脳　神経リハクリニック【2:診療所】【診療科目:脳神経外科_リハビリテーション科】佐賀県佐賀市鍋島町大字森田６０５ー５" }, "geometry": { "type": "Point", "coordinates": [ 130.260267, 33.275671 ] } },
{ "type": "Feature", "properties": { "ID": 4122415921660, "正式名称": "医療法人裕和会ゆたか内科　消化器科クリニック", "機関区分": 2, "都道府県コード": 41, "市区町村コード": 201, "所在地": "佐賀県佐賀市兵庫南１丁目２０ー１５", "緯度": 33.260715, "経度": 130.318065, "url": "https://www.iryou.teikyouseido.mhlw.go.jp/znk-web/juminkanja/S2430/initialize?prefCd=41&kikanCd=2415921660&kikanKbn=2", "url2": "http://yutakanaika.com", "内容": "医療法人裕和会ゆたか内科　消化器科クリニック【2:診療所】【診療科目:内科_消化器内科_美容皮膚科】佐賀県佐賀市兵庫南１丁目２０ー１５" }, "geometry": { "type": "Point", "coordinates": [ 130.318065, 33.260715 ] } },
{ "type": "Feature", "properties": { "ID": 4122415921820, "正式名称": "寺田内科", "機関区分": 2, "都道府県コード": 41, "市区町村コード": 201, "所在地": "佐賀県佐賀市大財１丁目８－３０", "緯度": 33.257855, "経度": 130.304429, "url": "https://www.iryou.teikyouseido.mhlw.go.jp/znk-web/juminkanja/S2430/initialize?prefCd=41&kikanCd=2415921820&kikanKbn=2", "url2": null, "内容": "寺田内科【2:診療所】【診療科目:内科_胃腸内科】佐賀県佐賀市大財１丁目８－３０" }, "geometry": { "type": "Point", "coordinates": [ 130.304429, 33.257855 ] } },
{ "type": "Feature", "properties": { "ID": 4122415921950, "正式名称": "上砥川戸塚クリニック", "機関区分": 2, "都道府県コード": 41, "市区町村コード": 208, "所在地": "佐賀県小城市牛津町上砥川１２３４－７", "緯度": 33.238634, "経度": 130.183032, "url": "https://www.iryou.teikyouseido.mhlw.go.jp/znk-web/juminkanja/S2430/initialize?prefCd=41&kikanCd=2415921950&kikanKbn=2", "url2": "https://www.tozuka-clinic.com/", "内容": "上砥川戸塚クリニック【2:診療所】【診療科目:内科_外科_アレルギー科】佐賀県小城市牛津町上砥川１２３４－７" }, "geometry": { "type": "Point", "coordinates": [ 130.183032, 33.238634 ] } },
{ "type": "Feature", "properties": { "ID": 4122415922090, "正式名称": "こば皮ふ科クリニック", "機関区分": 2, "都道府県コード": 41, "市区町村コード": 208, "所在地": "佐賀県小城市三日月町長神田２１７１番地６", "緯度": 33.277837, "経度": 130.217708, "url": "https://www.iryou.teikyouseido.mhlw.go.jp/znk-web/juminkanja/S2430/initialize?prefCd=41&kikanCd=2415922090&kikanKbn=2", "url2": "http://koba-dc2017.xyz/", "内容": "こば皮ふ科クリニック【2:診療所】【診療科目:皮膚科】佐賀県小城市三日月町長神田２１７１番地６" }, "geometry": { "type": "Point", "coordinates": [ 130.217708, 33.277837 ] } },
{ "type": "Feature", "properties": { "ID": 4122415922250, "正式名称": "古賀クリニック", "機関区分": 2, "都道府県コード": 41, "市区町村コード": 201, "所在地": "佐賀県佐賀市水ヶ江１丁目３ー１３ー２", "緯度": 33.250747, "経度": 130.306059, "url": "https://www.iryou.teikyouseido.mhlw.go.jp/znk-web/juminkanja/S2430/initialize?prefCd=41&kikanCd=2415922250&kikanKbn=2", "url2": "http://www.koga-clinic.jp", "内容": "古賀クリニック【2:診療所】【診療科目:内科_外科_形成外科】佐賀県佐賀市水ヶ江１丁目３ー１３ー２" }, "geometry": { "type": "Point", "coordinates": [ 130.306059, 33.250747 ] } },
{ "type": "Feature", "properties": { "ID": 4122415922380, "正式名称": "医療法人森山胃腸科", "機関区分": 2, "都道府県コード": 41, "市区町村コード": 201, "所在地": "佐賀県佐賀市諸富町大堂９３７ー１", "緯度": 33.235636, "経度": 130.354286, "url": "https://www.iryou.teikyouseido.mhlw.go.jp/znk-web/juminkanja/S2430/initialize?prefCd=41&kikanCd=2415922380&kikanKbn=2", "url2": "http://www.moriyama-clinic.com/index.html", "内容": "医療法人森山胃腸科【2:診療所】【診療科目:内科_消化器内科_リハビリテーション科】佐賀県佐賀市諸富町大堂９３７ー１" }, "geometry": { "type": "Point", "coordinates": [ 130.354286, 33.235636 ] } },
{ "type": "Feature", "properties": { "ID": 4122415922700, "正式名称": "佐賀市休日夜間こども診療所", "機関区分": 2, "都道府県コード": 41, "市区町村コード": 201, "所在地": "佐賀県佐賀市水ケ江１丁目１２－１１", "緯度": 33.24802, "経度": 130.305619, "url": "https://www.iryou.teikyouseido.mhlw.go.jp/znk-web/juminkanja/S2430/initialize?prefCd=41&kikanCd=2415922700&kikanKbn=2", "url2": "https://www.city.saga.lg.jp/main/895.html", "内容": "佐賀市休日夜間こども診療所【2:診療所】【診療科目:小児科】佐賀県佐賀市水ケ江１丁目１２－１１" }, "geometry": { "type": "Point", "coordinates": [ 130.305619, 33.24802 ] } },
{ "type": "Feature", "properties": { "ID": 4122415922830, "正式名称": "さが恵比須メンタルくりにっく", "機関区分": 2, "都道府県コード": 41, "市区町村コード": 201, "所在地": "佐賀県佐賀市鍋島町大字森田１０８９番地１", "緯度": 33.270676, "経度": 130.255472, "url": "https://www.iryou.teikyouseido.mhlw.go.jp/znk-web/juminkanja/S2430/initialize?prefCd=41&kikanCd=2415922830&kikanKbn=2", "url2": "https://saga-act.com/saga-ebisu/", "内容": "さが恵比須メンタルくりにっく【2:診療所】【診療科目:精神科_心療内科】佐賀県佐賀市鍋島町大字森田１０８９番地１" }, "geometry": { "type": "Point", "coordinates": [ 130.255472, 33.270676 ] } },
{ "type": "Feature", "properties": { "ID": 4122415923000, "正式名称": "医療法人新恵会みね内科循環器科クリニック", "機関区分": 2, "都道府県コード": 41, "市区町村コード": 201, "所在地": "佐賀県佐賀市高木瀬町東高木２３１ー１２", "緯度": 33.273767, "経度": 130.30039, "url": "https://www.iryou.teikyouseido.mhlw.go.jp/znk-web/juminkanja/S2430/initialize?prefCd=41&kikanCd=2415923000&kikanKbn=2", "url2": "https://mine-cl.jp", "内容": "医療法人新恵会みね内科循環器科クリニック【2:診療所】【診療科目:内科_循環器内科_眼科_リハビリテーション科_禁煙外来】佐賀県佐賀市高木瀬町東高木２３１ー１２" }, "geometry": { "type": "Point", "coordinates": [ 130.30039, 33.273767 ] } },
{ "type": "Feature", "properties": { "ID": 4122415923260, "正式名称": "にしかわ整形外科クリニック", "機関区分": 2, "都道府県コード": 41, "市区町村コード": 208, "所在地": "佐賀県小城市三日月町長神田２１７１－５", "緯度": 33.277837, "経度": 130.217708, "url": "https://www.iryou.teikyouseido.mhlw.go.jp/znk-web/juminkanja/S2430/initialize?prefCd=41&kikanCd=2415923260&kikanKbn=2", "url2": "http://www.nishikawa-eijun.com", "内容": "にしかわ整形外科クリニック【2:診療所】【診療科目:整形外科】佐賀県小城市三日月町長神田２１７１－５" }, "geometry": { "type": "Point", "coordinates": [ 130.217708, 33.277837 ] } },
{ "type": "Feature", "properties": { "ID": 4122415923420, "正式名称": "山口眼科医院", "機関区分": 2, "都道府県コード": 41, "市区町村コード": 201, "所在地": "佐賀県佐賀市松原２丁目１１－２０", "緯度": 33.252533, "経度": 130.302487, "url": "https://www.iryou.teikyouseido.mhlw.go.jp/znk-web/juminkanja/S2430/initialize?prefCd=41&kikanCd=2415923420&kikanKbn=2", "url2": "http://yamaguchi-ec.main.jp/", "内容": "山口眼科医院【2:診療所】【診療科目:眼科】佐賀県佐賀市松原２丁目１１－２０" }, "geometry": { "type": "Point", "coordinates": [ 130.302487, 33.252533 ] } },
{ "type": "Feature", "properties": { "ID": 4122415923550, "正式名称": "医療法人　いさがいこどもクリニック", "機関区分": 2, "都道府県コード": 41, "市区町村コード": 201, "所在地": "佐賀県佐賀市西与賀町高太郎１２６－１５", "緯度": 33.226545, "経度": 130.270815, "url": "https://www.iryou.teikyouseido.mhlw.go.jp/znk-web/juminkanja/S2430/initialize?prefCd=41&kikanCd=2415923550&kikanKbn=2", "url2": "https://isagai-ped.jp/", "内容": "医療法人　いさがいこどもクリニック【2:診療所】【診療科目:内科_小児科_アレルギー科】佐賀県佐賀市西与賀町高太郎１２６－１５" }, "geometry": { "type": "Point", "coordinates": [ 130.270815, 33.226545 ] } },
{ "type": "Feature", "properties": { "ID": 4122415923680, "正式名称": "医療法人慶仁会森川耳鼻咽喉科", "機関区分": 2, "都道府県コード": 41, "市区町村コード": 201, "所在地": "佐賀県佐賀市本庄町本庄１２６６ー１", "緯度": 33.250105, "経度": 130.283487, "url": "https://www.iryou.teikyouseido.mhlw.go.jp/znk-web/juminkanja/S2430/initialize?prefCd=41&kikanCd=2415923680&kikanKbn=2", "url2": null, "内容": "医療法人慶仁会森川耳鼻咽喉科【2:診療所】【診療科目:耳鼻いんこう科】佐賀県佐賀市本庄町本庄１２６６ー１" }, "geometry": { "type": "Point", "coordinates": [ 130.283487, 33.250105 ] } },
{ "type": "Feature", "properties": { "ID": 4122415923840, "正式名称": "医療法人正和会　志田内科", "機関区分": 2, "都道府県コード": 41, "市区町村コード": 201, "所在地": "佐賀県佐賀市水ヶ江２ー７ー２３", "緯度": 33.249106, "経度": 130.307818, "url": "https://www.iryou.teikyouseido.mhlw.go.jp/znk-web/juminkanja/S2430/initialize?prefCd=41&kikanCd=2415923840&kikanKbn=2", "url2": "http://www.shida-hp.com", "内容": "医療法人正和会　志田内科【2:診療所】【診療科目:内科_循環器内科_胃腸内科_リハビリテーション科】佐賀県佐賀市水ヶ江２ー７ー２３" }, "geometry": { "type": "Point", "coordinates": [ 130.307818, 33.249106 ] } },
{ "type": "Feature", "properties": { "ID": 4122415923970, "正式名称": "医療法人　正島脳神経外科", "機関区分": 2, "都道府県コード": 41, "市区町村コード": 201, "所在地": "佐賀県佐賀市鍋島１ー３－１０", "緯度": 33.275824, "経度": 130.270959, "url": "https://www.iryou.teikyouseido.mhlw.go.jp/znk-web/juminkanja/S2430/initialize?prefCd=41&kikanCd=2415923970&kikanKbn=2", "url2": "https://shojima-neuro.com/introduction", "内容": "医療法人　正島脳神経外科【2:診療所】【診療科目:外科_脳神経外科_リハビリテーション科】佐賀県佐賀市鍋島１ー３－１０" }, "geometry": { "type": "Point", "coordinates": [ 130.270959, 33.275824 ] } },
{ "type": "Feature", "properties": { "ID": 4122415924270, "正式名称": "医療法人　おおたゆうこ小児科", "機関区分": 2, "都道府県コード": 41, "市区町村コード": 201, "所在地": "佐賀県佐賀市木原二丁目２３ー１", "緯度": 33.24234, "経度": 130.322227, "url": "https://www.iryou.teikyouseido.mhlw.go.jp/znk-web/juminkanja/S2430/initialize?prefCd=41&kikanCd=2415924270&kikanKbn=2", "url2": null, "内容": "医療法人　おおたゆうこ小児科【2:診療所】【診療科目:内科_小児科_禁煙外来】佐賀県佐賀市木原二丁目２３ー１" }, "geometry": { "type": "Point", "coordinates": [ 130.322227, 33.24234 ] } },
{ "type": "Feature", "properties": { "ID": 4122415924430, "正式名称": "ぶどうの木クリニック", "機関区分": 2, "都道府県コード": 41, "市区町村コード": 201, "所在地": "佐賀県佐賀市水ケ江１丁目２番２１号", "緯度": 33.250602, "経度": 130.30461, "url": "https://www.iryou.teikyouseido.mhlw.go.jp/znk-web/juminkanja/S2430/initialize?prefCd=41&kikanCd=2415924430&kikanKbn=2", "url2": "http://budounoki-mc.jp/", "内容": "ぶどうの木クリニック【2:診療所】【診療科目:内科_循環器内科_外科】佐賀県佐賀市水ケ江１丁目２番２１号" }, "geometry": { "type": "Point", "coordinates": [ 130.30461, 33.250602 ] } },
{ "type": "Feature", "properties": { "ID": 4122415924560, "正式名称": "クリニック新生", "機関区分": 2, "都道府県コード": 41, "市区町村コード": 201, "所在地": "佐賀県佐賀市新生町５ー１５", "緯度": 33.254444, "経度": 130.279891, "url": "https://www.iryou.teikyouseido.mhlw.go.jp/znk-web/juminkanja/S2430/initialize?prefCd=41&kikanCd=2415924560&kikanKbn=2", "url2": "https://clinic-shinsei.com/", "内容": "クリニック新生【2:診療所】【診療科目:内科_外科_美容皮膚科_禁煙外来、ボトックス外来、プラセンタ治療、健康診断、予防医療】佐賀県佐賀市新生町５ー１５" }, "geometry": { "type": "Point", "coordinates": [ 130.279891, 33.254444 ] } },
{ "type": "Feature", "properties": { "ID": 4122415924690, "正式名称": "とも眼科", "機関区分": 2, "都道府県コード": 41, "市区町村コード": 201, "所在地": "佐賀県佐賀市兵庫南１丁目２２ー１１", "緯度": 33.259689, "経度": 130.318989, "url": "https://www.iryou.teikyouseido.mhlw.go.jp/znk-web/juminkanja/S2430/initialize?prefCd=41&kikanCd=2415924690&kikanKbn=2", "url2": "https://www.tomoganka.jp/", "内容": "とも眼科【2:診療所】【診療科目:眼科】佐賀県佐賀市兵庫南１丁目２２ー１１" }, "geometry": { "type": "Point", "coordinates": [ 130.318989, 33.259689 ] } },
{ "type": "Feature", "properties": { "ID": 4122415924850, "正式名称": "のぐちクリニック", "機関区分": 2, "都道府県コード": 41, "市区町村コード": 201, "所在地": "佐賀県佐賀市駅前中央１丁目４番１７号　コムボックス佐賀駅前２階", "緯度": 33.2636, "経度": 130.298279, "url": "https://www.iryou.teikyouseido.mhlw.go.jp/znk-web/juminkanja/S2430/initialize?prefCd=41&kikanCd=2415924850&kikanKbn=2", "url2": "https://www.seiyuukai.org/", "内容": "のぐちクリニック【2:診療所】【診療科目:脳神経外科_精神科_心療内科】佐賀県佐賀市駅前中央１丁目４番１７号　コムボックス佐賀駅前２階" }, "geometry": { "type": "Point", "coordinates": [ 130.298279, 33.2636 ] } },
{ "type": "Feature", "properties": { "ID": 4122415924980, "正式名称": "医療法人紫陽会　あじさいクリニック乳腺外科", "機関区分": 2, "都道府県コード": 41, "市区町村コード": 201, "所在地": "佐賀県佐賀市駅前中央１−４−１７　２Ｆ", "緯度": 33.264456, "経度": 130.298367, "url": "https://www.iryou.teikyouseido.mhlw.go.jp/znk-web/juminkanja/S2430/initialize?prefCd=41&kikanCd=2415924980&kikanKbn=2", "url2": "http://ajisaiclinic.com", "内容": "医療法人紫陽会　あじさいクリニック乳腺外科【2:診療所】【診療科目:乳腺外科】佐賀県佐賀市駅前中央１−４−１７　２Ｆ" }, "geometry": { "type": "Point", "coordinates": [ 130.298367, 33.264456 ] } },
{ "type": "Feature", "properties": { "ID": 4122415925020, "正式名称": "医療法人匠双隆　古賀眼科", "機関区分": 2, "都道府県コード": 41, "市区町村コード": 201, "所在地": "佐賀県佐賀市鍋島町森田４１６ー１", "緯度": 33.269282, "経度": 130.261309, "url": "https://www.iryou.teikyouseido.mhlw.go.jp/znk-web/juminkanja/S2430/initialize?prefCd=41&kikanCd=2415925020&kikanKbn=2", "url2": "https://www.kogaganka-saga.jp/", "内容": "医療法人匠双隆　古賀眼科【2:診療所】【診療科目:眼科】佐賀県佐賀市鍋島町森田４１６ー１" }, "geometry": { "type": "Point", "coordinates": [ 130.261309, 33.269282 ] } },
{ "type": "Feature", "properties": { "ID": 4122415925150, "正式名称": "医療法人　コールメディカルクリニック佐賀", "機関区分": 2, "都道府県コード": 41, "市区町村コード": 201, "所在地": "佐賀県佐賀市鍋島４丁目１番２３号", "緯度": 33.283235, "経度": 130.26922, "url": "https://www.iryou.teikyouseido.mhlw.go.jp/znk-web/juminkanja/S2430/initialize?prefCd=41&kikanCd=2415925150&kikanKbn=2", "url2": "http://www.call-med-sag.com/", "内容": "医療法人　コールメディカルクリニック佐賀【2:診療所】【診療科目:内科_循環器内科】佐賀県佐賀市鍋島４丁目１番２３号" }, "geometry": { "type": "Point", "coordinates": [ 130.26922, 33.283235 ] } },
{ "type": "Feature", "properties": { "ID": 4122415925570, "正式名称": "神埼市国民健康保険脊振診療所", "機関区分": 2, "都道府県コード": 41, "市区町村コード": 210, "所在地": "佐賀県神埼市脊振町広滝５５５番地１", "緯度": 33.377349, "経度": 130.326564, "url": "https://www.iryou.teikyouseido.mhlw.go.jp/znk-web/juminkanja/S2430/initialize?prefCd=41&kikanCd=2415925570&kikanKbn=2", "url2": "https://www.city.kanzaki.saga.jp/main/467.html", "内容": "神埼市国民健康保険脊振診療所【2:診療所】【診療科目:内科_内視鏡内科_外科_歯科_歯科口腔外科】佐賀県神埼市脊振町広滝５５５番地１" }, "geometry": { "type": "Point", "coordinates": [ 130.326564, 33.377349 ] } },
{ "type": "Feature", "properties": { "ID": 4122415925600, "正式名称": "あまねクリニック", "機関区分": 2, "都道府県コード": 41, "市区町村コード": 208, "所在地": "佐賀県小城市三日月町金田１１７７番地５", "緯度": 33.260505, "経度": 130.227955, "url": "https://www.iryou.teikyouseido.mhlw.go.jp/znk-web/juminkanja/S2430/initialize?prefCd=41&kikanCd=2415925600&kikanKbn=2", "url2": null, "内容": "あまねクリニック【2:診療所】【診療科目:小児科】佐賀県小城市三日月町金田１１７７番地５" }, "geometry": { "type": "Point", "coordinates": [ 130.227955, 33.260505 ] } },
{ "type": "Feature", "properties": { "ID": 4122415925860, "正式名称": "ふくなが眼科", "機関区分": 2, "都道府県コード": 41, "市区町村コード": 201, "所在地": "佐賀県佐賀市開成６丁目８ー２１", "緯度": 33.27039, "経度": 130.27558, "url": "https://www.iryou.teikyouseido.mhlw.go.jp/znk-web/juminkanja/S2430/initialize?prefCd=41&kikanCd=2415925860&kikanKbn=2", "url2": "https://www.fukunaga-ganka.com", "内容": "ふくなが眼科【2:診療所】【診療科目:眼科】佐賀県佐賀市開成６丁目８ー２１" }, "geometry": { "type": "Point", "coordinates": [ 130.27558, 33.27039 ] } },
{ "type": "Feature", "properties": { "ID": 4122415926030, "正式名称": "さかえまち整形外科", "機関区分": 2, "都道府県コード": 41, "市区町村コード": 201, "所在地": "佐賀県佐賀市駅前中央４ー１７コムボックス佐賀駅前２Ｆ", "緯度": 33.264482, "経度": 130.300099, "url": "https://www.iryou.teikyouseido.mhlw.go.jp/znk-web/juminkanja/S2430/initialize?prefCd=41&kikanCd=2415926030&kikanKbn=2", "url2": "http://www.saga-sakaemachi.com/", "内容": "さかえまち整形外科【2:診療所】【診療科目:整形外科_手外科_リハビリテーション科】佐賀県佐賀市駅前中央４ー１７コムボックス佐賀駅前２Ｆ" }, "geometry": { "type": "Point", "coordinates": [ 130.300099, 33.264482 ] } },
{ "type": "Feature", "properties": { "ID": 4122415926580, "正式名称": "坂井医院", "機関区分": 2, "都道府県コード": 41, "市区町村コード": 201, "所在地": "佐賀県佐賀市川副町大字犬井道６１５ーロ", "緯度": 33.184966, "経度": 130.319103, "url": "https://www.iryou.teikyouseido.mhlw.go.jp/znk-web/juminkanja/S2430/initialize?prefCd=41&kikanCd=2415926580&kikanKbn=2", "url2": null, "内容": "坂井医院【2:診療所】【診療科目:内科】佐賀県佐賀市川副町大字犬井道６１５ーロ" }, "geometry": { "type": "Point", "coordinates": [ 130.319103, 33.184966 ] } },
{ "type": "Feature", "properties": { "ID": 4122415926740, "正式名称": "かすがの杜こどもクリニック", "機関区分": 2, "都道府県コード": 41, "市区町村コード": 201, "所在地": "佐賀県佐賀市大和町尼寺２６６０⁻３", "緯度": 33.309825, "経度": 130.281914, "url": "https://www.iryou.teikyouseido.mhlw.go.jp/znk-web/juminkanja/S2430/initialize?prefCd=41&kikanCd=2415926740&kikanKbn=2", "url2": "https://kasugakodomo.com/", "内容": "かすがの杜こどもクリニック【2:診療所】【診療科目:小児科_小児泌尿器科_小児腎臓内科】佐賀県佐賀市大和町尼寺２６６０⁻３" }, "geometry": { "type": "Point", "coordinates": [ 130.281914, 33.309825 ] } },
{ "type": "Feature", "properties": { "ID": 4122415926900, "正式名称": "かとうクリニック　内科　呼吸器内科", "機関区分": 2, "都道府県コード": 41, "市区町村コード": 201, "所在地": "佐賀県佐賀市本庄町末次２９ー１２", "緯度": 33.232563, "経度": 130.30174, "url": "https://www.iryou.teikyouseido.mhlw.go.jp/znk-web/juminkanja/S2430/initialize?prefCd=41&kikanCd=2415926900&kikanKbn=2", "url2": "https://katonaika.jp/", "内容": "かとうクリニック　内科　呼吸器内科【2:診療所】【診療科目:内科_呼吸器内科_アレルギー疾患内科_高血圧内科_アレルギー科_健診、人間ドック、禁煙外来】佐賀県佐賀市本庄町末次２９ー１２" }, "geometry": { "type": "Point", "coordinates": [ 130.30174, 33.232563 ] } },
{ "type": "Feature", "properties": { "ID": 4122415927040, "正式名称": "あさのはこどもクリニック", "機関区分": 2, "都道府県コード": 41, "市区町村コード": 201, "所在地": "佐賀県佐賀市開成５丁目９‐２７", "緯度": 33.264826, "経度": 130.273707, "url": "https://www.iryou.teikyouseido.mhlw.go.jp/znk-web/juminkanja/S2430/initialize?prefCd=41&kikanCd=2415927040&kikanKbn=2", "url2": "http://www.asanoha-kids.com", "内容": "あさのはこどもクリニック【2:診療所】【診療科目:小児科】佐賀県佐賀市開成５丁目９‐２７" }, "geometry": { "type": "Point", "coordinates": [ 130.273707, 33.264826 ] } },
{ "type": "Feature", "properties": { "ID": 4122415927170, "正式名称": "なかしまクリニック", "機関区分": 2, "都道府県コード": 41, "市区町村コード": 201, "所在地": "佐賀県佐賀市白山２丁目５ー１７", "緯度": 33.255229, "経度": 130.301085, "url": "https://www.iryou.teikyouseido.mhlw.go.jp/znk-web/juminkanja/S2430/initialize?prefCd=41&kikanCd=2415927170&kikanKbn=2", "url2": "https://www.nakashima-cl.jp", "内容": "なかしまクリニック【2:診療所】【診療科目:内科_胃腸内科_外科_乳腺外科】佐賀県佐賀市白山２丁目５ー１７" }, "geometry": { "type": "Point", "coordinates": [ 130.301085, 33.255229 ] } },
{ "type": "Feature", "properties": { "ID": 4122415927330, "正式名称": "医療法人　鶴田内科", "機関区分": 2, "都道府県コード": 41, "市区町村コード": 201, "所在地": "佐賀県佐賀市高木瀬東５丁目２番７号", "緯度": 33.280296, "経度": 130.296513, "url": "https://www.iryou.teikyouseido.mhlw.go.jp/znk-web/juminkanja/S2430/initialize?prefCd=41&kikanCd=2415927330&kikanKbn=2", "url2": null, "内容": "医療法人　鶴田内科【2:診療所】【診療科目:内科_呼吸器内科_循環器内科_消化器内科_胃腸内科】佐賀県佐賀市高木瀬東５丁目２番７号" }, "geometry": { "type": "Point", "coordinates": [ 130.296513, 33.280296 ] } },
{ "type": "Feature", "properties": { "ID": 4122415927460, "正式名称": "医療法人ひさとみ内科クリニック", "機関区分": 2, "都道府県コード": 41, "市区町村コード": 201, "所在地": "佐賀県佐賀市大和町尼寺３２８４－１", "緯度": 33.30245, "経度": 130.276934, "url": "https://www.iryou.teikyouseido.mhlw.go.jp/znk-web/juminkanja/S2430/initialize?prefCd=41&kikanCd=2415927460&kikanKbn=2", "url2": null, "内容": "医療法人ひさとみ内科クリニック【2:診療所】【診療科目:内科_糖尿病内科_糖尿病・内分泌内科】佐賀県佐賀市大和町尼寺３２８４－１" }, "geometry": { "type": "Point", "coordinates": [ 130.276934, 33.30245 ] } },
{ "type": "Feature", "properties": { "ID": 4122415927590, "正式名称": "のだ整形外科クリニック", "機関区分": 2, "都道府県コード": 41, "市区町村コード": 201, "所在地": "佐賀県佐賀市久保田町徳万２８２", "緯度": 33.247381, "経度": 130.299491, "url": "https://www.iryou.teikyouseido.mhlw.go.jp/znk-web/juminkanja/S2430/initialize?prefCd=41&kikanCd=2415927590&kikanKbn=2", "url2": "https://noda-seikei-saga.com/", "内容": "のだ整形外科クリニック【2:診療所】【診療科目:整形外科_リハビリテーション科】佐賀県佐賀市久保田町徳万２８２" }, "geometry": { "type": "Point", "coordinates": [ 130.299491, 33.247381 ] } },
{ "type": "Feature", "properties": { "ID": 4122415927620, "正式名称": "ＴＣＢ　東京中央美容外科・ＴＣＢ　スキンクリニック　佐賀院", "機関区分": 2, "都道府県コード": 41, "市区町村コード": 201, "所在地": "佐賀県佐賀市駅前中央一丁目４番１７号　コムボックス佐賀駅前２階", "緯度": 33.2637617, "経度": 130.2983606, "url": "https://www.iryou.teikyouseido.mhlw.go.jp/znk-web/juminkanja/S2430/initialize?prefCd=41&kikanCd=2415927620&kikanKbn=2", "url2": "https://aoki-tsuyoshi.com/", "内容": "ＴＣＢ　東京中央美容外科・ＴＣＢ　スキンクリニック　佐賀院【2:診療所】【診療科目:形成外科_美容外科_皮膚科_美容皮膚科】佐賀県佐賀市駅前中央一丁目４番１７号　コムボックス佐賀駅前２階" }, "geometry": { "type": "Point", "coordinates": [ 130.2983606, 33.2637617 ] } },
{ "type": "Feature", "properties": { "ID": 4122415927750, "正式名称": "ライフスタイル医科学研究所クリニック", "機関区分": 2, "都道府県コード": 41, "市区町村コード": 201, "所在地": "佐賀県佐賀市駅前中央２丁目２ー１０　アビタシオン神野８０１", "緯度": 33.265233, "経度": 130.298233, "url": "https://www.iryou.teikyouseido.mhlw.go.jp/znk-web/juminkanja/S2430/initialize?prefCd=41&kikanCd=2415927750&kikanKbn=2", "url2": "http://ilms-saga.jp/wp/", "内容": "ライフスタイル医科学研究所クリニック【2:診療所】【診療科目:内科_心療内科】佐賀県佐賀市駅前中央２丁目２ー１０　アビタシオン神野８０１" }, "geometry": { "type": "Point", "coordinates": [ 130.298233, 33.265233 ] } },
{ "type": "Feature", "properties": { "ID": 4122415927880, "正式名称": "ひまわりクリニック", "機関区分": 2, "都道府県コード": 41, "市区町村コード": 208, "所在地": "佐賀県小城市三日月町堀江３０５番地", "緯度": 33.265152, "経度": 130.231047, "url": "https://www.iryou.teikyouseido.mhlw.go.jp/znk-web/juminkanja/S2430/initialize?prefCd=41&kikanCd=2415927880&kikanKbn=2", "url2": "https://himawari-cl.jp/", "内容": "ひまわりクリニック【2:診療所】【診療科目:精神科_心療内科】佐賀県小城市三日月町堀江３０５番地" }, "geometry": { "type": "Point", "coordinates": [ 130.231047, 33.265152 ] } },
{ "type": "Feature", "properties": { "ID": 4122415928050, "正式名称": "はーと・なう心療クリニック", "機関区分": 2, "都道府県コード": 41, "市区町村コード": 201, "所在地": "佐賀県佐賀市神園２丁目６－３", "緯度": 33.264189, "経度": 130.286911, "url": "https://www.iryou.teikyouseido.mhlw.go.jp/znk-web/juminkanja/S2430/initialize?prefCd=41&kikanCd=2415928050&kikanKbn=2", "url2": null, "内容": "はーと・なう心療クリニック【2:診療所】【診療科目:心療内科】佐賀県佐賀市神園２丁目６－３" }, "geometry": { "type": "Point", "coordinates": [ 130.286911, 33.264189 ] } },
{ "type": "Feature", "properties": { "ID": 4122415928180, "正式名称": "ファミリィ　アイ　クリニック", "機関区分": 2, "都道府県コード": 41, "市区町村コード": 201, "所在地": "佐賀県佐賀市若宮一丁目１９番２６号", "緯度": 33.270407, "経度": 130.290881, "url": "https://www.iryou.teikyouseido.mhlw.go.jp/znk-web/juminkanja/S2430/initialize?prefCd=41&kikanCd=2415928180&kikanKbn=2", "url2": "https://www.katou-eye.com", "内容": "ファミリィ　アイ　クリニック【2:診療所】【診療科目:眼科】佐賀県佐賀市若宮一丁目１９番２６号" }, "geometry": { "type": "Point", "coordinates": [ 130.290881, 33.270407 ] } },
{ "type": "Feature", "properties": { "ID": 4122415928210, "正式名称": "さくらもみじクリニック", "機関区分": 2, "都道府県コード": 41, "市区町村コード": 201, "所在地": "佐賀県佐賀市大和町尼寺３４９９－１", "緯度": 33.302941, "経度": 130.282602, "url": "https://www.iryou.teikyouseido.mhlw.go.jp/znk-web/juminkanja/S2430/initialize?prefCd=41&kikanCd=2415928210&kikanKbn=2", "url2": "https://sakuramomiji.clinic/", "内容": "さくらもみじクリニック【2:診療所】【診療科目:内科_循環器内科_心臓血管外科】佐賀県佐賀市大和町尼寺３４９９－１" }, "geometry": { "type": "Point", "coordinates": [ 130.282602, 33.302941 ] } },
{ "type": "Feature", "properties": { "ID": 4122415928470, "正式名称": "清和医院", "機関区分": 2, "都道府県コード": 41, "市区町村コード": 201, "所在地": "佐賀県佐賀市大和町久池井２５５２－１", "緯度": 33.31643, "経度": 130.277605, "url": "https://www.iryou.teikyouseido.mhlw.go.jp/znk-web/juminkanja/S2430/initialize?prefCd=41&kikanCd=2415928470&kikanKbn=2", "url2": null, "内容": "清和医院【2:診療所】【診療科目:内科_消化器内科】佐賀県佐賀市大和町久池井２５５２－１" }, "geometry": { "type": "Point", "coordinates": [ 130.277605, 33.31643 ] } },
{ "type": "Feature", "properties": { "ID": 4122415928920, "正式名称": "しらきクリニック", "機関区分": 2, "都道府県コード": 41, "市区町村コード": 201, "所在地": "佐賀県佐賀市本庄町本庄５４１ー１３", "緯度": 33.243989, "経度": 130.286823, "url": "https://www.iryou.teikyouseido.mhlw.go.jp/znk-web/juminkanja/S2430/initialize?prefCd=41&kikanCd=2415928920&kikanKbn=2", "url2": "https://shirakiclinic.com/", "内容": "しらきクリニック【2:診療所】【診療科目:内科_循環器内科】佐賀県佐賀市本庄町本庄５４１ー１３" }, "geometry": { "type": "Point", "coordinates": [ 130.286823, 33.243989 ] } },
{ "type": "Feature", "properties": { "ID": 4122415929190, "正式名称": "ほり内科外科クリニック", "機関区分": 2, "都道府県コード": 41, "市区町村コード": 201, "所在地": "佐賀県佐賀市神野西１丁目５－１０", "緯度": 33.263339, "経度": 130.289119, "url": "https://www.iryou.teikyouseido.mhlw.go.jp/znk-web/juminkanja/S2430/initialize?prefCd=41&kikanCd=2415929190&kikanKbn=2", "url2": "http://hori-clinic.net", "内容": "ほり内科外科クリニック【2:診療所】【診療科目:内科_外科】佐賀県佐賀市神野西１丁目５－１０" }, "geometry": { "type": "Point", "coordinates": [ 130.289119, 33.263339 ] } },
{ "type": "Feature", "properties": { "ID": 4122415929510, "正式名称": "沖田眼科医院", "機関区分": 2, "都道府県コード": 41, "市区町村コード": 201, "所在地": "佐賀県佐賀市高木瀬町長瀬１１５２－９", "緯度": 33.293064, "経度": 130.285894, "url": "https://www.iryou.teikyouseido.mhlw.go.jp/znk-web/juminkanja/S2430/initialize?prefCd=41&kikanCd=2415929510&kikanKbn=2", "url2": "https://okita-eyeclinic.com/", "内容": "沖田眼科医院【2:診療所】【診療科目:眼科】佐賀県佐賀市高木瀬町長瀬１１５２－９" }, "geometry": { "type": "Point", "coordinates": [ 130.285894, 33.293064 ] } },
{ "type": "Feature", "properties": { "ID": 4122415929640, "正式名称": "真心クリニック佐賀", "機関区分": 2, "都道府県コード": 41, "市区町村コード": 327, "所在地": "佐賀県神埼郡吉野ヶ里町吉田１７４２－２", "緯度": 33.331158, "経度": 130.401167, "url": "https://www.iryou.teikyouseido.mhlw.go.jp/znk-web/juminkanja/S2430/initialize?prefCd=41&kikanCd=2415929640&kikanKbn=2", "url2": "https://magocoro-cl.com/", "内容": "真心クリニック佐賀【2:診療所】【診療科目:精神科_心療内科】佐賀県神埼郡吉野ヶ里町吉田１７４２－２" }, "geometry": { "type": "Point", "coordinates": [ 130.401167, 33.331158 ] } },
{ "type": "Feature", "properties": { "ID": 4122415930200, "正式名称": "佐大通り心療クリニック", "機関区分": 2, "都道府県コード": 41, "市区町村コード": 201, "所在地": "佐賀県佐賀市本庄町本庄１１６７ＳーＦＯＲＴ佐賀本庄１階", "緯度": 33.242281, "経度": 130.291628, "url": "https://www.iryou.teikyouseido.mhlw.go.jp/znk-web/juminkanja/S2430/initialize?prefCd=41&kikanCd=2415930200&kikanKbn=2", "url2": null, "内容": "佐大通り心療クリニック【2:診療所】【診療科目:精神科_心療内科】佐賀県佐賀市本庄町本庄１１６７ＳーＦＯＲＴ佐賀本庄１階" }, "geometry": { "type": "Point", "coordinates": [ 130.291628, 33.242281 ] } },
{ "type": "Feature", "properties": { "ID": 4122415930330, "正式名称": "陣内クリニック", "機関区分": 2, "都道府県コード": 41, "市区町村コード": 201, "所在地": "佐賀県佐賀市神野西四丁目１０番１５号", "緯度": 33.269908, "経度": 130.287781, "url": "https://www.iryou.teikyouseido.mhlw.go.jp/znk-web/juminkanja/S2430/initialize?prefCd=41&kikanCd=2415930330&kikanKbn=2", "url2": "https://jinnouchi-clinic.hp.peraichi.com", "内容": "陣内クリニック【2:診療所】【診療科目:内科_呼吸器内科_循環器内科_消化器内科_小児科_リウマチ科】佐賀県佐賀市神野西四丁目１０番１５号" }, "geometry": { "type": "Point", "coordinates": [ 130.287781, 33.269908 ] } },
{ "type": "Feature", "properties": { "ID": 4122415930460, "正式名称": "あさりメンタルクリニック", "機関区分": 2, "都道府県コード": 41, "市区町村コード": 201, "所在地": "佐賀県佐賀市水ヶ江１－２－１５", "緯度": 33.249945, "経度": 130.304392, "url": "https://www.iryou.teikyouseido.mhlw.go.jp/znk-web/juminkanja/S2430/initialize?prefCd=41&kikanCd=2415930460&kikanKbn=2", "url2": null, "内容": "あさりメンタルクリニック【2:診療所】【診療科目:精神科】佐賀県佐賀市水ヶ江１－２－１５" }, "geometry": { "type": "Point", "coordinates": [ 130.304392, 33.249945 ] } },
{ "type": "Feature", "properties": { "ID": 4122416000100, "正式名称": "西岡内科クリニック", "機関区分": 2, "都道府県コード": 41, "市区町村コード": 207, "所在地": "佐賀県鹿島市高津原３７７７ー１", "緯度": 33.111173, "経度": 130.09248, "url": "https://www.iryou.teikyouseido.mhlw.go.jp/znk-web/juminkanja/S2430/initialize?prefCd=41&kikanCd=2416000100&kikanKbn=2", "url2": "nishioka-naika.com", "内容": "西岡内科クリニック【2:診療所】【診療科目:内科】佐賀県鹿島市高津原３７７７ー１" }, "geometry": { "type": "Point", "coordinates": [ 130.09248, 33.111173 ] } },
{ "type": "Feature", "properties": { "ID": 4122416000490, "正式名称": "竜門堂医院", "機関区分": 2, "都道府県コード": 41, "市区町村コード": 206, "所在地": "佐賀県武雄市山内町大野６６０２番地１", "緯度": 33.21077, "経度": 129.938241, "url": "https://www.iryou.teikyouseido.mhlw.go.jp/znk-web/juminkanja/S2430/initialize?prefCd=41&kikanCd=2416000490&kikanKbn=2", "url2": "http://www.ryumondo.or.jp/", "内容": "竜門堂医院【2:診療所】【診療科目:内科】佐賀県武雄市山内町大野６６０２番地１" }, "geometry": { "type": "Point", "coordinates": [ 129.938241, 33.21077 ] } },
{ "type": "Feature", "properties": { "ID": 4122416000650, "正式名称": "中村医院", "機関区分": 2, "都道府県コード": 41, "市区町村コード": 207, "所在地": "佐賀県鹿島市古枝甲８３７番地２", "緯度": 33.08987, "経度": 130.103952, "url": "https://www.iryou.teikyouseido.mhlw.go.jp/znk-web/juminkanja/S2430/initialize?prefCd=41&kikanCd=2416000650&kikanKbn=2", "url2": null, "内容": "中村医院【2:診療所】【診療科目:消化器内科_外科】佐賀県鹿島市古枝甲８３７番地２" }, "geometry": { "type": "Point", "coordinates": [ 130.103952, 33.08987 ] } },
{ "type": "Feature", "properties": { "ID": 4122416001370, "正式名称": "太田小児科内科医院", "機関区分": 2, "都道府県コード": 41, "市区町村コード": 206, "所在地": "佐賀県武雄市武雄町武雄７３２３ー１", "緯度": 33.195384, "経度": 130.016179, "url": "https://www.iryou.teikyouseido.mhlw.go.jp/znk-web/juminkanja/S2430/initialize?prefCd=41&kikanCd=2416001370&kikanKbn=2", "url2": "https://oo-show2.com/", "内容": "太田小児科内科医院【2:診療所】【診療科目:内科_小児科】佐賀県武雄市武雄町武雄７３２３ー１" }, "geometry": { "type": "Point", "coordinates": [ 130.016179, 33.195384 ] } },
{ "type": "Feature", "properties": { "ID": 4122416001400, "正式名称": "うれしのふくだクリニック", "機関区分": 2, "都道府県コード": 41, "市区町村コード": 209, "所在地": "佐賀県嬉野市嬉野町下宿４７１５－５", "緯度": 33.1032, "経度": 129.995155, "url": "https://www.iryou.teikyouseido.mhlw.go.jp/znk-web/juminkanja/S2430/initialize?prefCd=41&kikanCd=2416001400&kikanKbn=2", "url2": "http://www.ureshinofukuda.qcweb.jp", "内容": "うれしのふくだクリニック【2:診療所】【診療科目:呼吸器内科_胃腸内科_外科_脳神経外科_整形外科_形成外科_リハビリテーション科_放射線科】佐賀県嬉野市嬉野町下宿４７１５－５" }, "geometry": { "type": "Point", "coordinates": [ 129.995155, 33.1032 ] } },
{ "type": "Feature", "properties": { "ID": 4122416001530, "正式名称": "有島クリニック", "機関区分": 2, "都道府県コード": 41, "市区町村コード": 425, "所在地": "佐賀県杵島郡白石町牛屋３２７５", "緯度": 33.150836, "経度": 130.137864, "url": "https://www.iryou.teikyouseido.mhlw.go.jp/znk-web/juminkanja/S2430/initialize?prefCd=41&kikanCd=2416001530&kikanKbn=2", "url2": null, "内容": "有島クリニック【2:診療所】【診療科目:内科_呼吸器内科_外科_肛門外科】佐賀県杵島郡白石町牛屋３２７５" }, "geometry": { "type": "Point", "coordinates": [ 130.137864, 33.150836 ] } },
{ "type": "Feature", "properties": { "ID": 4122416001950, "正式名称": "まつお内科眼科", "機関区分": 2, "都道府県コード": 41, "市区町村コード": 206, "所在地": "佐賀県武雄市朝日町甘久２６９９", "緯度": 33.213022, "経度": 130.041593, "url": "https://www.iryou.teikyouseido.mhlw.go.jp/znk-web/juminkanja/S2430/initialize?prefCd=41&kikanCd=2416001950&kikanKbn=2", "url2": null, "内容": "まつお内科眼科【2:診療所】【診療科目:内科_消化器内科_胃腸内科_眼科】佐賀県武雄市朝日町甘久２６９９" }, "geometry": { "type": "Point", "coordinates": [ 130.041593, 33.213022 ] } },
{ "type": "Feature", "properties": { "ID": 4122416002120, "正式名称": "医療法人篠田整形外科", "機関区分": 2, "都道府県コード": 41, "市区町村コード": 206, "所在地": "佐賀県武雄市朝日町甘久２０６番地３", "緯度": 33.208494, "経度": 130.038399, "url": "https://www.iryou.teikyouseido.mhlw.go.jp/znk-web/juminkanja/S2430/initialize?prefCd=41&kikanCd=2416002120&kikanKbn=2", "url2": "http://shinoda-seikei.com/", "内容": "医療法人篠田整形外科【2:診療所】【診療科目:整形外科_リウマチ科_リハビリテーション科】佐賀県武雄市朝日町甘久２０６番地３" }, "geometry": { "type": "Point", "coordinates": [ 130.038399, 33.208494 ] } },
{ "type": "Feature", "properties": { "ID": 4122416002250, "正式名称": "医療法人清哲会　藤瀬医院", "機関区分": 2, "都道府県コード": 41, "市区町村コード": 206, "所在地": "佐賀県武雄市山内町大字鳥海９７７７ー２", "緯度": 33.194856, "経度": 129.962739, "url": "https://www.iryou.teikyouseido.mhlw.go.jp/znk-web/juminkanja/S2430/initialize?prefCd=41&kikanCd=2416002250&kikanKbn=2", "url2": "https://www.facebook.com/fujiseiin", "内容": "医療法人清哲会　藤瀬医院【2:診療所】【診療科目:内科_消化器内科_外科_リハビリテーション科_放射線科】佐賀県武雄市山内町大字鳥海９７７７ー２" }, "geometry": { "type": "Point", "coordinates": [ 129.962739, 33.194856 ] } },
{ "type": "Feature", "properties": { "ID": 4122416002410, "正式名称": "鈴木内科クリニック", "機関区分": 2, "都道府県コード": 41, "市区町村コード": 207, "所在地": "佐賀県鹿島市山浦甲３５８－１", "緯度": 33.090148, "経度": 130.096758, "url": "https://www.iryou.teikyouseido.mhlw.go.jp/znk-web/juminkanja/S2430/initialize?prefCd=41&kikanCd=2416002410&kikanKbn=2", "url2": null, "内容": "鈴木内科クリニック【2:診療所】【診療科目:内科_呼吸器内科】佐賀県鹿島市山浦甲３５８－１" }, "geometry": { "type": "Point", "coordinates": [ 130.096758, 33.090148 ] } },
{ "type": "Feature", "properties": { "ID": 4122416002540, "正式名称": "副島整形外科クリニック", "機関区分": 2, "都道府県コード": 41, "市区町村コード": 206, "所在地": "佐賀県武雄市武雄町富岡７７２４番地１", "緯度": 33.19669, "経度": 130.018945, "url": "https://www.iryou.teikyouseido.mhlw.go.jp/znk-web/juminkanja/S2430/initialize?prefCd=41&kikanCd=2416002540&kikanKbn=2", "url2": "https://soejimaseikei.or.jp/", "内容": "副島整形外科クリニック【2:診療所】【診療科目:整形外科_形成外科_リハビリテーション科】佐賀県武雄市武雄町富岡７７２４番地１" }, "geometry": { "type": "Point", "coordinates": [ 130.018945, 33.19669 ] } },
{ "type": "Feature", "properties": { "ID": 4122416002670, "正式名称": "谷口医院", "機関区分": 2, "都道府県コード": 41, "市区町村コード": 209, "所在地": "佐賀県嬉野市塩田町谷所甲２６３７ー１", "緯度": 33.10034, "経度": 130.064399, "url": "https://www.iryou.teikyouseido.mhlw.go.jp/znk-web/juminkanja/S2430/initialize?prefCd=41&kikanCd=2416002670&kikanKbn=2", "url2": null, "内容": "谷口医院【2:診療所】【診療科目:内科_胃腸内科_小児科】佐賀県嬉野市塩田町谷所甲２６３７ー１" }, "geometry": { "type": "Point", "coordinates": [ 130.064399, 33.10034 ] } },
{ "type": "Feature", "properties": { "ID": 4122416002830, "正式名称": "医療法人薫風会前田歯科医院", "機関区分": 2, "都道府県コード": 41, "市区町村コード": 209, "所在地": "佐賀県嬉野市嬉野町下宿甲４２７１－２", "緯度": 33.104172, "経度": 129.991128, "url": "https://www.iryou.teikyouseido.mhlw.go.jp/znk-web/juminkanja/S2430/initialize?prefCd=41&kikanCd=2416002830&kikanKbn=2", "url2": null, "内容": "医療法人薫風会前田歯科医院【2:診療所】【診療科目:歯科_矯正歯科_歯科口腔外科_小児歯科】佐賀県嬉野市嬉野町下宿甲４２７１－２" }, "geometry": { "type": "Point", "coordinates": [ 129.991128, 33.104172 ] } },
{ "type": "Feature", "properties": { "ID": 4122416003130, "正式名称": "医療法人こんどう耳鼻咽喉科医院", "機関区分": 2, "都道府県コード": 41, "市区町村コード": 209, "所在地": "佐賀県嬉野市嬉野町下宿甲３０８２ー７０", "緯度": 33.103036, "経度": 129.983261, "url": "https://www.iryou.teikyouseido.mhlw.go.jp/znk-web/juminkanja/S2430/initialize?prefCd=41&kikanCd=2416003130&kikanKbn=2", "url2": null, "内容": "医療法人こんどう耳鼻咽喉科医院【2:診療所】【診療科目:耳鼻いんこう科】佐賀県嬉野市嬉野町下宿甲３０８２ー７０" }, "geometry": { "type": "Point", "coordinates": [ 129.983261, 33.103036 ] } },
{ "type": "Feature", "properties": { "ID": 4122416003260, "正式名称": "谷口眼科婦人科", "機関区分": 2, "都道府県コード": 41, "市区町村コード": 206, "所在地": "佐賀県武雄市武雄町武雄３８５－２", "緯度": 33.185635, "経度": 129.998736, "url": "https://www.iryou.teikyouseido.mhlw.go.jp/znk-web/juminkanja/S2430/initialize?prefCd=41&kikanCd=2416003260&kikanKbn=2", "url2": "https://eiseikai-mc.com", "内容": "谷口眼科婦人科【2:診療所】【診療科目:婦人科_眼科】佐賀県武雄市武雄町武雄３８５－２" }, "geometry": { "type": "Point", "coordinates": [ 129.998736, 33.185635 ] } },
{ "type": "Feature", "properties": { "ID": 4122416003390, "正式名称": "みふねやまクリニック", "機関区分": 2, "都道府県コード": 41, "市区町村コード": 206, "所在地": "佐賀県武雄市武雄町大字永島１５３６１ー１", "緯度": 33.18683, "経度": 130.03465, "url": "https://www.iryou.teikyouseido.mhlw.go.jp/znk-web/juminkanja/S2430/initialize?prefCd=41&kikanCd=2416003390&kikanKbn=2", "url2": "https://mifuneyama-clinic.com/", "内容": "みふねやまクリニック【2:診療所】【診療科目:内科_糖尿病内科_消化器内科_皮膚科_美容皮膚科】佐賀県武雄市武雄町大字永島１５３６１ー１" }, "geometry": { "type": "Point", "coordinates": [ 130.03465, 33.18683 ] } },
{ "type": "Feature", "properties": { "ID": 4122416003550, "正式名称": "医療法人まつもと内科　胃腸科クリニック", "機関区分": 2, "都道府県コード": 41, "市区町村コード": 206, "所在地": "佐賀県武雄市北方町大崎１３１８ー１", "緯度": 33.221232, "経度": 130.052215, "url": "https://www.iryou.teikyouseido.mhlw.go.jp/znk-web/juminkanja/S2430/initialize?prefCd=41&kikanCd=2416003550&kikanKbn=2", "url2": "http://matsumoto-clinic.net", "内容": "医療法人まつもと内科　胃腸科クリニック【2:診療所】【診療科目:内科_消化器内科_胃腸内科】佐賀県武雄市北方町大崎１３１８ー１" }, "geometry": { "type": "Point", "coordinates": [ 130.052215, 33.221232 ] } },
{ "type": "Feature", "properties": { "ID": 4122416003710, "正式名称": "医療法人　わしざき耳鼻咽喉科", "機関区分": 2, "都道府県コード": 41, "市区町村コード": 207, "所在地": "佐賀県鹿島市大字納富分字藤津甲４１ー１", "緯度": 33.098036, "経度": 130.103007, "url": "https://www.iryou.teikyouseido.mhlw.go.jp/znk-web/juminkanja/S2430/initialize?prefCd=41&kikanCd=2416003710&kikanKbn=2", "url2": "http://www.washizakijibika.jp/sp/index.html", "内容": "医療法人　わしざき耳鼻咽喉科【2:診療所】【診療科目:耳鼻いんこう科】佐賀県鹿島市大字納富分字藤津甲４１ー１" }, "geometry": { "type": "Point", "coordinates": [ 130.103007, 33.098036 ] } },
{ "type": "Feature", "properties": { "ID": 4122416003970, "正式名称": "医療法人青葉会　中川内医院", "機関区分": 2, "都道府県コード": 41, "市区町村コード": 206, "所在地": "佐賀県武雄市武内町真手野２８１８０ー１", "緯度": 33.233518, "経度": 129.973876, "url": "https://www.iryou.teikyouseido.mhlw.go.jp/znk-web/juminkanja/S2430/initialize?prefCd=41&kikanCd=2416003970&kikanKbn=2", "url2": "http://aobakai-nakagawachi.jp/", "内容": "医療法人青葉会　中川内医院【2:診療所】【診療科目:内科_外科_消化器外科_肛門外科】佐賀県武雄市武内町真手野２８１８０ー１" }, "geometry": { "type": "Point", "coordinates": [ 129.973876, 33.233518 ] } },
{ "type": "Feature", "properties": { "ID": 4122416004010, "正式名称": "医療法人　栄江会　たなか耳鼻咽喉科クリニック", "機関区分": 2, "都道府県コード": 41, "市区町村コード": 424, "所在地": "佐賀県杵島郡江北町山口１２０４番地１", "緯度": 33.214565, "経度": 130.16073, "url": "https://www.iryou.teikyouseido.mhlw.go.jp/znk-web/juminkanja/S2430/initialize?prefCd=41&kikanCd=2416004010&kikanKbn=2", "url2": null, "内容": "医療法人　栄江会　たなか耳鼻咽喉科クリニック【2:診療所】【診療科目:気管食道内科_漢方内科_頭頸部外科_耳鼻いんこう科_アレルギー科】佐賀県杵島郡江北町山口１２０４番地１" }, "geometry": { "type": "Point", "coordinates": [ 130.16073, 33.214565 ] } },
{ "type": "Feature", "properties": { "ID": 4122416004140, "正式名称": "医療法人　ファースト　くさの耳鼻咽喉科・小児科", "機関区分": 2, "都道府県コード": 41, "市区町村コード": 206, "所在地": "佐賀県武雄市朝日町甘久１２８７番地", "緯度": 33.205495, "経度": 130.035871, "url": "https://www.iryou.teikyouseido.mhlw.go.jp/znk-web/juminkanja/S2430/initialize?prefCd=41&kikanCd=2416004140&kikanKbn=2", "url2": "http://www.kusano-jibika.com", "内容": "医療法人　ファースト　くさの耳鼻咽喉科・小児科【2:診療所】【診療科目:小児科_小児耳鼻いんこう科_耳鼻いんこう科_アレルギー科】佐賀県武雄市朝日町甘久１２８７番地" }, "geometry": { "type": "Point", "coordinates": [ 130.035871, 33.205495 ] } },
{ "type": "Feature", "properties": { "ID": 4122416004560, "正式名称": "鹿島時間外こどもクリニック", "機関区分": 2, "都道府県コード": 41, "市区町村コード": 207, "所在地": "佐賀県鹿島市高津原８１３番地", "緯度": 33.108127, "経度": 130.092239, "url": "https://www.iryou.teikyouseido.mhlw.go.jp/znk-web/juminkanja/S2430/initialize?prefCd=41&kikanCd=2416004560&kikanKbn=2", "url2": "http://www.kf-med.or.jp", "内容": "鹿島時間外こどもクリニック【2:診療所】【診療科目:小児科】佐賀県鹿島市高津原８１３番地" }, "geometry": { "type": "Point", "coordinates": [ 130.092239, 33.108127 ] } },
{ "type": "Feature", "properties": { "ID": 4122416004690, "正式名称": "医療法人松永メンタルクリニック", "機関区分": 2, "都道府県コード": 41, "市区町村コード": 206, "所在地": "佐賀県武雄市武雄町昭和２１０", "緯度": 33.194052, "経度": 130.026369, "url": "https://www.iryou.teikyouseido.mhlw.go.jp/znk-web/juminkanja/S2430/initialize?prefCd=41&kikanCd=2416004690&kikanKbn=2", "url2": "http://www.matsunagamental.com/", "内容": "医療法人松永メンタルクリニック【2:診療所】【診療科目:精神科_心療内科】佐賀県武雄市武雄町昭和２１０" }, "geometry": { "type": "Point", "coordinates": [ 130.026369, 33.194052 ] } },
{ "type": "Feature", "properties": { "ID": 4122416004850, "正式名称": "なかおたかこクリニック", "機関区分": 2, "都道府県コード": 41, "市区町村コード": 206, "所在地": "佐賀県武雄市武雄町昭和２２６番地１", "緯度": 33.19388, "経度": 130.026734, "url": "https://www.iryou.teikyouseido.mhlw.go.jp/znk-web/juminkanja/S2430/initialize?prefCd=41&kikanCd=2416004850&kikanKbn=2", "url2": "http://nakaouro.jp/", "内容": "なかおたかこクリニック【2:診療所】【診療科目:泌尿器科】佐賀県武雄市武雄町昭和２２６番地１" }, "geometry": { "type": "Point", "coordinates": [ 130.026734, 33.19388 ] } },
{ "type": "Feature", "properties": { "ID": 4122416005020, "正式名称": "医療法人東雲会　小野医院", "機関区分": 2, "都道府県コード": 41, "市区町村コード": 206, "所在地": "佐賀県武雄市東川登町永野５７５２番地２", "緯度": 33.159182, "経度": 129.998388, "url": "https://www.iryou.teikyouseido.mhlw.go.jp/znk-web/juminkanja/S2430/initialize?prefCd=41&kikanCd=2416005020&kikanKbn=2", "url2": "https://www.onocli.com", "内容": "医療法人東雲会　小野医院【2:診療所】【診療科目:内科_小児科】佐賀県武雄市東川登町永野５７５２番地２" }, "geometry": { "type": "Point", "coordinates": [ 129.998388, 33.159182 ] } },
{ "type": "Feature", "properties": { "ID": 4122416005150, "正式名称": "社会医療法人　祐愛会　ようこクリニック", "機関区分": 2, "都道府県コード": 41, "市区町村コード": 207, "所在地": "佐賀県鹿島市高津原４３２１番地７", "緯度": 33.111188, "経度": 130.095431, "url": "https://www.iryou.teikyouseido.mhlw.go.jp/znk-web/juminkanja/S2430/initialize?prefCd=41&kikanCd=2416005150&kikanKbn=2", "url2": "http://www.yuai-hc.jp", "内容": "社会医療法人　祐愛会　ようこクリニック【2:診療所】【診療科目:皮膚科】佐賀県鹿島市高津原４３２１番地７" }, "geometry": { "type": "Point", "coordinates": [ 130.095431, 33.111188 ] } },
{ "type": "Feature", "properties": { "ID": 4122416005310, "正式名称": "医療法人なごみといやし　なごみといやしのクリニック", "機関区分": 2, "都道府県コード": 41, "市区町村コード": 206, "所在地": "佐賀県武雄市武雄町富岡１２６２４ー５", "緯度": 33.197182, "経度": 130.033679, "url": "https://www.iryou.teikyouseido.mhlw.go.jp/znk-web/juminkanja/S2430/initialize?prefCd=41&kikanCd=2416005310&kikanKbn=2", "url2": "http://nagomitoiyashi.jp/", "内容": "医療法人なごみといやし　なごみといやしのクリニック【2:診療所】【診療科目:内科_糖尿病内科_循環器内科_整形外科_リハビリテーション科】佐賀県武雄市武雄町富岡１２６２４ー５" }, "geometry": { "type": "Point", "coordinates": [ 130.033679, 33.197182 ] } },
{ "type": "Feature", "properties": { "ID": 4122416005440, "正式名称": "篠田皮ふ科　形成外科", "機関区分": 2, "都道府県コード": 41, "市区町村コード": 206, "所在地": "佐賀県武雄市武雄町昭和１０６番地", "緯度": 33.19169, "経度": 130.0249, "url": "https://www.iryou.teikyouseido.mhlw.go.jp/znk-web/juminkanja/S2430/initialize?prefCd=41&kikanCd=2416005440&kikanKbn=2", "url2": "http://www.shinoda-hifuka.com", "内容": "篠田皮ふ科　形成外科【2:診療所】【診療科目:形成外科_皮膚科_美容皮膚科】佐賀県武雄市武雄町昭和１０６番地" }, "geometry": { "type": "Point", "coordinates": [ 130.0249, 33.19169 ] } },
{ "type": "Feature", "properties": { "ID": 4122416005600, "正式名称": "にった眼科医院", "機関区分": 2, "都道府県コード": 41, "市区町村コード": 209, "所在地": "佐賀県嬉野市嬉野町下宿乙１２０１ー１", "緯度": 33.101605, "経度": 129.984506, "url": "https://www.iryou.teikyouseido.mhlw.go.jp/znk-web/juminkanja/S2430/initialize?prefCd=41&kikanCd=2416005600&kikanKbn=2", "url2": "http://nittaeyeclinic911.com/", "内容": "にった眼科医院【2:診療所】【診療科目:眼科】佐賀県嬉野市嬉野町下宿乙１２０１ー１" }, "geometry": { "type": "Point", "coordinates": [ 129.984506, 33.101605 ] } },
{ "type": "Feature", "properties": { "ID": 4122416005860, "正式名称": "医療法人　淳幸会　なかふさ皮膚科クリニック", "機関区分": 2, "都道府県コード": 41, "市区町村コード": 425, "所在地": "佐賀県杵島郡白石町福吉１８３５ー１", "緯度": 33.186697, "経度": 130.147648, "url": "https://www.iryou.teikyouseido.mhlw.go.jp/znk-web/juminkanja/S2430/initialize?prefCd=41&kikanCd=2416005860&kikanKbn=2", "url2": null, "内容": "医療法人　淳幸会　なかふさ皮膚科クリニック【2:診療所】【診療科目:皮膚科】佐賀県杵島郡白石町福吉１８３５ー１" }, "geometry": { "type": "Point", "coordinates": [ 130.147648, 33.186697 ] } },
{ "type": "Feature", "properties": { "ID": 4122416005990, "正式名称": "医療法人　かわぞえクリニック", "機関区分": 2, "都道府県コード": 41, "市区町村コード": 425, "所在地": "佐賀県杵島郡白石町福吉１８３４ー１", "緯度": 33.186248, "経度": 130.147798, "url": "https://www.iryou.teikyouseido.mhlw.go.jp/znk-web/juminkanja/S2430/initialize?prefCd=41&kikanCd=2416005990&kikanKbn=2", "url2": null, "内容": "医療法人　かわぞえクリニック【2:診療所】【診療科目:内科_消化器内科_胃腸内科_肝臓内科】佐賀県杵島郡白石町福吉１８３４ー１" }, "geometry": { "type": "Point", "coordinates": [ 130.147798, 33.186248 ] } },
{ "type": "Feature", "properties": { "ID": 4122416006030, "正式名称": "医療法人　健耳会　　蒲地耳鼻咽喉科医院", "機関区分": 2, "都道府県コード": 41, "市区町村コード": 206, "所在地": "佐賀県武雄市武雄町昭和２７－３４", "緯度": 33.196143, "経度": 130.024708, "url": "https://www.iryou.teikyouseido.mhlw.go.jp/znk-web/juminkanja/S2430/initialize?prefCd=41&kikanCd=2416006030&kikanKbn=2", "url2": "http://kamachijibika.com/", "内容": "医療法人　健耳会　　蒲地耳鼻咽喉科医院【2:診療所】【診療科目:耳鼻いんこう科】佐賀県武雄市武雄町昭和２７－３４" }, "geometry": { "type": "Point", "coordinates": [ 130.024708, 33.196143 ] } },
{ "type": "Feature", "properties": { "ID": 4122416006290, "正式名称": "医療法人昭和会　高原内科クリニック", "機関区分": 2, "都道府県コード": 41, "市区町村コード": 206, "所在地": "佐賀県武雄市武雄町大字昭和１５８", "緯度": 33.191357, "経度": 130.026428, "url": "https://www.iryou.teikyouseido.mhlw.go.jp/znk-web/juminkanja/S2430/initialize?prefCd=41&kikanCd=2416006290&kikanKbn=2", "url2": null, "内容": "医療法人昭和会　高原内科クリニック【2:診療所】【診療科目:内科_腎臓内科_人工透析内科】佐賀県武雄市武雄町大字昭和１５８" }, "geometry": { "type": "Point", "coordinates": [ 130.026428, 33.191357 ] } },
{ "type": "Feature", "properties": { "ID": 4122416006610, "正式名称": "医療法人　社団栄寿会　古賀小児科内科医院", "機関区分": 2, "都道府県コード": 41, "市区町村コード": 424, "所在地": "佐賀県杵島郡江北町上小田２８０ー１", "緯度": 33.225966, "経度": 130.144639, "url": "https://www.iryou.teikyouseido.mhlw.go.jp/znk-web/juminkanja/S2430/initialize?prefCd=41&kikanCd=2416006610&kikanKbn=2", "url2": "https://eijyukai-saga.jp/", "内容": "医療法人　社団栄寿会　古賀小児科内科医院【2:診療所】【診療科目:内科_胃腸内科_小児科】佐賀県杵島郡江北町上小田２８０ー１" }, "geometry": { "type": "Point", "coordinates": [ 130.144639, 33.225966 ] } },
{ "type": "Feature", "properties": { "ID": 4122416006740, "正式名称": "なかがわちクリニック", "機関区分": 2, "都道府県コード": 41, "市区町村コード": 206, "所在地": "佐賀県武雄市武雄町永島１３２７３－１", "緯度": 33.19379, "経度": 130.031776, "url": "https://www.iryou.teikyouseido.mhlw.go.jp/znk-web/juminkanja/S2430/initialize?prefCd=41&kikanCd=2416006740&kikanKbn=2", "url2": "http://www.nakagawachi.or.jp", "内容": "なかがわちクリニック【2:診療所】【診療科目:内科_糖尿病内科】佐賀県武雄市武雄町永島１３２７３－１" }, "geometry": { "type": "Point", "coordinates": [ 130.031776, 33.19379 ] } },
{ "type": "Feature", "properties": { "ID": 4122416006900, "正式名称": "スマイル耳鼻咽喉科　歯科クリニック", "機関区分": 2, "都道府県コード": 41, "市区町村コード": 425, "所在地": "佐賀県杵島郡白石町福吉１８３５ー１", "緯度": 33.188126, "経度": 130.13753, "url": "https://www.iryou.teikyouseido.mhlw.go.jp/znk-web/juminkanja/S2430/initialize?prefCd=41&kikanCd=2416006900&kikanKbn=2", "url2": "https://smile-ent-dental.com", "内容": "スマイル耳鼻咽喉科　歯科クリニック【2:診療所】【診療科目:頭頸部・耳鼻いんこう科_歯科_歯科口腔外科_小児歯科_アレルギー科】佐賀県杵島郡白石町福吉１８３５ー１" }, "geometry": { "type": "Point", "coordinates": [ 130.13753, 33.188126 ] } },
{ "type": "Feature", "properties": { "ID": 4122416007170, "正式名称": "黒川整形外科クリニック", "機関区分": 2, "都道府県コード": 41, "市区町村コード": 209, "所在地": "佐賀県嬉野市嬉野町下宿乙２３６７－１１", "緯度": 33.247381, "経度": 130.299491, "url": "https://www.iryou.teikyouseido.mhlw.go.jp/znk-web/juminkanja/S2430/initialize?prefCd=41&kikanCd=2416007170&kikanKbn=2", "url2": "https://kurokawa-orth.jp", "内容": "黒川整形外科クリニック【2:診療所】【診療科目:整形外科_リハビリテーション科】佐賀県嬉野市嬉野町下宿乙２３６７－１１" }, "geometry": { "type": "Point", "coordinates": [ 130.299491, 33.247381 ] } },
{ "type": "Feature", "properties": { "ID": 4122416007880, "正式名称": "大隈レディースクリニック", "機関区分": 2, "都道府県コード": 41, "市区町村コード": 424, "所在地": "佐賀県杵島郡江北町山口１３６７－１", "緯度": 33.217667, "経度": 130.162791, "url": "https://www.iryou.teikyouseido.mhlw.go.jp/znk-web/juminkanja/S2430/initialize?prefCd=41&kikanCd=2416007880&kikanKbn=2", "url2": "http://www.ohkuma-lc.net/", "内容": "大隈レディースクリニック【2:診療所】【診療科目:産婦人科】佐賀県杵島郡江北町山口１３６７－１" }, "geometry": { "type": "Point", "coordinates": [ 130.162791, 33.217667 ] } },
{ "type": "Feature", "properties": { "ID": 4122416007910, "正式名称": "医療法人　アネモネ　三根眼科医院", "機関区分": 2, "都道府県コード": 41, "市区町村コード": 425, "所在地": "佐賀県杵島郡白石町福吉２０７８ー５", "緯度": 33.186888, "経度": 130.138733, "url": "https://www.iryou.teikyouseido.mhlw.go.jp/znk-web/juminkanja/S2430/initialize?prefCd=41&kikanCd=2416007910&kikanKbn=2", "url2": "http://mine-eyeclinic.com/", "内容": "医療法人　アネモネ　三根眼科医院【2:診療所】【診療科目:眼科】佐賀県杵島郡白石町福吉２０７８ー５" }, "geometry": { "type": "Point", "coordinates": [ 130.138733, 33.186888 ] } },
{ "type": "Feature", "properties": { "ID": 4122416008050, "正式名称": "しろいし脳神経外科", "機関区分": 2, "都道府県コード": 41, "市区町村コード": 425, "所在地": "佐賀県杵島郡白石町大字福吉１８４３番１", "緯度": 33.188743, "経度": 130.175141, "url": "https://www.iryou.teikyouseido.mhlw.go.jp/znk-web/juminkanja/S2430/initialize?prefCd=41&kikanCd=2416008050&kikanKbn=2", "url2": "https://www.shiroishi-clinic.com/inguiry/", "内容": "しろいし脳神経外科【2:診療所】【診療科目:脳神経内科_脳神経外科】佐賀県杵島郡白石町大字福吉１８４３番１" }, "geometry": { "type": "Point", "coordinates": [ 130.175141, 33.188743 ] } },
{ "type": "Feature", "properties": { "ID": 4122416008180, "正式名称": "医療法人楢崎内科", "機関区分": 2, "都道府県コード": 41, "市区町村コード": 206, "所在地": "佐賀県武雄市朝日町中野１０６２８－１", "緯度": 33.221468, "経度": 130.027739, "url": "https://www.iryou.teikyouseido.mhlw.go.jp/znk-web/juminkanja/S2430/initialize?prefCd=41&kikanCd=2416008180&kikanKbn=2", "url2": null, "内容": "医療法人楢崎内科【2:診療所】【診療科目:内科_呼吸器内科_循環器内科_禁煙外来】佐賀県武雄市朝日町中野１０６２８－１" }, "geometry": { "type": "Point", "coordinates": [ 130.027739, 33.221468 ] } },
{ "type": "Feature", "properties": { "ID": 4122416008500, "正式名称": "医療法人透現　ふじい整形外科", "機関区分": 2, "都道府県コード": 41, "市区町村コード": 425, "所在地": "佐賀県杵島郡白石町福吉１８２０番地１", "緯度": 33.185782, "経度": 130.150758, "url": "https://www.iryou.teikyouseido.mhlw.go.jp/znk-web/juminkanja/S2430/initialize?prefCd=41&kikanCd=2416008500&kikanKbn=2", "url2": "https://fujiiseikeigeka.jp", "内容": "医療法人透現　ふじい整形外科【2:診療所】【診療科目:整形外科】佐賀県杵島郡白石町福吉１８２０番地１" }, "geometry": { "type": "Point", "coordinates": [ 130.150758, 33.185782 ] } },
{ "type": "Feature", "properties": { "ID": 4122416008630, "正式名称": "武雄なないろ診療所", "機関区分": 2, "都道府県コード": 41, "市区町村コード": 206, "所在地": "佐賀県武雄市武雄町富岡１１０８３番地１複合型福祉施設　新武雄道の家", "緯度": 33.207416, "経度": 130.022544, "url": "https://www.iryou.teikyouseido.mhlw.go.jp/znk-web/juminkanja/S2430/initialize?prefCd=41&kikanCd=2416008630&kikanKbn=2", "url2": "https://www.akinokai.jp", "内容": "武雄なないろ診療所【2:診療所】【診療科目:内科_リハビリテーション科】佐賀県武雄市武雄町富岡１１０８３番地１複合型福祉施設　新武雄道の家" }, "geometry": { "type": "Point", "coordinates": [ 130.022544, 33.207416 ] } },
{ "type": "Feature", "properties": { "ID": 4122416008760, "正式名称": "わかば子どもクリニック", "機関区分": 2, "都道府県コード": 41, "市区町村コード": 206, "所在地": "佐賀県武雄市武雄町昭和２３−２０", "緯度": 33.194873, "経度": 130.025501, "url": "https://www.iryou.teikyouseido.mhlw.go.jp/znk-web/juminkanja/S2430/initialize?prefCd=41&kikanCd=2416008760&kikanKbn=2", "url2": null, "内容": "わかば子どもクリニック【2:診療所】【診療科目:小児科】佐賀県武雄市武雄町昭和２３−２０" }, "geometry": { "type": "Point", "coordinates": [ 130.025501, 33.194873 ] } }
]
}
